range (byte),stride (byte),niter,t (us)
16,16,100,12.032
16,16,8311,765.952
16,16,10850,999.936
16,16,65536,6025.98
32,16,65536,6025.98
48,16,65536,6025.98
64,16,65536,6025.98
80,16,65536,6025.98
96,16,65536,6025.98
112,16,65536,6026.24
128,16,65536,6025.98
144,16,65536,6025.98
160,16,65536,6025.98
176,16,65536,6025.98
192,16,65536,6025.98
208,16,65536,6026.24
224,16,65536,6025.98
240,16,65536,6025.98
256,16,65536,6026.5
272,16,65536,6027.01
288,16,65536,6027.01
304,16,65536,6027.01
320,16,65536,6027.01
336,16,65536,6027.01
352,16,65536,6027.01
368,16,65536,6027.01
384,16,65536,6027.01
400,16,65536,6027.01
416,16,65536,6027.01
432,16,65536,6027.01
448,16,65536,6027.01
464,16,65536,6027.01
480,16,65536,6027.01
496,16,65536,6027.01
512,16,65536,6027.01
528,16,65536,6027.01
544,16,65536,6027.01
560,16,65536,6027.01
576,16,65536,6027.01
592,16,65536,6027.01
608,16,65536,6027.01
624,16,65536,6027.01
640,16,65536,6027.01
656,16,65536,6027.01
672,16,65536,6027.01
688,16,65536,6027.01
704,16,65536,6027.01
720,16,65536,6027.01
736,16,65536,6027.01
752,16,65536,6027.01
768,16,65536,6027.01
784,16,65536,6027.01
800,16,65536,6027.01
816,16,65536,6027.01
832,16,65536,6027.01
848,16,65536,6027.01
864,16,65536,6028.03
880,16,65536,6027.01
896,16,65536,6028.03
912,16,65536,6028.03
928,16,65536,6028.03
944,16,65536,6028.03
960,16,65536,6028.03
976,16,65536,6028.03
992,16,65536,6028.03
1008,16,65536,6028.03
1024,16,65536,6028.03
1040,16,65536,6616.06
1040,16,65536,6616.06
1040,32,65536,6616.06
1040,48,65536,6442.88
1040,64,65536,6615.55
1040,80,65536,6027.01
1040,96,65536,6443.01
1040,112,65536,6407.94
1040,128,65536,6615.55
1040,144,65536,6407.94
1040,160,65536,6027.01
1040,176,65536,6580.99
1040,192,65536,6615.55
1040,208,65536,6026.11
1040,224,65536,6476.93
1040,240,65536,6027.01
1040,256,65536,6615.42
1040,272,65536,6443.01
1040,288,65536,6477.06
1040,304,65536,6442.37
1040,320,65536,6027.01
1040,336,65536,6615.42
1040,352,65536,6580.48
1040,368,65536,6442.5
1040,384,65536,6443.01
1040,400,65536,6027.01
1040,416,65536,6025.98
1040,432,65536,6511.87
1040,448,65536,6545.92
1040,464,65536,6545.92
1040,480,65536,6027.01
1040,496,65536,6443.01
1040,512,65536,6615.04
1040,528,65536,6615.55
1040,544,65536,6441.98
1040,560,65536,6027.01
1040,576,65536,6546.05
1040,592,65536,6545.92
1040,608,65536,6511.87
1040,624,65536,6025.98
1040,640,65536,6027.01
1040,656,65536,6443.01
1040,672,65536,6442.5
1040,688,65536,6580.48
1040,704,65536,6615.81
1040,720,65536,6027.01
1040,736,65536,6442.5
1040,752,65536,6477.06
1040,768,65536,6443.01
1040,784,65536,6615.04
1040,800,65536,6027.01
1040,816,65536,6476.8
1040,832,65536,6025.98
1040,848,65536,6615.55
1040,864,65536,6580.99
1040,880,65536,6027.01
1040,896,65536,6407.94
1040,912,65536,6615.04
1040,928,65536,6407.94
1040,944,65536,6443.01
1040,960,65536,6027.01
1040,976,65536,6615.55
1040,992,65536,6443.01
1040,1008,65536,6615.42
1040,16,65536,6615.55
1056,16,65536,6605.95
1072,16,65536,7168
1088,16,65536,7151.49
1104,16,65536,7167.49
1120,16,65536,7151.87
1136,16,65536,7166.98
1152,16,65536,7151.49
1168,16,65536,7166.98
1184,16,65536,7151.36
1200,16,65536,7166.59
1216,16,65536,7151.36
1232,16,65536,7165.95
1248,16,65536,7151.87
1264,16,65536,7165.57
1280,16,65536,7151.87
1296,16,65536,7165.44
1312,16,65536,7151.87
1328,16,65536,7164.93
1344,16,65536,7151.87
1360,16,65536,7164.93
1376,16,65536,7151.1
1392,16,65536,7164.42
1408,16,65536,7151.49
1424,16,65536,7163.9
1440,16,65536,7151.87
1456,16,65536,7163.9
1472,16,65536,7151.1
1488,16,65536,7163.52
1504,16,65536,7151.49
1520,16,65536,7163.39
1536,16,65536,7151.49
1552,16,65536,7162.88
1568,16,65536,7150.98
1584,16,65536,7162.88
1600,16,65536,7151.87
1616,16,65536,7162.5
1632,16,65536,7151.49
1648,16,65536,7162.88
1664,16,65536,7151.36
1680,16,65536,7162.88
1696,16,65536,7151.87
1712,16,65536,7161.86
1728,16,65536,7151.87
1744,16,65536,7161.98
1760,16,65536,7151.49
1776,16,65536,7160.96
1792,16,65536,7150.98
1808,16,65536,7161.47
1824,16,65536,7151.49
1840,16,65536,7161.86
1856,16,65536,7151.87
1872,16,65536,7160.83
1888,16,65536,7151.49
1904,16,65536,7160.96
1920,16,65536,7151.49
1936,16,65536,7160.83
1952,16,65536,7151.87
1968,16,65536,7160.83
1984,16,65536,7151.87
2000,16,65536,7160.45
2016,16,65536,7151.1
2032,16,65536,7160.96
2048,16,65536,7151.49
2064,16,65536,7160.32
2080,16,65536,7151.87
2096,16,65536,7160.96
2112,16,65536,7151.87
2128,16,65536,7160.06
2144,16,65536,7152
2160,16,65536,7159.94
2176,16,65536,7151.87
2192,16,65536,7159.94
2208,16,65536,7151.87
2224,16,65536,7159.81
2240,16,65536,7151.87
2256,16,65536,7159.94
2272,16,65536,7151.87
2288,16,65536,7159.42
2304,16,65536,7151.87
2320,16,65536,7159.94
2336,16,65536,7151.87
2352,16,65536,7159.94
2368,16,65536,7151.87
2384,16,65536,7159.94
2400,16,65536,7151.87
2416,16,65536,7159.42
2432,16,65536,7152
2448,16,65536,7159.94
2464,16,65536,7152
2480,16,65536,7158.91
2496,16,65536,7151.87
2512,16,65536,7158.91
2528,16,65536,7151.87
2544,16,65536,7158.91
2560,16,65536,7151.87
2576,16,65536,7159.04
2592,16,65536,7151.87
2608,16,65536,7159.04
2624,16,65536,7151.87
2640,16,65536,7158.91
2656,16,65536,7152
2672,16,65536,7159.04
2688,16,65536,7151.87
2704,16,65536,7158.78
2720,16,65536,7152
2736,16,65536,7158.02
2752,16,65536,7151.87
2768,16,65536,7159.04
2784,16,65536,7151.87
2800,16,65536,7158.91
2816,16,65536,7152
2832,16,65536,7159.04
2848,16,65536,7151.87
2864,16,65536,7158.91
2880,16,65536,7151.87
2896,16,65536,7158.53
2912,16,65536,7152
2928,16,65536,7158.78
2944,16,65536,7152
2960,16,65536,7158.91
2976,16,65536,7151.87
2992,16,65536,7158.02
3008,16,65536,7152
3024,16,65536,7158.02
3040,16,65536,7152
3056,16,65536,7157.89
3072,16,65536,7152.38
3088,16,65536,7158.02
3104,16,65536,7152
3120,16,65536,7157.89
3136,16,65536,7152
3152,16,65536,7158.02
3168,16,65536,7152.9
3184,16,65536,7158.02
3200,16,65536,7152.13
3216,16,65536,7157.89
3232,16,65536,7152.9
3248,16,65536,7157.89
3264,16,65536,7152.9
3280,16,65536,7158.02
3296,16,65536,7151.87
3312,16,65536,7157.5
3328,16,65536,7152.38
3344,16,65536,7158.02
3360,16,65536,7152.38
3376,16,65536,7158.02
3392,16,65536,7152.38
3408,16,65536,7158.02
3424,16,65536,7152.9
3440,16,65536,7157.5
3456,16,65536,7152.9
3472,16,65536,7158.02
3488,16,65536,7152.51
3504,16,65536,7156.99
3520,16,65536,7152.38
3536,16,65536,7158.02
3552,16,65536,7152.51
3568,16,65536,7157.89
3584,16,65536,7152.9
3600,16,65536,7157.89
3616,16,65536,7152.38
3632,16,65536,7157.89
3648,16,65536,7152
3664,16,65536,7158.02
3680,16,65536,7151.87
3696,16,65536,7156.99
3712,16,65536,7152.9
3728,16,65536,7157.5
3744,16,65536,7152.9
3760,16,65536,7158.02
3776,16,65536,7152.9
3792,16,65536,7157.5
3808,16,65536,7152.38
3824,16,65536,7157.5
3840,16,65536,7152.51
3856,16,65536,7156.99
3872,16,65536,7152.51
3888,16,65536,7156.99
3904,16,65536,7152.38
3920,16,65536,7156.99
3936,16,65536,7152.9
3952,16,65536,7157.5
3968,16,65536,7152.9
3984,16,65536,7156.99
4000,16,65536,7152.38
4016,16,65536,7156.99
4032,16,65536,7152.9
4048,16,65536,7156.99
4064,16,65536,7152.9
4080,16,65536,7156.99
4096,16,65536,7152.51
4112,16,65536,7156.99
4128,16,65536,7152.9
4144,16,65536,7156.99
4160,16,65536,7152.9
4176,16,65536,7156.99
4192,16,65536,7152.9
4208,16,65536,7156.99
4224,16,65536,7152.9
4240,16,65536,7156.99
4256,16,65536,7152.9
4272,16,65536,7156.99
4288,16,65536,7152.9
4304,16,65536,7156.99
4320,16,65536,7152.9
4336,16,65536,7156.99
4352,16,65536,7152.9
4368,16,65536,7156.99
4384,16,65536,7152.9
4400,16,65536,7156.99
4416,16,65536,7152.9
4432,16,65536,7156.99
4448,16,65536,7152.9
4464,16,65536,7156.99
4480,16,65536,7152.9
4496,16,65536,7156.99
4512,16,65536,7152.9
4528,16,65536,7156.99
4544,16,65536,7152.9
4560,16,65536,7156.99
4576,16,65536,7152.9
4592,16,65536,7156.99
4608,16,65536,7152.9
4624,16,65536,7156.99
4640,16,65536,7152.9
4656,16,65536,7156.99
4672,16,65536,7152.9
4688,16,65536,7156.99
4704,16,65536,7152.9
4720,16,65536,7156.99
4736,16,65536,7152.9
4752,16,65536,7156.99
4768,16,65536,7152.9
4784,16,65536,7156.99
4800,16,65536,7152.9
4816,16,65536,7156.99
4832,16,65536,7152.9
4848,16,65536,7156.99
4864,16,65536,7152.9
4880,16,65536,7156.99
4896,16,65536,7152.9
4912,16,65536,7156.99
4928,16,65536,7152.9
4944,16,65536,7156.99
4960,16,65536,7153.02
4976,16,65536,7156.48
4992,16,65536,7152.9
5008,16,65536,7156.99
5024,16,65536,7152.9
5040,16,65536,7156.99
5056,16,65536,7153.02
5072,16,65536,7156.99
5088,16,65536,7153.02
5104,16,65536,7156.48
5120,16,65536,7152.9
5136,16,65536,7156.99
5152,16,65536,7153.54
5168,16,65536,7156.99
5184,16,65536,7153.41
5200,16,65536,7156.99
5216,16,65536,7153.54
5232,16,65536,7156.99
5248,16,65536,7153.41
5264,16,65536,7156.99
5280,16,65536,7153.41
5296,16,65536,7156.48
5312,16,65536,7153.41
5328,16,65536,7156.99
5344,16,65536,7153.92
5360,16,65536,7155.97
5376,16,65536,7153.41
5392,16,65536,7156.99
5408,16,65536,7153.92
5424,16,65536,7156.48
5440,16,65536,7153.02
5456,16,65536,7156.48
5472,16,65536,7153.92
5488,16,65536,7156.99
5504,16,65536,7153.92
5520,16,65536,7156.48
5536,16,65536,7153.41
5552,16,65536,7156.48
5568,16,65536,7153.92
5584,16,65536,7156.1
5600,16,65536,7153.92
5616,16,65536,7156.99
5632,16,65536,7153.92
5648,16,65536,7156.99
5664,16,65536,7153.54
5680,16,65536,7156.48
5696,16,65536,7153.02
5712,16,65536,7156.99
5728,16,65536,7153.92
5744,16,65536,7156.61
5760,16,65536,7153.92
5776,16,65536,7156.99
5792,16,65536,7153.92
5808,16,65536,7156.99
5824,16,65536,7153.92
5840,16,65536,7156.99
5856,16,65536,7153.41
5872,16,65536,7156.48
5888,16,65536,7153.54
5904,16,65536,7156.99
5920,16,65536,7153.92
5936,16,65536,7156.99
5952,16,65536,7153.92
5968,16,65536,7155.97
5984,16,65536,7153.92
6000,16,65536,7156.99
6016,16,65536,7153.92
6032,16,65536,7156.61
6048,16,65536,7153.92
6064,16,65536,7156.48
6080,16,65536,7153.92
6096,16,65536,7156.99
6112,16,65536,7153.41
6128,16,65536,7156.48
6144,16,65536,7153.92
6160,16,65536,7156.99
6176,16,65536,7153.54
6192,16,65536,7156.99
6208,16,65536,7153.41
6224,16,65536,7156.48
6240,16,65536,7153.92
6256,16,65536,7156.99
6272,16,65536,7153.92
6288,16,65536,7156.99
6304,16,65536,7153.92
6320,16,65536,7156.48
6336,16,65536,7153.92
6352,16,65536,7156.99
6368,16,65536,7153.92
6384,16,65536,7156.61
6400,16,65536,7153.92
6416,16,65536,7156.99
6432,16,65536,7153.92
6448,16,65536,7156.48
6464,16,65536,7153.92
6480,16,65536,7156.1
6496,16,65536,7153.92
6512,16,65536,7156.99
6528,16,65536,7153.92
6544,16,65536,7156.48
6560,16,65536,7153.92
6576,16,65536,7156.48
6592,16,65536,7153.92
6608,16,65536,7156.99
6624,16,65536,7153.92
6640,16,65536,7156.99
6656,16,65536,7153.92
6672,16,65536,7156.99
6688,16,65536,7153.92
6704,16,65536,7156.61
6720,16,65536,7153.92
6736,16,65536,7156.48
6752,16,65536,7153.92
6768,16,65536,7156.48
6784,16,65536,7153.92
6800,16,65536,7156.48
6816,16,65536,7153.92
6832,16,65536,7156.48
6848,16,65536,7153.92
6864,16,65536,7156.99
6880,16,65536,7153.92
6896,16,65536,7156.99
6912,16,65536,7153.92
6928,16,65536,7156.48
6944,16,65536,7153.92
6960,16,65536,7155.97
6976,16,65536,7153.92
6992,16,65536,7156.99
7008,16,65536,7153.92
7024,16,65536,7156.99
7040,16,65536,7153.92
7056,16,65536,7156.48
7072,16,65536,7154.05
7088,16,65536,7156.99
7104,16,65536,7153.92
7120,16,65536,7156.48
7136,16,65536,7154.43
7152,16,65536,7156.48
7168,16,65536,7154.94
7184,16,65536,7156.99
7200,16,65536,7154.43
7216,16,65536,7156.61
7232,16,65536,7154.05
7248,16,65536,7156.48
7264,16,65536,7154.94
7280,16,65536,7156.99
7296,16,65536,7154.05
7312,16,65536,7156.99
7328,16,65536,7154.43
7344,16,65536,7156.99
7360,16,65536,7154.56
7376,16,65536,7156.99
7392,16,65536,7154.43
7408,16,65536,7156.99
7424,16,65536,7154.94
7440,16,65536,7156.99
7456,16,65536,7154.56
7472,16,65536,7156.99
7488,16,65536,7154.94
7504,16,65536,7156.99
7520,16,65536,7154.94
7536,16,65536,7156.99
7552,16,65536,7154.43
7568,16,65536,7156.99
7584,16,65536,7154.94
7600,16,65536,7156.99
7616,16,65536,7154.56
7632,16,65536,7156.99
7648,16,65536,7154.94
7664,16,65536,7156.99
7680,16,65536,7154.94
7696,16,65536,7156.99
7712,16,65536,7154.56
7728,16,65536,7156.99
7744,16,65536,7154.43
7760,16,65536,7156.99
7776,16,65536,7154.94
7792,16,65536,7156.99
7808,16,65536,7154.94
7824,16,65536,7156.99
7840,16,65536,7154.94
7856,16,65536,7156.99
7872,16,65536,7154.43
7888,16,65536,7156.99
7904,16,65536,7154.05
7920,16,65536,7156.99
7936,16,65536,7154.94
7952,16,65536,7156.99
7968,16,65536,7153.92
7984,16,65536,7156.99
8000,16,65536,7154.94
8016,16,65536,7156.99
8032,16,65536,7154.94
8048,16,65536,7156.99
8064,16,65536,7154.94
8080,16,65536,7156.99
8096,16,65536,7154.94
8112,16,65536,7156.99
8128,16,65536,7154.94
8144,16,65536,7156.99
8160,16,65536,7154.94
8176,16,65536,7156.99
8192,16,65536,7153.92
8208,16,65536,7156.99
8224,16,65536,7154.43
8240,16,65536,7156.99
8256,16,65536,7154.94
8272,16,65536,7156.99
8288,16,65536,7154.94
8304,16,65536,7156.99
8320,16,65536,7154.94
8336,16,65536,7156.99
8352,16,65536,7154.94
8368,16,65536,7156.99
8384,16,65536,7154.94
8400,16,65536,7156.99
8416,16,65536,7154.94
8432,16,65536,7156.99
8448,16,65536,7154.94
8464,16,65536,7156.99
8480,16,65536,7154.94
8496,16,65536,7156.99
8512,16,65536,7154.94
8528,16,65536,7156.99
8544,16,65536,7154.94
8560,16,65536,7156.99
8576,16,65536,7154.94
8592,16,65536,7156.99
8608,16,65536,7154.94
8624,16,65536,7156.99
8640,16,65536,7154.94
8656,16,65536,7156.99
8672,16,65536,7154.94
8688,16,65536,7156.99
8704,16,65536,7154.94
8720,16,65536,7156.99
8736,16,65536,7154.94
8752,16,65536,7156.99
8768,16,65536,7154.94
8784,16,65536,7156.99
8800,16,65536,7154.94
8816,16,65536,7156.99
8832,16,65536,7154.94
8848,16,65536,7156.99
8864,16,65536,7154.94
8880,16,65536,7156.99
8896,16,65536,7155.07
8912,16,65536,7156.99
8928,16,65536,7154.94
8944,16,65536,7156.99
8960,16,65536,7154.94
8976,16,65536,7156.99
8992,16,65536,7154.94
9008,16,65536,7156.99
9024,16,65536,7154.94
9040,16,65536,7156.99
9056,16,65536,7154.94
9072,16,65536,7156.99
9088,16,65536,7154.94
9104,16,65536,7156.99
9120,16,65536,7154.94
9136,16,65536,7156.99
9152,16,65536,7154.94
9168,16,65536,7156.99
9184,16,65536,7155.07
9200,16,65536,7156.99
9216,16,65536,7155.2
9232,16,65536,7156.99
9248,16,65536,7155.2
9264,16,65536,7156.99
9280,16,65536,7154.94
9296,16,65536,7156.99
9312,16,65536,7155.46
9328,16,65536,7156.99
9344,16,65536,7155.97
9360,16,65536,7156.99
9376,16,65536,7155.46
9392,16,65536,7156.99
9408,16,65536,7155.58
9424,16,65536,7156.99
9440,16,65536,7155.2
9456,16,65536,7156.99
9472,16,65536,7155.2
9488,16,65536,7157.5
9504,16,65536,7154.94
9520,16,65536,7157.5
9536,16,65536,7155.97
9552,16,65536,7158.02
9568,16,65536,7155.97
9584,16,65536,7158.02
9600,16,65536,7155.97
9616,16,65536,7157.5
9632,16,65536,7155.58
9648,16,65536,7157.38
9664,16,65536,7155.97
9680,16,65536,7158.02
9696,16,65536,7155.97
9712,16,65536,7157.5
9728,16,65536,7155.97
9744,16,65536,7156.99
9760,16,65536,7155.2
9776,16,65536,7156.99
9792,16,65536,7154.94
9808,16,65536,7158.02
9824,16,65536,7155.97
9840,16,65536,7158.02
9856,16,65536,7155.97
9872,16,65536,7158.02
9888,16,65536,7155.97
9904,16,65536,7158.02
9920,16,65536,7155.46
9936,16,65536,7156.99
9952,16,65536,7155.2
9968,16,65536,7158.02
9984,16,65536,7155.46
10000,16,65536,7157.38
10016,16,65536,7155.97
10032,16,65536,7157.5
10048,16,65536,7155.46
10064,16,65536,7156.99
10080,16,65536,7155.46
10096,16,65536,7157.5
10112,16,65536,7155.97
10128,16,65536,7157.5
10144,16,65536,7155.2
10160,16,65536,7158.02
10176,16,65536,7155.97
10192,16,65536,7156.99
10208,16,65536,7155.97
10224,16,65536,7157.5
10240,16,65536,7155.58
10256,16,65536,7158.02
10272,16,65536,7155.46
10288,16,65536,7157.5
10304,16,65536,7155.97
10320,16,65536,7158.02
10336,16,65536,7155.58
10352,16,65536,7157.5
10368,16,65536,7155.97
10384,16,65536,7157.38
10400,16,65536,7155.97
10416,16,65536,7158.02
10432,16,65536,7155.97
10448,16,65536,7158.02
10464,16,65536,7155.97
10480,16,65536,7157.5
10496,16,65536,7155.97
10512,16,65536,7158.02
10528,16,65536,7155.97
10544,16,65536,7157.5
10560,16,65536,7155.97
10576,16,65536,7158.02
10592,16,65536,7155.97
10608,16,65536,7157.5
10624,16,65536,7155.97
10640,16,65536,7157.5
10656,16,65536,7155.97
10672,16,65536,7158.02
10688,16,65536,7155.97
10704,16,65536,7157.5
10720,16,65536,7155.97
10736,16,65536,7158.02
10752,16,65536,7155.97
10768,16,65536,7158.02
10784,16,65536,7155.97
10800,16,65536,7157.89
10816,16,65536,7155.97
10832,16,65536,7156.99
10848,16,65536,7155.97
10864,16,65536,7158.02
10880,16,65536,7155.97
10896,16,65536,7157.38
10912,16,65536,7155.97
10928,16,65536,7157.89
10944,16,65536,7155.97
10960,16,65536,7158.02
10976,16,65536,7155.97
10992,16,65536,7157.5
11008,16,65536,7155.97
11024,16,65536,7157.89
11040,16,65536,7155.97
11056,16,65536,7158.02
11072,16,65536,7155.97
11088,16,65536,7158.02
11104,16,65536,7155.97
11120,16,65536,7158.02
11136,16,65536,7155.97
11152,16,65536,7157.89
11168,16,65536,7155.97
11184,16,65536,7158.02
11200,16,65536,7155.97
11216,16,65536,7158.02
11232,16,65536,7155.97
11248,16,65536,7157.89
11264,16,65536,7155.97
11280,16,65536,7157.89
11296,16,65536,7155.97
11312,16,65536,7158.02
11328,16,65536,7155.97
11344,16,65536,7157.89
11360,16,65536,7156.48
11376,16,65536,7158.02
11392,16,65536,7156.48
11408,16,65536,7157.89
11424,16,65536,7156.61
11440,16,65536,7158.02
11456,16,65536,7155.97
11472,16,65536,7158.02
11488,16,65536,7156.99
11504,16,65536,7158.02
11520,16,65536,7156.48
11536,16,65536,7158.02
11552,16,65536,7156.99
11568,16,65536,7157.89
11584,16,65536,7156.48
11600,16,65536,7158.02
11616,16,65536,7156.48
11632,16,65536,7157.76
11648,16,65536,7156.99
11664,16,65536,7158.02
11680,16,65536,7156.99
11696,16,65536,7158.02
11712,16,65536,7156.48
11728,16,65536,7158.02
11744,16,65536,7155.97
11760,16,65536,7158.02
11776,16,65536,7156.48
11792,16,65536,7157.76
11808,16,65536,7156.48
11824,16,65536,7157.89
11840,16,65536,7156.61
11856,16,65536,7158.02
11872,16,65536,7156.99
11888,16,65536,7158.02
11904,16,65536,7156.48
11920,16,65536,7158.02
11936,16,65536,7155.97
11952,16,65536,7158.02
11968,16,65536,7156.48
11984,16,65536,7157.89
12000,16,65536,7156.99
12016,16,65536,7158.02
12032,16,65536,7156.99
12048,16,65536,7158.02
12064,16,65536,7156.99
12080,16,65536,7158.02
12096,16,65536,7155.97
12112,16,65536,7158.02
12128,16,65536,7156.99
12144,16,65536,7158.02
12160,16,65536,7156.99
12176,16,65536,7158.02
12192,16,65536,7156.99
12208,16,65536,7158.02
12224,16,65536,7156.1
12240,16,65536,7158.02
12256,16,65536,7156.99
12272,16,65536,7158.02
12288,16,65536,7156.99
12304,16,65536,7158.02
12320,16,65536,7156.99
12336,16,65536,7158.02
12352,16,65536,7156.99
12368,16,65536,7158.02
12384,16,65536,7156.99
12400,16,65536,7158.02
12416,16,65536,7156.99
12432,16,65536,7158.4
12448,16,65536,7156.99
12464,16,65536,7159.04
12480,16,65536,7156.99
12496,16,65536,7159.04
12512,16,65536,7156.99
12528,16,65536,7158.91
12544,16,65536,7156.99
12560,16,65536,7158.91
12576,16,65536,7156.99
12592,16,65536,7158.53
12608,16,65536,7156.99
12624,16,65536,7159.04
12640,16,65536,7156.99
12656,16,65536,7158.53
12672,16,65536,7156.99
12688,16,65536,7158.02
12704,16,65536,7156.99
12720,16,65536,7158.4
12736,16,65536,7156.99
12752,16,65536,7158.53
12768,16,65536,7156.99
12784,16,65536,7158.4
12800,16,65536,7156.99
12816,16,65536,7158.53
12832,16,65536,7156.99
12848,16,65536,7159.04
12864,16,65536,7156.99
12880,16,65536,7158.53
12896,16,65536,7156.99
12912,16,65536,7158.4
12928,16,65536,7156.99
12944,16,65536,7159.04
12960,16,65536,7156.99
12976,16,65536,7158.4
12992,16,65536,7156.99
13008,16,65536,7158.91
13024,16,65536,7156.99
13040,16,65536,7158.4
13056,16,65536,7156.99
13072,16,65536,7158.91
13088,16,65536,7156.99
13104,16,65536,7158.91
13120,16,65536,7156.99
13136,16,65536,7158.91
13152,16,65536,7156.99
13168,16,65536,7158.91
13184,16,65536,7156.99
13200,16,65536,7158.4
13216,16,65536,7156.99
13232,16,65536,7158.91
13248,16,65536,7156.99
13264,16,65536,7159.04
13280,16,65536,7156.99
13296,16,65536,7158.4
13312,16,65536,7156.99
13328,16,65536,7158.02
13344,16,65536,7156.99
13360,16,65536,7158.91
13376,16,65536,7156.99
13392,16,65536,7158.53
13408,16,65536,7158.02
13424,16,65536,7158.02
13440,16,65536,7156.99
13456,16,65536,7158.53
13472,16,65536,7156.99
13488,16,65536,7158.4
13504,16,65536,7158.02
13520,16,65536,7158.53
13536,16,65536,7156.99
13552,16,65536,7158.4
13568,16,65536,7157.5
13584,16,65536,7158.91
13600,16,65536,7157.5
13616,16,65536,7158.91
13632,16,65536,7158.02
13648,16,65536,7159.04
13664,16,65536,7158.02
13680,16,65536,7158.91
13696,16,65536,7158.02
13712,16,65536,7158.53
13728,16,65536,7156.99
13744,16,65536,7158.91
13760,16,65536,7156.99
13776,16,65536,7158.91
13792,16,65536,7158.02
13808,16,65536,7158.4
13824,16,65536,7158.02
13840,16,65536,7158.91
13856,16,65536,7157.89
13872,16,65536,7158.91
13888,16,65536,7156.99
13904,16,65536,7159.04
13920,16,65536,7157.5
13936,16,65536,7159.04
13952,16,65536,7158.02
13968,16,65536,7159.04
13984,16,65536,7157.5
14000,16,65536,7158.91
14016,16,65536,7158.02
14032,16,65536,7159.04
14048,16,65536,7157.5
14064,16,65536,7158.91
14080,16,65536,7157.38
14096,16,65536,7158.78
14112,16,65536,7157.89
14128,16,65536,7158.91
14144,16,65536,7158.02
14160,16,65536,7158.91
14176,16,65536,7157.89
14192,16,65536,7158.91
14208,16,65536,7156.99
14224,16,65536,7158.91
14240,16,65536,7157.63
14256,16,65536,7158.91
14272,16,65536,7157.5
14288,16,65536,7158.91
14304,16,65536,7158.02
14320,16,65536,7158.91
14336,16,65536,7157.89
14352,16,65536,7159.04
14368,16,65536,7158.02
14384,16,65536,7158.91
14400,16,65536,7158.02
14416,16,65536,7159.04
14432,16,65536,7157.5
14448,16,65536,7158.91
14464,16,65536,7157.89
14480,16,65536,7158.91
14496,16,65536,7158.02
14512,16,65536,7159.04
14528,16,65536,7158.02
14544,16,65536,7159.04
14560,16,65536,7158.02
14576,16,65536,7158.78
14592,16,65536,7158.02
14608,16,65536,7159.04
14624,16,65536,7157.89
14640,16,65536,7158.91
14656,16,65536,7158.02
14672,16,65536,7158.91
14688,16,65536,7158.02
14704,16,65536,7158.91
14720,16,65536,7158.02
14736,16,65536,7158.91
14752,16,65536,7158.02
14768,16,65536,7159.04
14784,16,65536,7158.02
14800,16,65536,7159.04
14816,16,65536,7157.89
14832,16,65536,7159.04
14848,16,65536,7158.02
14864,16,65536,7158.91
14880,16,65536,7158.02
14896,16,65536,7158.91
14912,16,65536,7157.89
14928,16,65536,7159.04
14944,16,65536,7158.02
14960,16,65536,7159.04
14976,16,65536,7158.02
14992,16,65536,7159.42
15008,16,65536,7158.02
15024,16,65536,7159.81
15040,16,65536,7158.02
15056,16,65536,7158.91
15072,16,65536,7158.02
15088,16,65536,7159.81
15104,16,65536,7158.02
15120,16,65536,7159.81
15136,16,65536,7158.02
15152,16,65536,7159.94
15168,16,65536,7158.02
15184,16,65536,7159.42
15200,16,65536,7158.02
15216,16,65536,7158.91
15232,16,65536,7158.02
15248,16,65536,7159.94
15264,16,65536,7158.02
15280,16,65536,7159.81
15296,16,65536,7158.02
15312,16,65536,7159.42
15328,16,65536,7158.02
15344,16,65536,7159.81
15360,16,65536,7158.02
15376,16,65536,7159.81
15392,16,65536,7158.02
15408,16,65536,7159.42
15424,16,65536,7158.02
15440,16,65536,7159.94
15456,16,65536,7158.4
15472,16,65536,7159.81
15488,16,65536,7158.91
15504,16,65536,7159.94
15520,16,65536,7157.89
15536,16,65536,7159.42
15552,16,65536,7159.04
15568,16,65536,7159.94
15584,16,65536,7158.4
15600,16,65536,7159.42
15616,16,65536,7158.53
15632,16,65536,7159.81
15648,16,65536,7158.53
15664,16,65536,7159.94
15680,16,65536,7158.4
15696,16,65536,7159.3
15712,16,65536,7159.04
15728,16,65536,7159.81
15744,16,65536,7158.53
15760,16,65536,7159.94
15776,16,65536,7158.4
15792,16,65536,7159.94
15808,16,65536,7158.4
15824,16,65536,7159.42
15840,16,65536,7158.53
15856,16,65536,7159.42
15872,16,65536,7158.53
15888,16,65536,7159.81
15904,16,65536,7158.4
15920,16,65536,7159.42
15936,16,65536,7158.78
15952,16,65536,7159.94
15968,16,65536,7158.4
15984,16,65536,7159.42
16000,16,65536,7158.53
16016,16,65536,7159.94
16032,16,65536,7158.91
16048,16,65536,7159.94
16064,16,65536,7158.78
16080,16,65536,7159.94
16096,16,65536,7158.4
16112,16,65536,7159.81
16128,16,65536,7159.04
16144,16,65536,7160.06
16160,16,65536,7159.04
16176,16,65536,7159.94
16192,16,65536,7158.53
16208,16,65536,7159.42
16224,16,65536,7159.04
16240,16,65536,7159.94
16256,16,65536,7158.91
16272,16,65536,7159.81
16288,16,65536,7158.02
16304,16,65536,7160.06
16320,16,65536,7158.91
16336,16,65536,7160.06
16352,16,65536,7159.04
16368,16,65536,7159.81
16384,16,65536,7158.91
16400,16,65536,7159.94
16416,16,65536,7158.02
16432,16,65536,7159.81
16448,16,65536,7159.04
16464,16,65536,7159.94
16480,16,65536,7158.91
16496,16,65536,7159.81
16512,16,65536,7158.91
16528,16,65536,7160.06
16544,16,65536,7158.91
16560,16,65536,7160.06
16576,16,65536,7158.91
16592,16,65536,7159.94
16608,16,65536,7158.91
16624,16,65536,7159.94
16640,16,65536,7159.04
16656,16,65536,7159.81
16672,16,65536,7158.78
16688,16,65536,7159.94
16704,16,65536,7159.04
16720,16,65536,7159.94
16736,16,65536,7159.04
16752,16,65536,7159.81
16768,16,65536,7159.04
16784,16,65536,7159.81
16800,16,65536,7158.91
16816,16,65536,7160.06
16832,16,65536,7158.91
16848,16,65536,7159.94
16864,16,65536,7158.91
16880,16,65536,7159.94
16896,16,65536,7159.04
16912,16,65536,7159.94
16928,16,65536,7158.91
16944,16,65536,7159.81
16960,16,65536,7158.91
16976,16,65536,7159.94
16992,16,65536,7159.04
17008,16,65536,7160.06
17024,16,65536,7158.91
17040,16,65536,7159.94
17056,16,65536,7159.04
17072,16,65536,7160.06
17088,16,65536,7159.04
17104,16,65536,7159.94
17120,16,65536,7158.91
17136,16,65536,7159.94
17152,16,65536,7159.04
17168,16,65536,7159.81
17184,16,65536,7159.04
17200,16,65536,7159.94
17216,16,65536,7159.04
17232,16,65536,7160.06
17248,16,65536,7158.91
17264,16,65536,7159.94
17280,16,65536,7158.91
17296,16,65536,7160.06
17312,16,65536,7158.91
17328,16,65536,7160.06
17344,16,65536,7158.91
17360,16,65536,7160.06
17376,16,65536,7158.78
17392,16,65536,7159.94
17408,16,65536,7158.91
17424,16,65536,7160.06
17440,16,65536,7159.04
17456,16,65536,7159.94
17472,16,65536,7159.81
17488,16,65536,7159.94
17504,16,65536,7159.94
17520,16,65536,7160.06
17536,16,65536,7159.81
17552,16,65536,7160.45
17568,16,65536,7159.42
17584,16,65536,7160.06
17600,16,65536,7159.81
17616,16,65536,7159.94
17632,16,65536,7159.94
17648,16,65536,7160.83
17664,16,65536,7159.04
17680,16,65536,7160.96
17696,16,65536,7159.42
17712,16,65536,7160.83
17728,16,65536,7159.81
17744,16,65536,7160.06
17760,16,65536,7159.42
17776,16,65536,7160.45
17792,16,65536,7160.06
17808,16,65536,7160.32
17824,16,65536,7159.81
17840,16,65536,7160.83
17856,16,65536,7159.42
17872,16,65536,7160.96
17888,16,65536,7159.94
17904,16,65536,7160.32
17920,16,65536,7159.81
17936,16,65536,7160.83
17952,16,65536,7159.04
17968,16,65536,7160.58
17984,16,65536,7159.42
18000,16,65536,7161.09
18016,16,65536,7159.81
18032,16,65536,7160.06
18048,16,65536,7159.94
18064,16,65536,7160.45
18080,16,65536,7159.94
18096,16,65536,7160.06
18112,16,65536,7159.94
18128,16,65536,7161.09
18144,16,65536,7159.94
18160,16,65536,7160.58
18176,16,65536,7159.81
18192,16,65536,7160.96
18208,16,65536,7160.06
18224,16,65536,7160.45
18240,16,65536,7160.06
18256,16,65536,7160.58
18272,16,65536,7159.42
18288,16,65536,7160.83
18304,16,65536,7159.94
18320,16,65536,7160.83
18336,16,65536,7159.81
18352,16,65536,7160.83
18368,16,65536,7159.81
18384,16,65536,7160.83
18400,16,65536,7160.06
18416,16,65536,7160.45
18432,16,65536,7159.94
18448,16,65536,7160.32
18464,16,65536,7159.81
18480,16,65536,7160.83
18496,16,65536,7159.94
18512,16,65536,7160.96
18528,16,65536,7160.06
18544,16,65536,7160.96
18560,16,65536,7159.42
18576,16,65536,7161.09
18592,16,65536,7159.94
18608,16,65536,7161.09
18624,16,65536,7159.81
18640,16,65536,7160.96
18656,16,65536,7159.81
18672,16,65536,7161.09
18688,16,65536,7159.94
18704,16,65536,7160.96
18720,16,65536,7159.94
18736,16,65536,7160.83
18752,16,65536,7159.94
18768,16,65536,7161.09
18784,16,65536,7159.94
18800,16,65536,7160.83
18816,16,65536,7159.94
18832,16,65536,7161.09
18848,16,65536,7160.06
18864,16,65536,7160.83
18880,16,65536,7160.06
18896,16,65536,7161.09
18912,16,65536,7159.94
18928,16,65536,7161.09
18944,16,65536,7159.94
18960,16,65536,7160.83
18976,16,65536,7160.06
18992,16,65536,7160.83
19008,16,65536,7159.94
19024,16,65536,7161.09
19040,16,65536,7160.06
19056,16,65536,7160.83
19072,16,65536,7159.94
19088,16,65536,7161.09
19104,16,65536,7160.06
19120,16,65536,7161.09
19136,16,65536,7159.81
19152,16,65536,7161.09
19168,16,65536,7159.94
19184,16,65536,7160.83
19200,16,65536,7160.06
19216,16,65536,7161.09
19232,16,65536,7159.94
19248,16,65536,7161.09
19264,16,65536,7160.06
19280,16,65536,7160.96
19296,16,65536,7159.94
19312,16,65536,7160.83
19328,16,65536,7160.06
19344,16,65536,7161.09
19360,16,65536,7159.94
19376,16,65536,7161.09
19392,16,65536,7160.06
19408,16,65536,7160.83
19424,16,65536,7160.06
19440,16,65536,7161.09
19456,16,65536,7159.81
19472,16,65536,7161.09
19488,16,65536,7160.06
19504,16,65536,7160.96
19520,16,65536,7160.06
19536,16,65536,7161.09
19552,16,65536,7160.06
19568,16,65536,7160.83
19584,16,65536,7160.06
19600,16,65536,7161.09
19616,16,65536,7160.58
19632,16,65536,7160.83
19648,16,65536,7160.06
19664,16,65536,7161.09
19680,16,65536,7160.96
19696,16,65536,7160.96
19712,16,65536,7160.58
19728,16,65536,7162.11
19744,16,65536,7161.09
19760,16,65536,7161.34
19776,16,65536,7160.45
19792,16,65536,7160.96
19808,16,65536,7161.09
19824,16,65536,7162.11
19840,16,65536,7161.09
19856,16,65536,7162.11
19872,16,65536,7160.32
19888,16,65536,7161.09
19904,16,65536,7159.94
19920,16,65536,7161.09
19936,16,65536,7161.09
19952,16,65536,7161.09
19968,16,65536,7160.58
19984,16,65536,7161.98
20000,16,65536,7161.09
20016,16,65536,7161.09
20032,16,65536,7161.09
20048,16,65536,7161.86
20064,16,65536,7160.83
20080,16,65536,7162.11
20096,16,65536,7161.09
20112,16,65536,7161.47
20128,16,65536,7161.09
20144,16,65536,7161.47
20160,16,65536,7160.58
20176,16,65536,7161.98
20192,16,65536,7161.09
20208,16,65536,7161.86
20224,16,65536,7160.96
20240,16,65536,7161.98
20256,16,65536,7161.09
20272,16,65536,7161.47
20288,16,65536,7160.06
20304,16,65536,7161.86
20320,16,65536,7161.09
20336,16,65536,7161.47
20352,16,65536,7160.96
20368,16,65536,7162.11
20384,16,65536,7161.09
20400,16,65536,7161.34
20416,16,65536,7160.96
20432,16,65536,7161.47
20448,16,65536,7160.83
20464,16,65536,7161.86
20480,16,65536,7159.94
20496,16,65536,7161.47
20512,16,65536,7160.83
20528,16,65536,7161.34
20544,16,65536,7161.09
20560,16,65536,7161.09
20576,16,65536,7160.45
20592,16,65536,7161.98
20608,16,65536,7161.09
20624,16,65536,7161.86
20640,16,65536,7160.96
20656,16,65536,7161.86
20672,16,65536,7160.83
20688,16,65536,7161.98
20704,16,65536,7161.09
20720,16,65536,7161.86
20736,16,65536,7160.83
20752,16,65536,7161.98
20768,16,65536,7161.09
20784,16,65536,7161.6
20800,16,65536,7160.96
20816,16,65536,7161.98
20832,16,65536,7161.09
20848,16,65536,7161.98
20864,16,65536,7161.09
20880,16,65536,7162.11
20896,16,65536,7160.96
20912,16,65536,7161.98
20928,16,65536,7161.09
20944,16,65536,7161.86
20960,16,65536,7160.96
20976,16,65536,7161.86
20992,16,65536,7160.83
21008,16,65536,7162.11
21024,16,65536,7161.09
21040,16,65536,7161.86
21056,16,65536,7161.09
21072,16,65536,7161.98
21088,16,65536,7161.09
21104,16,65536,7161.86
21120,16,65536,7161.09
21136,16,65536,7162.11
21152,16,65536,7161.09
21168,16,65536,7161.86
21184,16,65536,7161.09
21200,16,65536,7161.86
21216,16,65536,7161.09
21232,16,65536,7161.86
21248,16,65536,7161.09
21264,16,65536,7161.86
21280,16,65536,7160.83
21296,16,65536,7161.86
21312,16,65536,7160.96
21328,16,65536,7162.11
21344,16,65536,7161.09
21360,16,65536,7161.98
21376,16,65536,7161.09
21392,16,65536,7161.98
21408,16,65536,7161.09
21424,16,65536,7161.98
21440,16,65536,7160.96
21456,16,65536,7161.86
21472,16,65536,7160.83
21488,16,65536,7161.86
21504,16,65536,7160.96
21520,16,65536,7161.86
21536,16,65536,7161.09
21552,16,65536,7161.98
21568,16,65536,7160.96
21584,16,65536,7161.86
21600,16,65536,7160.83
21616,16,65536,7162.11
21632,16,65536,7161.09
21648,16,65536,7161.86
21664,16,65536,7161.09
21680,16,65536,7161.98
21696,16,65536,7161.86
21712,16,65536,7161.86
21728,16,65536,7161.98
21744,16,65536,7161.98
21760,16,65536,7161.09
21776,16,65536,7161.86
21792,16,65536,7161.47
21808,16,65536,7161.98
21824,16,65536,7161.98
21840,16,65536,7161.98
21856,16,65536,7161.98
21872,16,65536,7162.11
21888,16,65536,7161.47
21904,16,65536,7161.98
21920,16,65536,7161.86
21936,16,65536,7161.98
21952,16,65536,7161.47
21968,16,65536,7162.11
21984,16,65536,7160.83
22000,16,65536,7161.98
22016,16,65536,7161.6
22032,16,65536,7161.98
22048,16,65536,7162.11
22064,16,65536,7161.98
22080,16,65536,7161.6
22096,16,65536,7162.88
22112,16,65536,7162.11
22128,16,65536,7162.88
22144,16,65536,7161.86
22160,16,65536,7162.37
22176,16,65536,7162.11
22192,16,65536,7162.88
22208,16,65536,7161.86
22224,16,65536,7162.88
22240,16,65536,7161.86
22256,16,65536,7162.37
22272,16,65536,7161.34
22288,16,65536,7163.01
22304,16,65536,7161.98
22320,16,65536,7162.37
22336,16,65536,7162.11
22352,16,65536,7162.88
22368,16,65536,7161.47
22384,16,65536,7162.88
22400,16,65536,7161.98
22416,16,65536,7162.88
22432,16,65536,7162.11
22448,16,65536,7163.14
22464,16,65536,7161.98
22480,16,65536,7162.37
22496,16,65536,7161.98
22512,16,65536,7161.98
22528,16,65536,7161.34
22544,16,65536,7162.88
22560,16,65536,7161.86
22576,16,65536,7162.88
22592,16,65536,7161.09
22608,16,65536,7162.88
22624,16,65536,7161.86
22640,16,65536,7162.88
22656,16,65536,7161.98
22672,16,65536,7163.01
22688,16,65536,7161.86
22704,16,65536,7163.01
22720,16,65536,7161.86
22736,16,65536,7162.88
22752,16,65536,7161.98
22768,16,65536,7163.01
22784,16,65536,7161.98
22800,16,65536,7162.88
22816,16,65536,7161.98
22832,16,65536,7162.88
22848,16,65536,7161.86
22864,16,65536,7162.88
22880,16,65536,7161.98
22896,16,65536,7163.01
22912,16,65536,7161.86
22928,16,65536,7162.88
22944,16,65536,7161.86
22960,16,65536,7162.88
22976,16,65536,7161.98
22992,16,65536,7162.88
23008,16,65536,7161.86
23024,16,65536,7163.01
23040,16,65536,7161.86
23056,16,65536,7163.14
23072,16,65536,7161.86
23088,16,65536,7162.88
23104,16,65536,7161.86
23120,16,65536,7163.14
23136,16,65536,7161.86
23152,16,65536,7163.01
23168,16,65536,7161.98
23184,16,65536,7162.88
23200,16,65536,7161.86
23216,16,65536,7163.14
23232,16,65536,7161.86
23248,16,65536,7162.88
23264,16,65536,7161.98
23280,16,65536,7162.88
23296,16,65536,7161.98
23312,16,65536,7162.88
23328,16,65536,7161.98
23344,16,65536,7162.88
23360,16,65536,7161.98
23376,16,65536,7162.88
23392,16,65536,7161.86
23408,16,65536,7163.01
23424,16,65536,7161.98
23440,16,65536,7163.01
23456,16,65536,7161.86
23472,16,65536,7162.88
23488,16,65536,7161.98
23504,16,65536,7162.88
23520,16,65536,7162.11
23536,16,65536,7162.88
23552,16,65536,7161.98
23568,16,65536,7162.88
23584,16,65536,7162.11
23600,16,65536,7163.01
23616,16,65536,7162.5
23632,16,65536,7163.01
23648,16,65536,7161.98
23664,16,65536,7163.01
23680,16,65536,7161.98
23696,16,65536,7162.88
23712,16,65536,7162.11
23728,16,65536,7162.88
23744,16,65536,7162.88
23760,16,65536,7162.88
23776,16,65536,7161.98
23792,16,65536,7163.01
23808,16,65536,7163.01
23824,16,65536,7162.88
23840,16,65536,7162.88
23856,16,65536,7162.88
23872,16,65536,7163.01
23888,16,65536,7162.88
23904,16,65536,7162.88
23920,16,65536,7163.01
23936,16,65536,7162.88
23952,16,65536,7163.01
23968,16,65536,7163.01
23984,16,65536,7163.14
24000,16,65536,7162.88
24016,16,65536,7162.88
24032,16,65536,7163.14
24048,16,65536,7163.01
24064,16,65536,7162.88
24080,16,65536,7163.01
24096,16,65536,7162.5
24112,16,65536,7163.14
24128,16,65536,7162.88
24144,16,65536,7163.14
24160,16,65536,7162.5
24176,16,65536,7162.88
24192,16,65536,7162.88
24208,16,65536,7163.9
24224,16,65536,7163.01
24240,16,65536,7163.9
24256,16,65536,7162.88
24272,16,65536,7163.52
24288,16,65536,7162.5
24304,16,65536,7164.03
24320,16,65536,7162.88
24336,16,65536,7163.14
24352,16,65536,7162.88
24368,16,65536,7163.9
24384,16,65536,7162.5
24400,16,65536,7163.52
24416,16,65536,7162.5
24432,16,65536,7163.52
24448,16,65536,7162.88
24464,16,65536,7163.9
24480,16,65536,7162.88
24496,16,65536,7164.03
24512,16,65536,7163.01
24528,16,65536,7163.52
24544,16,65536,7162.5
24560,16,65536,7163.9
24576,16,65536,7162.37
24592,16,65536,7163.9
24608,16,65536,7162.88
24624,16,65536,7163.9
24640,16,65536,7162.88
24656,16,65536,7163.9
24672,16,65536,7162.88
24688,16,65536,7163.9
24704,16,65536,7162.88
24720,16,65536,7163.9
24736,16,65536,7163.01
24752,16,65536,7163.9
24768,16,65536,7163.01
24784,16,65536,7163.01
24800,16,65536,7162.88
24816,16,65536,7163.9
24832,16,65536,7162.88
24848,16,65536,7163.9
24864,16,65536,7163.14
24880,16,65536,7163.9
24896,16,65536,7163.01
24912,16,65536,7163.9
24928,16,65536,7162.88
24944,16,65536,7163.9
24960,16,65536,7163.01
24976,16,65536,7163.9
24992,16,65536,7162.88
25008,16,65536,7163.9
25024,16,65536,7163.14
25040,16,65536,7163.9
25056,16,65536,7162.88
25072,16,65536,7163.9
25088,16,65536,7162.88
25104,16,65536,7164.03
25120,16,65536,7163.14
25136,16,65536,7163.9
25152,16,65536,7163.01
25168,16,65536,7163.52
25184,16,65536,7163.01
25200,16,65536,7163.39
25216,16,65536,7163.14
25232,16,65536,7163.9
25248,16,65536,7163.01
25264,16,65536,7163.9
25280,16,65536,7162.88
25296,16,65536,7163.9
25312,16,65536,7163.01
25328,16,65536,7163.9
25344,16,65536,7162.88
25360,16,65536,7163.9
25376,16,65536,7163.01
25392,16,65536,7163.9
25408,16,65536,7162.88
25424,16,65536,7163.9
25440,16,65536,7163.14
25456,16,65536,7163.9
25472,16,65536,7162.88
25488,16,65536,7163.9
25504,16,65536,7163.01
25520,16,65536,7163.9
25536,16,65536,7163.14
25552,16,65536,7163.9
25568,16,65536,7163.01
25584,16,65536,7164.03
25600,16,65536,7163.52
25616,16,65536,7163.9
25632,16,65536,7163.14
25648,16,65536,7163.9
25664,16,65536,7163.14
25680,16,65536,7163.9
25696,16,65536,7163.52
25712,16,65536,7163.9
25728,16,65536,7163.14
25744,16,65536,7163.9
25760,16,65536,7163.9
25776,16,65536,7163.9
25792,16,65536,7164.03
25808,16,65536,7163.9
25824,16,65536,7163.9
25840,16,65536,7163.9
25856,16,65536,7162.88
25872,16,65536,7163.9
25888,16,65536,7162.88
25904,16,65536,7163.9
25920,16,65536,7162.88
25936,16,65536,7163.9
25952,16,65536,7162.88
25968,16,65536,7163.9
25984,16,65536,7163.39
26000,16,65536,7164.03
26016,16,65536,7164.03
26032,16,65536,7164.03
26048,16,65536,7163.9
26064,16,65536,7164.03
26080,16,65536,7163.9
26096,16,65536,7164.03
26112,16,65536,7164.03
26128,16,65536,7164.03
26144,16,65536,7164.16
26160,16,65536,7163.9
26176,16,65536,7164.16
26192,16,65536,7163.9
26208,16,65536,7163.39
26224,16,65536,7164.16
26240,16,65536,7163.9
26256,16,65536,7164.03
26272,16,65536,7163.9
26288,16,65536,7164.42
26304,16,65536,7164.03
26320,16,65536,7164.93
26336,16,65536,7164.03
26352,16,65536,7164.93
26368,16,65536,7163.9
26384,16,65536,7165.06
26400,16,65536,7164.03
26416,16,65536,7164.93
26432,16,65536,7163.9
26448,16,65536,7164.93
26464,16,65536,7163.9
26480,16,65536,7164.93
26496,16,65536,7164.03
26512,16,65536,7164.93
26528,16,65536,7164.16
26544,16,65536,7165.18
26560,16,65536,7164.03
26576,16,65536,7164.93
26592,16,65536,7163.9
26608,16,65536,7164.93
26624,16,65536,7164.03
26640,16,65536,7164.93
26656,16,65536,7164.03
26672,16,65536,7165.06
26688,16,65536,7163.9
26704,16,65536,7164.93
26720,16,65536,7163.9
26736,16,65536,7164.93
26752,16,65536,7164.03
26768,16,65536,7164.93
26784,16,65536,7163.9
26800,16,65536,7164.93
26816,16,65536,7163.9
26832,16,65536,7164.93
26848,16,65536,7164.03
26864,16,65536,7164.93
26880,16,65536,7163.9
26896,16,65536,7165.06
26912,16,65536,7163.9
26928,16,65536,7164.42
26944,16,65536,7164.03
26960,16,65536,7165.06
26976,16,65536,7163.9
26992,16,65536,7164.93
27008,16,65536,7164.03
27024,16,65536,7164.93
27040,16,65536,7163.9
27056,16,65536,7165.06
27072,16,65536,7164.03
27088,16,65536,7164.93
27104,16,65536,7163.9
27120,16,65536,7165.06
27136,16,65536,7163.9
27152,16,65536,7164.93
27168,16,65536,7164.03
27184,16,65536,7165.18
27200,16,65536,7163.9
27216,16,65536,7164.93
27232,16,65536,7164.16
27248,16,65536,7164.42
27264,16,65536,7163.9
27280,16,65536,7164.93
27296,16,65536,7164.03
27312,16,65536,7164.93
27328,16,65536,7164.03
27344,16,65536,7164.93
27360,16,65536,7164.03
27376,16,65536,7164.93
27392,16,65536,7164.03
27408,16,65536,7164.93
27424,16,65536,7164.03
27440,16,65536,7164.93
27456,16,65536,7164.03
27472,16,65536,7164.93
27488,16,65536,7163.9
27504,16,65536,7164.93
27520,16,65536,7164.03
27536,16,65536,7164.93
27552,16,65536,7164.03
27568,16,65536,7164.93
27584,16,65536,7164.03
27600,16,65536,7165.06
27616,16,65536,7164.54
27632,16,65536,7164.93
27648,16,65536,7164.16
27664,16,65536,7164.93
27680,16,65536,7164.16
27696,16,65536,7165.06
27712,16,65536,7164.54
27728,16,65536,7164.93
27744,16,65536,7164.93
27760,16,65536,7164.93
27776,16,65536,7164.16
27792,16,65536,7164.93
27808,16,65536,7165.06
27824,16,65536,7164.93
27840,16,65536,7164.93
27856,16,65536,7164.93
27872,16,65536,7164.93
27888,16,65536,7165.18
27904,16,65536,7164.93
27920,16,65536,7164.93
27936,16,65536,7164.93
27952,16,65536,7164.93
27968,16,65536,7164.93
27984,16,65536,7164.93
28000,16,65536,7164.93
28016,16,65536,7164.93
28032,16,65536,7164.93
28048,16,65536,7165.18
28064,16,65536,7164.93
28080,16,65536,7164.93
28096,16,65536,7165.06
28112,16,65536,7165.06
28128,16,65536,7165.06
28144,16,65536,7165.06
28160,16,65536,7164.93
28176,16,65536,7165.06
28192,16,65536,7164.93
28208,16,65536,7165.06
28224,16,65536,7164.93
28240,16,65536,7165.18
28256,16,65536,7165.06
28272,16,65536,7165.06
28288,16,65536,7165.06
28304,16,65536,7165.18
28320,16,65536,7165.06
28336,16,65536,7164.93
28352,16,65536,7164.93
28368,16,65536,7164.93
28384,16,65536,7164.93
28400,16,65536,7165.06
28416,16,65536,7164.93
28432,16,65536,7165.06
28448,16,65536,7165.06
28464,16,65536,7164.93
28480,16,65536,7164.93
28496,16,65536,7165.57
28512,16,65536,7164.93
28528,16,65536,7165.06
28544,16,65536,7164.93
28560,16,65536,7165.06
28576,16,65536,7165.06
28592,16,65536,7165.06
28608,16,65536,7164.93
28624,16,65536,7165.95
28640,16,65536,7164.93
28656,16,65536,7165.57
28672,16,65536,7164.93
28688,16,65536,7165.95
28704,16,65536,7165.06
28720,16,65536,7165.95
28736,16,65536,7164.93
28752,16,65536,7165.06
28768,16,65536,7164.93
28784,16,65536,7165.95
28800,16,65536,7164.93
28816,16,65536,7165.95
28832,16,65536,7164.93
28848,16,65536,7165.95
28864,16,65536,7164.93
28880,16,65536,7165.95
28896,16,65536,7165.18
28912,16,65536,7165.95
28928,16,65536,7165.06
28944,16,65536,7165.95
28960,16,65536,7164.93
28976,16,65536,7165.95
28992,16,65536,7164.93
29008,16,65536,7165.95
29024,16,65536,7164.93
29040,16,65536,7166.08
29056,16,65536,7164.93
29072,16,65536,7165.95
29088,16,65536,7165.06
29104,16,65536,7165.95
29120,16,65536,7165.06
29136,16,65536,7165.95
29152,16,65536,7164.93
29168,16,65536,7165.95
29184,16,65536,7164.93
29200,16,65536,7166.08
29216,16,65536,7164.93
29232,16,65536,7165.95
29248,16,65536,7164.93
29264,16,65536,7166.21
29280,16,65536,7165.18
29296,16,65536,7165.95
29312,16,65536,7164.93
29328,16,65536,7165.95
29344,16,65536,7164.93
29360,16,65536,7166.08
29376,16,65536,7165.06
29392,16,65536,7165.95
29408,16,65536,7165.06
29424,16,65536,7166.08
29440,16,65536,7165.06
29456,16,65536,7165.95
29472,16,65536,7165.18
29488,16,65536,7166.08
29504,16,65536,7164.93
29520,16,65536,7166.08
29536,16,65536,7164.93
29552,16,65536,7165.95
29568,16,65536,7164.93
29584,16,65536,7166.21
29600,16,65536,7164.93
29616,16,65536,7165.95
29632,16,65536,7164.93
29648,16,65536,7165.95
29664,16,65536,7165.06
29680,16,65536,7165.95
29696,16,65536,7164.93
29712,16,65536,7165.95
29728,16,65536,7164.93
29744,16,65536,7166.08
29760,16,65536,7165.06
29776,16,65536,7165.95
29792,16,65536,7164.93
29808,16,65536,7166.21
29824,16,65536,7165.06
29840,16,65536,7166.21
29856,16,65536,7165.06
29872,16,65536,7165.95
29888,16,65536,7165.44
29904,16,65536,7165.95
29920,16,65536,7166.21
29936,16,65536,7165.95
29952,16,65536,7165.95
29968,16,65536,7165.95
29984,16,65536,7165.95
30000,16,65536,7165.95
30016,16,65536,7166.08
30032,16,65536,7166.08
30048,16,65536,7165.95
30064,16,65536,7166.21
30080,16,65536,7165.95
30096,16,65536,7165.95
30112,16,65536,7165.95
30128,16,65536,7165.95
30144,16,65536,7165.95
30160,16,65536,7165.95
30176,16,65536,7165.95
30192,16,65536,7165.95
30208,16,65536,7165.95
30224,16,65536,7165.95
30240,16,65536,7165.95
30256,16,65536,7165.95
30272,16,65536,7165.57
30288,16,65536,7165.95
30304,16,65536,7165.95
30320,16,65536,7166.21
30336,16,65536,7165.95
30352,16,65536,7166.08
30368,16,65536,7165.95
30384,16,65536,7165.95
30400,16,65536,7165.95
30416,16,65536,7165.95
30432,16,65536,7165.95
30448,16,65536,7165.95
30464,16,65536,7165.95
30480,16,65536,7165.95
30496,16,65536,7165.95
30512,16,65536,7165.95
30528,16,65536,7165.95
30544,16,65536,7165.95
30560,16,65536,7165.95
30576,16,65536,7165.95
30592,16,65536,7165.95
30608,16,65536,7165.95
30624,16,65536,7165.95
30640,16,65536,7165.95
30656,16,65536,7165.95
30672,16,65536,7166.46
30688,16,65536,7165.95
30704,16,65536,7165.95
30720,16,65536,7165.95
30736,16,65536,7166.98
30752,16,65536,7166.08
30768,16,65536,7165.95
30784,16,65536,7166.08
30800,16,65536,7166.98
30816,16,65536,7166.21
30832,16,65536,7166.98
30848,16,65536,7165.95
30864,16,65536,7166.98
30880,16,65536,7166.21
30896,16,65536,7166.98
30912,16,65536,7165.95
30928,16,65536,7166.98
30944,16,65536,7165.95
30960,16,65536,7166.98
30976,16,65536,7165.95
30992,16,65536,7166.98
31008,16,65536,7166.08
31024,16,65536,7166.98
31040,16,65536,7165.95
31056,16,65536,7166.98
31072,16,65536,7165.95
31088,16,65536,7166.98
31104,16,65536,7166.21
31120,16,65536,7166.98
31136,16,65536,7165.95
31152,16,65536,7166.98
31168,16,65536,7165.95
31184,16,65536,7166.98
31200,16,65536,7165.95
31216,16,65536,7165.95
31232,16,65536,7165.95
31248,16,65536,7166.98
31264,16,65536,7166.21
31280,16,65536,7166.98
31296,16,65536,7165.95
31312,16,65536,7166.98
31328,16,65536,7165.95
31344,16,65536,7166.98
31360,16,65536,7165.95
31376,16,65536,7166.98
31392,16,65536,7165.95
31408,16,65536,7166.98
31424,16,65536,7166.08
31440,16,65536,7166.98
31456,16,65536,7165.95
31472,16,65536,7166.98
31488,16,65536,7165.95
31504,16,65536,7166.98
31520,16,65536,7166.21
31536,16,65536,7167.1
31552,16,65536,7165.95
31568,16,65536,7166.98
31584,16,65536,7165.95
31600,16,65536,7166.98
31616,16,65536,7165.95
31632,16,65536,7166.98
31648,16,65536,7165.95
31664,16,65536,7167.1
31680,16,65536,7165.95
31696,16,65536,7166.98
31712,16,65536,7166.08
31728,16,65536,7166.98
31744,16,65536,7165.95
31760,16,65536,7166.98
31776,16,65536,7165.95
31792,16,65536,7166.98
31808,16,65536,7165.95
31824,16,65536,7166.98
31840,16,65536,7165.95
31856,16,65536,7166.98
31872,16,65536,7165.95
31888,16,65536,7166.98
31904,16,65536,7166.08
31920,16,65536,7166.98
31936,16,65536,7166.98
31952,16,65536,7166.98
31968,16,65536,7166.98
31984,16,65536,7166.98
32000,16,65536,7166.98
32016,16,65536,7166.98
32032,16,65536,7166.98
32048,16,65536,7166.98
32064,16,65536,7166.98
32080,16,65536,7166.98
32096,16,65536,7166.98
32112,16,65536,7166.98
32128,16,65536,7166.98
32144,16,65536,7166.98
32160,16,65536,7166.98
32176,16,65536,7166.98
32192,16,65536,7166.98
32208,16,65536,7167.1
32224,16,65536,7166.98
32240,16,65536,7166.98
32256,16,65536,7166.98
32272,16,65536,7166.98
32288,16,65536,7166.98
32304,16,65536,7166.98
32320,16,65536,7166.98
32336,16,65536,7166.98
32352,16,65536,7166.98
32368,16,65536,7166.98
32384,16,65536,7166.98
32400,16,65536,7166.98
32416,16,65536,7166.98
32432,16,65536,7166.98
32448,16,65536,7166.98
32464,16,65536,7166.98
32480,16,65536,7166.98
32496,16,65536,7166.98
32512,16,65536,7166.98
32528,16,65536,7166.98
32544,16,65536,7166.98
32560,16,65536,7166.98
32576,16,65536,7166.98
32592,16,65536,7166.98
32608,16,65536,7166.46
32624,16,65536,7166.98
32640,16,65536,7166.98
32656,16,65536,7166.98
32672,16,65536,7166.98
32688,16,65536,7166.98
32704,16,65536,7166.98
32720,16,65536,7167.1
32736,16,65536,7166.98
32752,16,65536,7168
32768,16,65536,7166.98
32784,16,65536,7166.98
32800,16,65536,7166.98
32816,16,65536,7167.1
32832,16,65536,7166.98
32848,16,65536,7168
32864,16,65536,7166.98
32880,16,65536,7168
32896,16,65536,7166.98
32912,16,65536,7168
32928,16,65536,7166.98
32944,16,65536,7168
32960,16,65536,7166.98
32976,16,65536,7168
32992,16,65536,7166.98
33008,16,65536,7168
33024,16,65536,7166.98
33040,16,65536,7168
33056,16,65536,7166.98
33072,16,65536,7168
33088,16,65536,7166.98
33104,16,65536,7168
33120,16,65536,7166.98
33136,16,65536,7168
33152,16,65536,7166.98
33168,16,65536,7168
33184,16,65536,7166.98
33200,16,65536,7168
33216,16,65536,7166.98
33232,16,65536,7168
33248,16,65536,7166.98
33264,16,65536,7167.49
33280,16,65536,7166.98
33296,16,65536,7168
33312,16,65536,7166.98
33328,16,65536,7168
33344,16,65536,7166.98
33360,16,65536,7168
33376,16,65536,7166.98
33392,16,65536,7168
33408,16,65536,7166.98
33424,16,65536,7168
33440,16,65536,7166.98
33456,16,65536,7168
33472,16,65536,7166.98
33488,16,65536,7168
33504,16,65536,7166.98
33520,16,65536,7167.62
33536,16,65536,7166.98
33552,16,65536,7168
33568,16,65536,7166.98
33584,16,65536,7168
33600,16,65536,7166.98
33616,16,65536,7168
33632,16,65536,7166.98
33648,16,65536,7168
33664,16,65536,7166.98
33680,16,65536,7168
33696,16,65536,7166.98
33712,16,65536,7168
33728,16,65536,7166.98
33744,16,65536,7168
33760,16,65536,7166.98
33776,16,65536,7168
33792,16,65536,7166.98
33808,16,65536,7168
33824,16,65536,7166.98
33840,16,65536,7168
33856,16,65536,7166.98
33872,16,65536,7168
33888,16,65536,7167.1
33904,16,65536,7168
33920,16,65536,7166.98
33936,16,65536,7168
33952,16,65536,7166.98
33968,16,65536,7168
33984,16,65536,7167.1
34000,16,65536,7168
34016,16,65536,7168
34032,16,65536,7168
34048,16,65536,7167.49
34064,16,65536,7168
34080,16,65536,7168
34096,16,65536,7168
34112,16,65536,7168
34128,16,65536,7168
34144,16,65536,7168
34160,16,65536,7168
34176,16,65536,7168
34192,16,65536,7168
34208,16,65536,7168
34224,16,65536,7168
34240,16,65536,7168
34256,16,65536,7168
34272,16,65536,7168
34288,16,65536,7168
34304,16,65536,7168
34320,16,65536,7168
34336,16,65536,7168
34352,16,65536,7168
34368,16,65536,7168
34384,16,65536,7168
34400,16,65536,7168
34416,16,65536,7168
34432,16,65536,7167.62
34448,16,65536,7168
34464,16,65536,7168
34480,16,65536,7168
34496,16,65536,7168
34512,16,65536,7168
34528,16,65536,7168
34544,16,65536,7168
34560,16,65536,7168
34576,16,65536,7168
34592,16,65536,7168
34608,16,65536,7168
34624,16,65536,7168
34640,16,65536,7168
34656,16,65536,7168
34672,16,65536,7168
34688,16,65536,7168
34704,16,65536,7168
34720,16,65536,7168
34736,16,65536,7168
34752,16,65536,7168
34768,16,65536,7168
34784,16,65536,7168
34800,16,65536,7168
34816,16,65536,7168
34832,16,65536,7168
34848,16,65536,7168
34864,16,65536,7168
34880,16,65536,7168
34896,16,65536,7168
34912,16,65536,7168
34928,16,65536,7168.51
34944,16,65536,7168
34960,16,65536,7169.02
34976,16,65536,7168
34992,16,65536,7169.02
35008,16,65536,7168
35024,16,65536,7169.02
35040,16,65536,7168
35056,16,65536,7168.9
35072,16,65536,7168
35088,16,65536,7169.02
35104,16,65536,7168
35120,16,65536,7169.02
35136,16,65536,7168
35152,16,65536,7169.02
35168,16,65536,7168
35184,16,65536,7169.02
35200,16,65536,7168
35216,16,65536,7169.02
35232,16,65536,7168
35248,16,65536,7169.02
35264,16,65536,7168
35280,16,65536,7169.02
35296,16,65536,7168
35312,16,65536,7169.02
35328,16,65536,7168
35344,16,65536,7169.02
35360,16,65536,7168
35376,16,65536,7169.02
35392,16,65536,7168
35408,16,65536,7169.02
35424,16,65536,7168
35440,16,65536,7169.02
35456,16,65536,7168
35472,16,65536,7169.02
35488,16,65536,7168
35504,16,65536,7169.02
35520,16,65536,7168
35536,16,65536,7169.02
35552,16,65536,7168
35568,16,65536,7169.02
35584,16,65536,7168
35600,16,65536,7169.02
35616,16,65536,7168
35632,16,65536,7169.02
35648,16,65536,7168
35664,16,65536,7169.02
35680,16,65536,7168
35696,16,65536,7169.02
35712,16,65536,7168
35728,16,65536,7169.02
35744,16,65536,7168
35760,16,65536,7168.9
35776,16,65536,7168
35792,16,65536,7169.02
35808,16,65536,7168
35824,16,65536,7169.02
35840,16,65536,7168
35856,16,65536,7169.02
35872,16,65536,7168
35888,16,65536,7169.02
35904,16,65536,7168
35920,16,65536,7169.02
35936,16,65536,7168.38
35952,16,65536,7169.02
35968,16,65536,7168.51
35984,16,65536,7169.02
36000,16,65536,7169.02
36016,16,65536,7169.02
36032,16,65536,7168.38
36048,16,65536,7169.02
36064,16,65536,7169.02
36080,16,65536,7169.02
36096,16,65536,7169.02
36112,16,65536,7169.02
36128,16,65536,7169.02
36144,16,65536,7169.02
36160,16,65536,7168.9
36176,16,65536,7169.02
36192,16,65536,7169.02
36208,16,65536,7169.02
36224,16,65536,7169.02
36240,16,65536,7169.02
36256,16,65536,7169.02
36272,16,65536,7169.02
36288,16,65536,7169.02
36304,16,65536,7169.02
36320,16,65536,7169.02
36336,16,65536,7169.02
36352,16,65536,7169.02
36368,16,65536,7169.02
36384,16,65536,7169.02
36400,16,65536,7169.02
36416,16,65536,7169.02
36432,16,65536,7169.02
36448,16,65536,7169.02
36464,16,65536,7169.02
36480,16,65536,7169.02
36496,16,65536,7169.02
36512,16,65536,7169.02
36528,16,65536,7169.02
36544,16,65536,7169.02
36560,16,65536,7169.02
36576,16,65536,7169.02
36592,16,65536,7169.02
36608,16,65536,7168.9
36624,16,65536,7169.02
36640,16,65536,7168
36656,16,65536,7168.9
36672,16,65536,7168
36688,16,65536,7169.02
36704,16,65536,7169.02
36720,16,65536,7169.02
36736,16,65536,7169.02
36752,16,65536,7169.02
36768,16,65536,7169.02
36784,16,65536,7169.02
36800,16,65536,7169.02
36816,16,65536,7169.02
36832,16,65536,7169.02
36848,16,65536,7169.02
36864,16,65536,7169.02
36880,16,65536,7169.02
36896,16,65536,7169.02
36912,16,65536,7169.02
36928,16,65536,7169.02
36944,16,65536,7169.02
36960,16,65536,7169.02
36976,16,65536,7169.41
36992,16,65536,7169.02
37008,16,65536,7169.54
37024,16,65536,7169.02
37040,16,65536,7169.41
37056,16,65536,7169.02
37072,16,65536,7169.92
37088,16,65536,7169.02
37104,16,65536,7169.02
37120,16,65536,7169.02
37136,16,65536,7169.41
37152,16,65536,7169.02
37168,16,65536,7169.92
37184,16,65536,7169.02
37200,16,65536,7169.79
37216,16,65536,7169.02
37232,16,65536,7169.92
37248,16,65536,7169.02
37264,16,65536,7170.05
37280,16,65536,7169.02
37296,16,65536,7170.05
37312,16,65536,7169.02
37328,16,65536,7170.05
37344,16,65536,7169.02
37360,16,65536,7170.05
37376,16,65536,7169.02
37392,16,65536,7170.05
37408,16,65536,7169.02
37424,16,65536,7170.05
37440,16,65536,7169.02
37456,16,65536,7170.05
37472,16,65536,7169.02
37488,16,65536,7170.05
37504,16,65536,7169.02
37520,16,65536,7170.05
37536,16,65536,7169.02
37552,16,65536,7169.92
37568,16,65536,7169.02
37584,16,65536,7170.05
37600,16,65536,7169.02
37616,16,65536,7170.05
37632,16,65536,7169.02
37648,16,65536,7169.92
37664,16,65536,7169.02
37680,16,65536,7170.05
37696,16,65536,7169.02
37712,16,65536,7170.05
37728,16,65536,7169.02
37744,16,65536,7170.05
37760,16,65536,7169.02
37776,16,65536,7170.05
37792,16,65536,7169.02
37808,16,65536,7169.92
37824,16,65536,7169.02
37840,16,65536,7170.05
37856,16,65536,7169.02
37872,16,65536,7170.05
37888,16,65536,7169.02
37904,16,65536,7170.05
37920,16,65536,7169.02
37936,16,65536,7169.92
37952,16,65536,7169.02
37968,16,65536,7170.05
37984,16,65536,7169.02
38000,16,65536,7170.05
38016,16,65536,7169.02
38032,16,65536,7170.05
38048,16,65536,7169.54
38064,16,65536,7170.05
38080,16,65536,7169.54
38096,16,65536,7170.05
38112,16,65536,7170.05
38128,16,65536,7170.05
38144,16,65536,7169.79
38160,16,65536,7170.05
38176,16,65536,7169.92
38192,16,65536,7169.92
38208,16,65536,7170.05
38224,16,65536,7170.05
38240,16,65536,7170.05
38256,16,65536,7170.05
38272,16,65536,7170.05
38288,16,65536,7170.05
38304,16,65536,7170.05
38320,16,65536,7170.05
38336,16,65536,7170.05
38352,16,65536,7170.05
38368,16,65536,7170.05
38384,16,65536,7170.05
38400,16,65536,7170.05
38416,16,65536,7170.05
38432,16,65536,7170.05
38448,16,65536,7170.05
38464,16,65536,7169.92
38480,16,65536,7170.05
38496,16,65536,7170.05
38512,16,65536,7170.05
38528,16,65536,7170.05
38544,16,65536,7170.05
38560,16,65536,7170.05
38576,16,65536,7170.05
38592,16,65536,7170.05
38608,16,65536,7170.05
38624,16,65536,7169.54
38640,16,65536,7170.05
38656,16,65536,7170.05
38672,16,65536,7170.05
38688,16,65536,7170.05
38704,16,65536,7170.05
38720,16,65536,7170.05
38736,16,65536,7170.05
38752,16,65536,7170.05
38768,16,65536,7170.05
38784,16,65536,7170.05
38800,16,65536,7170.05
38816,16,65536,7170.05
38832,16,65536,7170.05
38848,16,65536,7170.05
38864,16,65536,7170.05
38880,16,65536,7170.05
38896,16,65536,7170.05
38912,16,65536,7170.05
38928,16,65536,7170.05
38944,16,65536,7170.05
38960,16,65536,7170.05
38976,16,65536,7170.05
38992,16,65536,7170.05
39008,16,65536,7170.05
39024,16,65536,7170.05
39040,16,65536,7170.05
39056,16,65536,7170.05
39072,16,65536,7170.05
39088,16,65536,7170.05
39104,16,65536,7170.05
39120,16,65536,7170.05
39136,16,65536,7170.05
39152,16,65536,7170.05
39168,16,65536,7170.05
39184,16,65536,7170.56
39200,16,65536,7170.05
39216,16,65536,7170.43
39232,16,65536,7170.05
39248,16,65536,7170.05
39264,16,65536,7170.05
39280,16,65536,7170.05
39296,16,65536,7170.05
39312,16,65536,7170.43
39328,16,65536,7170.05
39344,16,65536,7170.43
39360,16,65536,7170.05
39376,16,65536,7171.07
39392,16,65536,7170.05
39408,16,65536,7171.07
39424,16,65536,7170.05
39440,16,65536,7171.07
39456,16,65536,7170.05
39472,16,65536,7171.07
39488,16,65536,7170.05
39504,16,65536,7171.07
39520,16,65536,7170.05
39536,16,65536,7170.94
39552,16,65536,7170.05
39568,16,65536,7170.94
39584,16,65536,7170.05
39600,16,65536,7171.07
39616,16,65536,7170.05
39632,16,65536,7171.07
39648,16,65536,7170.05
39664,16,65536,7171.07
39680,16,65536,7170.05
39696,16,65536,7171.07
39712,16,65536,7170.05
39728,16,65536,7171.07
39744,16,65536,7170.05
39760,16,65536,7171.07
39776,16,65536,7170.05
39792,16,65536,7170.43
39808,16,65536,7170.05
39824,16,65536,7171.07
39840,16,65536,7170.05
39856,16,65536,7171.07
39872,16,65536,7170.05
39888,16,65536,7171.07
39904,16,65536,7170.05
39920,16,65536,7170.94
39936,16,65536,7170.05
39952,16,65536,7170.94
39968,16,65536,7170.05
39984,16,65536,7171.07
40000,16,65536,7170.05
40016,16,65536,7171.07
40032,16,65536,7170.05
40048,16,65536,7171.07
40064,16,65536,7170.05
40080,16,65536,7171.07
40096,16,65536,7170.43
40112,16,65536,7171.07
40128,16,65536,7170.05
40144,16,65536,7171.07
40160,16,65536,7170.05
40176,16,65536,7171.07
40192,16,65536,7170.56
40208,16,65536,7171.07
40224,16,65536,7170.43
40240,16,65536,7171.07
40256,16,65536,7170.94
40272,16,65536,7171.07
40288,16,65536,7171.07
40304,16,65536,7171.07
40320,16,65536,7170.82
40336,16,65536,7170.94
40352,16,65536,7171.07
40368,16,65536,7171.07
40384,16,65536,7171.07
40400,16,65536,7171.07
40416,16,65536,7171.07
40432,16,65536,7171.07
40448,16,65536,7171.07
40464,16,65536,7171.07
40480,16,65536,7170.94
40496,16,65536,7171.07
40512,16,65536,7170.94
40528,16,65536,7171.07
40544,16,65536,7171.07
40560,16,65536,7171.07
40576,16,65536,7171.07
40592,16,65536,7171.07
40608,16,65536,7171.07
40624,16,65536,7171.07
40640,16,65536,7171.07
40656,16,65536,7171.07
40672,16,65536,7171.07
40688,16,65536,7170.82
40704,16,65536,7171.07
40720,16,65536,7171.07
40736,16,65536,7171.07
40752,16,65536,7171.07
40768,16,65536,7171.07
40784,16,65536,7171.07
40800,16,65536,7171.07
40816,16,65536,7171.07
40832,16,65536,7170.94
40848,16,65536,7171.07
40864,16,65536,7170.82
40880,16,65536,7171.07
40896,16,65536,7171.07
40912,16,65536,7171.07
40928,16,65536,7170.94
40944,16,65536,7171.07
40960,16,65536,7171.07
40976,16,65536,7171.07
40992,16,65536,7170.94
41008,16,65536,7170.82
41024,16,65536,7170.94
41040,16,65536,7171.07
41056,16,65536,7170.94
41072,16,65536,7170.82
41088,16,65536,7171.07
41104,16,65536,7171.07
41120,16,65536,7171.07
41136,16,65536,7171.07
41152,16,65536,7171.07
41168,16,65536,7171.58
41184,16,65536,7171.07
41200,16,65536,7170.94
41216,16,65536,7171.07
41232,16,65536,7171.46
41248,16,65536,7170.94
41264,16,65536,7171.58
41280,16,65536,7171.07
41296,16,65536,7171.58
41312,16,65536,7171.07
41328,16,65536,7171.07
41344,16,65536,7170.82
41360,16,65536,7172.1
41376,16,65536,7171.07
41392,16,65536,7171.97
41408,16,65536,7171.07
41424,16,65536,7172.1
41440,16,65536,7171.07
41456,16,65536,7171.84
41472,16,65536,7171.07
41488,16,65536,7172.1
41504,16,65536,7171.07
41520,16,65536,7171.84
41536,16,65536,7171.07
41552,16,65536,7172.1
41568,16,65536,7171.07
41584,16,65536,7172.1
41600,16,65536,7171.07
41616,16,65536,7171.84
41632,16,65536,7171.07
41648,16,65536,7171.84
41664,16,65536,7171.07
41680,16,65536,7172.1
41696,16,65536,7171.07
41712,16,65536,7171.84
41728,16,65536,7171.07
41744,16,65536,7172.1
41760,16,65536,7171.07
41776,16,65536,7171.84
41792,16,65536,7171.07
41808,16,65536,7172.1
41824,16,65536,7171.07
41840,16,65536,7172.1
41856,16,65536,7171.07
41872,16,65536,7172.1
41888,16,65536,7171.07
41904,16,65536,7171.84
41920,16,65536,7171.07
41936,16,65536,7171.97
41952,16,65536,7171.07
41968,16,65536,7172.1
41984,16,65536,7171.07
42000,16,65536,7172.1
42016,16,65536,7171.07
42032,16,65536,7171.84
42048,16,65536,7171.07
42064,16,65536,7171.84
42080,16,65536,7171.07
42096,16,65536,7171.84
42112,16,65536,7171.07
42128,16,65536,7172.1
42144,16,65536,7171.07
42160,16,65536,7172.1
42176,16,65536,7171.07
42192,16,65536,7171.84
42208,16,65536,7171.46
42224,16,65536,7171.97
42240,16,65536,7171.07
42256,16,65536,7172.1
42272,16,65536,7171.07
42288,16,65536,7171.97
42304,16,65536,7171.97
42320,16,65536,7172.1
42336,16,65536,7171.97
42352,16,65536,7171.84
42368,16,65536,7171.84
42384,16,65536,7172.1
42400,16,65536,7171.97
42416,16,65536,7171.97
42432,16,65536,7171.84
42448,16,65536,7172.1
42464,16,65536,7172.1
42480,16,65536,7171.97
42496,16,65536,7171.84
42512,16,65536,7171.84
42528,16,65536,7172.1
42544,16,65536,7172.1
42560,16,65536,7172.1
42576,16,65536,7172.1
42592,16,65536,7171.84
42608,16,65536,7172.1
42624,16,65536,7172.1
42640,16,65536,7171.97
42656,16,65536,7172.1
42672,16,65536,7171.84
42688,16,65536,7171.84
42704,16,65536,7172.1
42720,16,65536,7171.84
42736,16,65536,7172.1
42752,16,65536,7172.1
42768,16,65536,7172.1
42784,16,65536,7172.1
42800,16,65536,7172.1
42816,16,65536,7172.1
42832,16,65536,7171.84
42848,16,65536,7172.1
42864,16,65536,7171.97
42880,16,65536,7171.84
42896,16,65536,7172.1
42912,16,65536,7172.1
42928,16,65536,7172.1
42944,16,65536,7172.1
42960,16,65536,7172.1
42976,16,65536,7172.1
42992,16,65536,7172.1
43008,16,65536,7171.84
43024,16,65536,7172.1
43040,16,65536,7172.1
43056,16,65536,7172.1
43072,16,65536,7171.84
43088,16,65536,7172.1
43104,16,65536,7171.84
43120,16,65536,7172.1
43136,16,65536,7171.84
43152,16,65536,7172.1
43168,16,65536,7172.1
43184,16,65536,7172.1
43200,16,65536,7172.1
43216,16,65536,7172.1
43232,16,65536,7172.1
43248,16,65536,7172.1
43264,16,65536,7172.1
43280,16,65536,7172.1
43296,16,65536,7171.97
43312,16,65536,7171.84
43328,16,65536,7172.1
43344,16,65536,7172.1
43360,16,65536,7171.97
43376,16,65536,7172.48
43392,16,65536,7172.1
43408,16,65536,7172.1
43424,16,65536,7172.1
43440,16,65536,7172.86
43456,16,65536,7172.1
43472,16,65536,7172.99
43488,16,65536,7171.97
43504,16,65536,7172.99
43520,16,65536,7172.1
43536,16,65536,7172.99
43552,16,65536,7171.97
43568,16,65536,7173.12
43584,16,65536,7172.1
43600,16,65536,7172.86
43616,16,65536,7172.1
43632,16,65536,7173.12
43648,16,65536,7172.1
43664,16,65536,7173.12
43680,16,65536,7172.1
43696,16,65536,7172.86
43712,16,65536,7171.97
43728,16,65536,7172.99
43744,16,65536,7171.97
43760,16,65536,7172.86
43776,16,65536,7171.97
43792,16,65536,7173.12
43808,16,65536,7172.1
43824,16,65536,7173.12
43840,16,65536,7172.1
43856,16,65536,7172.99
43872,16,65536,7171.97
43888,16,65536,7173.12
43904,16,65536,7172.1
43920,16,65536,7173.12
43936,16,65536,7171.84
43952,16,65536,7172.99
43968,16,65536,7172.1
43984,16,65536,7173.12
44000,16,65536,7171.84
44016,16,65536,7172.99
44032,16,65536,7171.97
44048,16,65536,7172.86
44064,16,65536,7171.97
44080,16,65536,7172.48
44096,16,65536,7172.1
44112,16,65536,7173.12
44128,16,65536,7172.1
44144,16,65536,7172.86
44160,16,65536,7172.1
44176,16,65536,7173.12
44192,16,65536,7172.48
44208,16,65536,7172.99
44224,16,65536,7172.1
44240,16,65536,7173.12
44256,16,65536,7172.61
44272,16,65536,7172.99
44288,16,65536,7172.61
44304,16,65536,7173.12
44320,16,65536,7172.86
44336,16,65536,7173.12
44352,16,65536,7172.99
44368,16,65536,7172.99
44384,16,65536,7172.61
44400,16,65536,7173.12
44416,16,65536,7172.99
44432,16,65536,7173.12
44448,16,65536,7172.61
44464,16,65536,7172.99
44480,16,65536,7173.12
44496,16,65536,7172.99
44512,16,65536,7172.61
44528,16,65536,7172.99
44544,16,65536,7172.99
44560,16,65536,7173.12
44576,16,65536,7172.99
44592,16,65536,7172.99
44608,16,65536,7173.12
44624,16,65536,7172.99
44640,16,65536,7173.12
44656,16,65536,7173.12
44672,16,65536,7172.99
44688,16,65536,7173.12
44704,16,65536,7172.99
44720,16,65536,7173.12
44736,16,65536,7172.86
44752,16,65536,7173.12
44768,16,65536,7173.12
44784,16,65536,7172.99
44800,16,65536,7172.99
44816,16,65536,7173.12
44832,16,65536,7173.12
44848,16,65536,7173.12
44864,16,65536,7173.12
44880,16,65536,7172.86
44896,16,65536,7172.86
44912,16,65536,7173.12
44928,16,65536,7173.12
44944,16,65536,7173.12
44960,16,65536,7173.12
44976,16,65536,7173.12
44992,16,65536,7172.86
45008,16,65536,7173.12
45024,16,65536,7173.12
45040,16,65536,7172.99
45056,16,65536,7173.12
45072,16,65536,7172.86
45088,16,65536,7172.99
45104,16,65536,7173.12
45120,16,65536,7173.12
45136,16,65536,7172.86
45152,16,65536,7172.99
45168,16,65536,7172.99
45184,16,65536,7172.99
45200,16,65536,7172.99
45216,16,65536,7172.99
45232,16,65536,7172.99
45248,16,65536,7173.12
45264,16,65536,7173.12
45280,16,65536,7173.12
45296,16,65536,7173.12
45312,16,65536,7173.12
45328,16,65536,7173.12
45344,16,65536,7173.12
45360,16,65536,7173.12
45376,16,65536,7173.12
45392,16,65536,7172.86
45408,16,65536,7172.99
45424,16,65536,7172.99
45440,16,65536,7172.99
45456,16,65536,7173.5
45472,16,65536,7173.12
45488,16,65536,7174.02
45504,16,65536,7173.12
45520,16,65536,7173.89
45536,16,65536,7173.12
45552,16,65536,7174.14
45568,16,65536,7173.12
45584,16,65536,7174.02
45600,16,65536,7173.12
45616,16,65536,7173.89
45632,16,65536,7173.12
45648,16,65536,7174.02
45664,16,65536,7173.12
45680,16,65536,7173.89
45696,16,65536,7173.12
45712,16,65536,7174.14
45728,16,65536,7173.12
45744,16,65536,7173.89
45760,16,65536,7172.99
45776,16,65536,7174.02
45792,16,65536,7173.12
45808,16,65536,7174.14
45824,16,65536,7172.99
45840,16,65536,7174.02
45856,16,65536,7173.12
45872,16,65536,7174.02
45888,16,65536,7172.99
45904,16,65536,7174.14
45920,16,65536,7173.12
45936,16,65536,7173.89
45952,16,65536,7172.99
45968,16,65536,7174.02
45984,16,65536,7172.99
46000,16,65536,7174.02
46016,16,65536,7173.12
46032,16,65536,7173.89
46048,16,65536,7173.12
46064,16,65536,7173.89
46080,16,65536,7173.12
46096,16,65536,7174.14
46112,16,65536,7173.12
46128,16,65536,7173.89
46144,16,65536,7173.12
46160,16,65536,7174.02
46176,16,65536,7173.12
46192,16,65536,7173.89
46208,16,65536,7173.12
46224,16,65536,7174.14
46240,16,65536,7173.12
46256,16,65536,7174.02
46272,16,65536,7173.5
46288,16,65536,7174.02
46304,16,65536,7173.12
46320,16,65536,7174.02
46336,16,65536,7173.12
46352,16,65536,7174.02
46368,16,65536,7174.02
46384,16,65536,7174.14
46400,16,65536,7173.5
46416,16,65536,7174.02
46432,16,65536,7173.89
46448,16,65536,7174.14
46464,16,65536,7173.89
46480,16,65536,7174.02
46496,16,65536,7174.14
46512,16,65536,7174.14
46528,16,65536,7174.14
46544,16,65536,7174.02
46560,16,65536,7174.02
46576,16,65536,7173.89
46592,16,65536,7174.14
46608,16,65536,7174.14
46624,16,65536,7174.14
46640,16,65536,7174.02
46656,16,65536,7174.02
46672,16,65536,7174.14
46688,16,65536,7174.02
46704,16,65536,7174.02
46720,16,65536,7174.14
46736,16,65536,7174.14
46752,16,65536,7173.89
46768,16,65536,7174.14
46784,16,65536,7174.02
46800,16,65536,7174.02
46816,16,65536,7174.02
46832,16,65536,7174.02
46848,16,65536,7173.89
46864,16,65536,7174.02
46880,16,65536,7174.02
46896,16,65536,7174.02
46912,16,65536,7174.02
46928,16,65536,7174.02
46944,16,65536,7174.02
46960,16,65536,7174.14
46976,16,65536,7174.14
46992,16,65536,7174.14
47008,16,65536,7174.14
47024,16,65536,7174.02
47040,16,65536,7174.14
47056,16,65536,7174.14
47072,16,65536,7174.02
47088,16,65536,7174.14
47104,16,65536,7174.14
47120,16,65536,7174.14
47136,16,65536,7174.02
47152,16,65536,7174.02
47168,16,65536,7174.14
47184,16,65536,7174.14
47200,16,65536,7173.89
47216,16,65536,7174.14
47232,16,65536,7174.02
47248,16,65536,7174.14
47264,16,65536,7174.14
47280,16,65536,7174.02
47296,16,65536,7174.02
47312,16,65536,7174.02
47328,16,65536,7174.14
47344,16,65536,7174.02
47360,16,65536,7174.02
47376,16,65536,7174.02
47392,16,65536,7174.14
47408,16,65536,7174.02
47424,16,65536,7174.14
47440,16,65536,7174.14
47456,16,65536,7174.14
47472,16,65536,7174.14
47488,16,65536,7174.02
47504,16,65536,7174.14
47520,16,65536,7174.02
47536,16,65536,7174.02
47552,16,65536,7174.14
47568,16,65536,7174.14
47584,16,65536,7174.02
47600,16,65536,7174.4
47616,16,65536,7174.02
47632,16,65536,7174.91
47648,16,65536,7174.02
47664,16,65536,7174.91
47680,16,65536,7174.02
47696,16,65536,7175.17
47712,16,65536,7174.14
47728,16,65536,7174.91
47744,16,65536,7174.14
47760,16,65536,7175.04
47776,16,65536,7174.14
47792,16,65536,7175.04
47808,16,65536,7173.89
47824,16,65536,7175.04
47840,16,65536,7174.02
47856,16,65536,7175.04
47872,16,65536,7174.02
47888,16,65536,7175.04
47904,16,65536,7174.14
47920,16,65536,7174.91
47936,16,65536,7174.02
47952,16,65536,7174.91
47968,16,65536,7174.14
47984,16,65536,7174.91
48000,16,65536,7174.14
48016,16,65536,7174.91
48032,16,65536,7174.02
48048,16,65536,7175.17
48064,16,65536,7174.02
48080,16,65536,7175.04
48096,16,65536,7174.14
48112,16,65536,7175.04
48128,16,65536,7174.14
48144,16,65536,7175.04
48160,16,65536,7174.02
48176,16,65536,7175.04
48192,16,65536,7174.02
48208,16,65536,7174.91
48224,16,65536,7174.14
48240,16,65536,7174.91
48256,16,65536,7174.14
48272,16,65536,7174.91
48288,16,65536,7174.14
48304,16,65536,7174.91
48320,16,65536,7174.14
48336,16,65536,7174.91
48352,16,65536,7174.53
48368,16,65536,7175.04
48384,16,65536,7174.91
48400,16,65536,7175.04
48416,16,65536,7175.04
48432,16,65536,7174.91
48448,16,65536,7174.91
48464,16,65536,7175.17
48480,16,65536,7174.91
48496,16,65536,7174.91
48512,16,65536,7174.91
48528,16,65536,7175.04
48544,16,65536,7174.91
48560,16,65536,7174.91
48576,16,65536,7174.91
48592,16,65536,7174.91
48608,16,65536,7175.17
48624,16,65536,7175.04
48640,16,65536,7175.04
48656,16,65536,7175.04
48672,16,65536,7175.04
48688,16,65536,7175.17
48704,16,65536,7175.04
48720,16,65536,7174.91
48736,16,65536,7174.91
48752,16,65536,7175.04
48768,16,65536,7174.91
48784,16,65536,7174.91
48800,16,65536,7174.91
48816,16,65536,7174.91
48832,16,65536,7175.04
48848,16,65536,7175.17
48864,16,65536,7174.91
48880,16,65536,7174.91
48896,16,65536,7174.91
48912,16,65536,7175.04
48928,16,65536,7175.04
48944,16,65536,7175.04
48960,16,65536,7174.91
48976,16,65536,7175.04
48992,16,65536,7174.91
49008,16,65536,7175.04
49024,16,65536,7175.17
49040,16,65536,7174.91
49056,16,65536,7174.91
49072,16,65536,7175.17
49088,16,65536,7175.04
49104,16,65536,7175.04
49120,16,65536,7175.04
49136,16,65536,7175.04
49152,16,65536,7174.91
49168,16,65536,7174.91
49184,16,65536,7174.91
49200,16,65536,7175.04
49216,16,65536,7174.91
49232,16,65536,7174.91
49248,16,65536,7174.91
49264,16,65536,7175.04
49280,16,65536,7174.91
49296,16,65536,7174.91
49312,16,65536,7175.04
49328,16,65536,7175.04
49344,16,65536,7175.04
49360,16,65536,7174.91
49376,16,65536,7174.91
49392,16,65536,7174.91
49408,16,65536,7174.91
49424,16,65536,7174.91
49440,16,65536,7175.04
49456,16,65536,7174.91
49472,16,65536,7174.91
49488,16,65536,7175.17
49504,16,65536,7174.91
49520,16,65536,7174.91
49536,16,65536,7175.17
49552,16,65536,7175.04
49568,16,65536,7175.04
49584,16,65536,7175.04
49600,16,65536,7174.91
49616,16,65536,7175.55
49632,16,65536,7174.91
49648,16,65536,7174.91
49664,16,65536,7174.91
49680,16,65536,7175.55
49696,16,65536,7174.91
49712,16,65536,7175.55
49728,16,65536,7175.04
49744,16,65536,7175.94
49760,16,65536,7174.91
49776,16,65536,7175.94
49792,16,65536,7174.91
49808,16,65536,7175.94
49824,16,65536,7175.17
49840,16,65536,7175.94
49856,16,65536,7175.04
49872,16,65536,7176.06
49888,16,65536,7174.91
49904,16,65536,7175.94
49920,16,65536,7174.91
49936,16,65536,7175.94
49952,16,65536,7174.91
49968,16,65536,7176.06
49984,16,65536,7174.91
50000,16,65536,7175.94
50016,16,65536,7174.91
50032,16,65536,7175.94
50048,16,65536,7174.91
50064,16,65536,7176.06
50080,16,65536,7175.17
50096,16,65536,7175.94
50112,16,65536,7174.91
50128,16,65536,7175.94
50144,16,65536,7174.91
50160,16,65536,7176.06
50176,16,65536,7175.04
50192,16,65536,7175.94
50208,16,65536,7174.91
50224,16,65536,7175.94
50240,16,65536,7175.17
50256,16,65536,7175.94
50272,16,65536,7175.17
50288,16,65536,7175.94
50304,16,65536,7174.91
50320,16,65536,7175.94
50336,16,65536,7174.91
50352,16,65536,7175.94
50368,16,65536,7174.91
50384,16,65536,7175.94
50400,16,65536,7174.91
50416,16,65536,7176.19
50432,16,65536,7175.55
50448,16,65536,7175.94
50464,16,65536,7175.04
50480,16,65536,7175.94
50496,16,65536,7174.91
50512,16,65536,7175.94
50528,16,65536,7175.55
50544,16,65536,7175.94
50560,16,65536,7176.06
50576,16,65536,7176.06
50592,16,65536,7175.94
50608,16,65536,7175.94
50624,16,65536,7175.94
50640,16,65536,7175.94
50656,16,65536,7176.19
50672,16,65536,7175.94
50688,16,65536,7175.94
50704,16,65536,7175.94
50720,16,65536,7175.94
50736,16,65536,7175.94
50752,16,65536,7175.94
50768,16,65536,7175.94
50784,16,65536,7175.94
50800,16,65536,7175.94
50816,16,65536,7175.94
50832,16,65536,7175.94
50848,16,65536,7176.06
50864,16,65536,7175.94
50880,16,65536,7175.94
50896,16,65536,7176.06
50912,16,65536,7175.94
50928,16,65536,7176.19
50944,16,65536,7175.94
50960,16,65536,7176.06
50976,16,65536,7175.94
50992,16,65536,7176.06
51008,16,65536,7175.94
51024,16,65536,7175.94
51040,16,65536,7175.94
51056,16,65536,7175.94
51072,16,65536,7175.94
51088,16,65536,7175.94
51104,16,65536,7175.94
51120,16,65536,7175.94
51136,16,65536,7175.94
51152,16,65536,7175.94
51168,16,65536,7175.94
51184,16,65536,7175.94
51200,16,65536,7175.94
51216,16,65536,7176.06
51232,16,65536,7176.06
51248,16,65536,7175.94
51264,16,65536,7175.94
51280,16,65536,7176.06
51296,16,65536,7175.94
51312,16,65536,7176.06
51328,16,65536,7176.06
51344,16,65536,7175.94
51360,16,65536,7175.94
51376,16,65536,7175.94
51392,16,65536,7175.94
51408,16,65536,7175.94
51424,16,65536,7176.06
51440,16,65536,7176.06
51456,16,65536,7175.94
51472,16,65536,7175.94
51488,16,65536,7176.19
51504,16,65536,7176.19
51520,16,65536,7176.06
51536,16,65536,7175.94
51552,16,65536,7176.06
51568,16,65536,7175.94
51584,16,65536,7175.94
51600,16,65536,7175.94
51616,16,65536,7176.06
51632,16,65536,7175.94
51648,16,65536,7175.94
51664,16,65536,7176.19
51680,16,65536,7175.94
51696,16,65536,7175.94
51712,16,65536,7176.06
51728,16,65536,7176.19
51744,16,65536,7175.94
51760,16,65536,7175.94
51776,16,65536,7175.94
51792,16,65536,7176.96
51808,16,65536,7175.94
51824,16,65536,7176.96
51840,16,65536,7175.94
51856,16,65536,7177.09
51872,16,65536,7176.06
51888,16,65536,7176.96
51904,16,65536,7176.06
51920,16,65536,7176.96
51936,16,65536,7175.94
51952,16,65536,7176.96
51968,16,65536,7176.06
51984,16,65536,7177.22
52000,16,65536,7175.94
52016,16,65536,7176.96
52032,16,65536,7175.94
52048,16,65536,7176.96
52064,16,65536,7175.94
52080,16,65536,7176.96
52096,16,65536,7176.06
52112,16,65536,7177.09
52128,16,65536,7175.94
52144,16,65536,7176.96
52160,16,65536,7175.94
52176,16,65536,7176.96
52192,16,65536,7175.94
52208,16,65536,7177.22
52224,16,65536,7175.94
52240,16,65536,7176.96
52256,16,65536,7176.06
52272,16,65536,7177.22
52288,16,65536,7176.06
52304,16,65536,7177.09
52320,16,65536,7176.19
52336,16,65536,7176.96
52352,16,65536,7175.94
52368,16,65536,7176.96
52384,16,65536,7175.94
52400,16,65536,7176.96
52416,16,65536,7175.94
52432,16,65536,7177.09
52448,16,65536,7176.45
52464,16,65536,7176.96
52480,16,65536,7176.06
52496,16,65536,7176.96
52512,16,65536,7176.45
52528,16,65536,7176.96
52544,16,65536,7175.94
52560,16,65536,7176.96
52576,16,65536,7176.58
52592,16,65536,7176.96
52608,16,65536,7176.96
52624,16,65536,7176.96
52640,16,65536,7176.96
52656,16,65536,7176.96
52672,16,65536,7176.96
52688,16,65536,7176.96
52704,16,65536,7177.22
52720,16,65536,7177.22
52736,16,65536,7176.58
52752,16,65536,7176.96
52768,16,65536,7176.96
52784,16,65536,7177.22
52800,16,65536,7177.22
52816,16,65536,7176.96
52832,16,65536,7176.96
52848,16,65536,7176.96
52864,16,65536,7176.96
52880,16,65536,7176.96
52896,16,65536,7176.96
52912,16,65536,7176.96
52928,16,65536,7176.96
52944,16,65536,7177.09
52960,16,65536,7176.96
52976,16,65536,7176.96
52992,16,65536,7176.96
53008,16,65536,7176.96
53024,16,65536,7176.96
53040,16,65536,7176.96
53056,16,65536,7176.96
53072,16,65536,7176.96
53088,16,65536,7176.96
53104,16,65536,7176.96
53120,16,65536,7177.22
53136,16,65536,7176.96
53152,16,65536,7176.96
53168,16,65536,7176.96
53184,16,65536,7176.96
53200,16,65536,7176.96
53216,16,65536,7176.96
53232,16,65536,7177.22
53248,16,65536,7176.96
53264,16,65536,7176.96
53280,16,65536,7176.96
53296,16,65536,7176.96
53312,16,65536,7176.96
53328,16,65536,7176.96
53344,16,65536,7176.96
53360,16,65536,7176.96
53376,16,65536,7176.96
53392,16,65536,7176.96
53408,16,65536,7176.96
53424,16,65536,7176.96
53440,16,65536,7176.96
53456,16,65536,7177.09
53472,16,65536,7176.96
53488,16,65536,7176.96
53504,16,65536,7177.09
53520,16,65536,7176.96
53536,16,65536,7176.96
53552,16,65536,7177.22
53568,16,65536,7176.96
53584,16,65536,7176.96
53600,16,65536,7176.96
53616,16,65536,7177.09
53632,16,65536,7176.96
53648,16,65536,7176.96
53664,16,65536,7177.09
53680,16,65536,7176.96
53696,16,65536,7176.96
53712,16,65536,7176.96
53728,16,65536,7176.96
53744,16,65536,7176.96
53760,16,65536,7176.96
53776,16,65536,7177.09
53792,16,65536,7177.22
53808,16,65536,7177.6
53824,16,65536,7176.96
53840,16,65536,7177.98
53856,16,65536,7176.96
53872,16,65536,7177.47
53888,16,65536,7176.96
53904,16,65536,7177.6
53920,16,65536,7176.96
53936,16,65536,7177.47
53952,16,65536,7176.96
53968,16,65536,7177.98
53984,16,65536,7176.96
54000,16,65536,7177.98
54016,16,65536,7176.96
54032,16,65536,7177.98
54048,16,65536,7177.09
54064,16,65536,7177.98
54080,16,65536,7177.09
54096,16,65536,7177.98
54112,16,65536,7176.96
54128,16,65536,7177.98
54144,16,65536,7176.96
54160,16,65536,7177.98
54176,16,65536,7176.96
54192,16,65536,7177.98
54208,16,65536,7176.96
54224,16,65536,7177.98
54240,16,65536,7176.96
54256,16,65536,7177.98
54272,16,65536,7176.96
54288,16,65536,7177.98
54304,16,65536,7176.96
54320,16,65536,7177.98
54336,16,65536,7176.96
54352,16,65536,7177.98
54368,16,65536,7176.96
54384,16,65536,7177.98
54400,16,65536,7176.96
54416,16,65536,7177.98
54432,16,65536,7176.96
54448,16,65536,7177.98
54464,16,65536,7176.96
54480,16,65536,7177.98
54496,16,65536,7176.96
54512,16,65536,7177.98
54528,16,65536,7177.47
54544,16,65536,7177.98
54560,16,65536,7176.96
54576,16,65536,7177.98
54592,16,65536,7177.47
54608,16,65536,7178.11
54624,16,65536,7177.98
54640,16,65536,7177.98
54656,16,65536,7177.98
54672,16,65536,7177.98
54688,16,65536,7177.98
54704,16,65536,7177.98
54720,16,65536,7177.98
54736,16,65536,7177.98
54752,16,65536,7177.98
54768,16,65536,7177.98
54784,16,65536,7177.98
54800,16,65536,7177.98
54816,16,65536,7177.98
54832,16,65536,7177.98
54848,16,65536,7177.98
54864,16,65536,7177.98
54880,16,65536,7177.98
54896,16,65536,7177.98
54912,16,65536,7177.98
54928,16,65536,7177.98
54944,16,65536,7177.98
54960,16,65536,7177.98
54976,16,65536,7177.98
54992,16,65536,7177.98
55008,16,65536,7177.98
55024,16,65536,7177.98
55040,16,65536,7177.98
55056,16,65536,7177.98
55072,16,65536,7177.98
55088,16,65536,7177.98
55104,16,65536,7177.98
55120,16,65536,7177.98
55136,16,65536,7177.98
55152,16,65536,7177.98
55168,16,65536,7177.98
55184,16,65536,7177.98
55200,16,65536,7177.98
55216,16,65536,7177.98
55232,16,65536,7177.98
55248,16,65536,7177.98
55264,16,65536,7177.98
55280,16,65536,7177.98
55296,16,65536,7177.98
55312,16,65536,7177.98
55328,16,65536,7177.98
55344,16,65536,7177.98
55360,16,65536,7177.98
55376,16,65536,7177.98
55392,16,65536,7177.98
55408,16,65536,7177.98
55424,16,65536,7177.98
55440,16,65536,7177.98
55456,16,65536,7177.98
55472,16,65536,7177.98
55488,16,65536,7177.98
55504,16,65536,7177.98
55520,16,65536,7177.98
55536,16,65536,7177.98
55552,16,65536,7178.11
55568,16,65536,7177.98
55584,16,65536,7178.11
55600,16,65536,7177.98
55616,16,65536,7177.98
55632,16,65536,7177.98
55648,16,65536,7177.98
55664,16,65536,7177.98
55680,16,65536,7177.98
55696,16,65536,7177.98
55712,16,65536,7177.98
55728,16,65536,7177.98
55744,16,65536,7177.98
55760,16,65536,7177.98
55776,16,65536,7177.98
55792,16,65536,7177.98
55808,16,65536,7177.98
55824,16,65536,7177.98
55840,16,65536,7177.98
55856,16,65536,7179.01
55872,16,65536,7177.98
55888,16,65536,7178.11
55904,16,65536,7177.98
55920,16,65536,7177.98
55936,16,65536,7177.98
55952,16,65536,7177.98
55968,16,65536,7177.98
55984,16,65536,7177.98
56000,16,65536,7177.98
56016,16,65536,7178.37
56032,16,65536,7177.98
56048,16,65536,7178.5
56064,16,65536,7177.98
56080,16,65536,7179.01
56096,16,65536,7177.98
56112,16,65536,7179.01
56128,16,65536,7177.98
56144,16,65536,7179.01
56160,16,65536,7177.98
56176,16,65536,7179.01
56192,16,65536,7177.98
56208,16,65536,7179.01
56224,16,65536,7177.98
56240,16,65536,7179.01
56256,16,65536,7177.98
56272,16,65536,7179.01
56288,16,65536,7177.98
56304,16,65536,7179.01
56320,16,65536,7177.98
56336,16,65536,7179.01
56352,16,65536,7177.98
56368,16,65536,7179.01
56384,16,65536,7177.98
56400,16,65536,7179.01
56416,16,65536,7177.98
56432,16,65536,7179.01
56448,16,65536,7177.98
56464,16,65536,7179.01
56480,16,65536,7178.11
56496,16,65536,7179.01
56512,16,65536,7177.98
56528,16,65536,7179.01
56544,16,65536,7178.5
56560,16,65536,7179.01
56576,16,65536,7178.5
56592,16,65536,7179.01
56608,16,65536,7178.11
56624,16,65536,7179.01
56640,16,65536,7178.5
56656,16,65536,7179.01
56672,16,65536,7178.37
56688,16,65536,7179.01
56704,16,65536,7178.5
56720,16,65536,7179.01
56736,16,65536,7179.01
56752,16,65536,7179.01
56768,16,65536,7179.01
56784,16,65536,7179.01
56800,16,65536,7179.01
56816,16,65536,7179.01
56832,16,65536,7179.01
56848,16,65536,7179.01
56864,16,65536,7179.01
56880,16,65536,7179.01
56896,16,65536,7179.01
56912,16,65536,7179.01
56928,16,65536,7179.01
56944,16,65536,7179.01
56960,16,65536,7179.01
56976,16,65536,7179.01
56992,16,65536,7179.01
57008,16,65536,7179.01
57024,16,65536,7179.01
57040,16,65536,7179.01
57056,16,65536,7179.01
57072,16,65536,7179.01
57088,16,65536,7179.01
57104,16,65536,7179.01
57120,16,65536,7179.01
57136,16,65536,7179.01
57152,16,65536,7179.01
57168,16,65536,7179.01
57184,16,65536,7179.01
57200,16,65536,7179.01
57216,16,65536,7179.01
57232,16,65536,7179.01
57248,16,65536,7179.01
57264,16,65536,7179.01
57280,16,65536,7179.01
57296,16,65536,7179.01
57312,16,65536,7179.01
57328,16,65536,7179.01
57344,16,65536,7179.01
57360,16,65536,7179.01
57376,16,65536,7179.01
57392,16,65536,7179.01
57408,16,65536,7179.01
57424,16,65536,7179.01
57440,16,65536,7179.01
57456,16,65536,7179.01
57472,16,65536,7179.01
57488,16,65536,7179.01
57504,16,65536,7179.01
57520,16,65536,7179.01
57536,16,65536,7179.01
57552,16,65536,7179.01
57568,16,65536,7179.01
57584,16,65536,7179.01
57600,16,65536,7179.01
57616,16,65536,7179.01
57632,16,65536,7179.01
57648,16,65536,7179.01
57664,16,65536,7179.01
57680,16,65536,7179.01
57696,16,65536,7179.01
57712,16,65536,7179.01
57728,16,65536,7179.01
57744,16,65536,7179.01
57760,16,65536,7179.01
57776,16,65536,7179.01
57792,16,65536,7179.01
57808,16,65536,7179.01
57824,16,65536,7179.01
57840,16,65536,7179.01
57856,16,65536,7179.01
57872,16,65536,7179.01
57888,16,65536,7179.01
57904,16,65536,7179.01
57920,16,65536,7179.01
57936,16,65536,7179.52
57952,16,65536,7179.01
57968,16,65536,7179.01
57984,16,65536,7179.01
58000,16,65536,7179.01
58016,16,65536,7179.01
58032,16,65536,7179.52
58048,16,65536,7179.01
58064,16,65536,7179.9
58080,16,65536,7179.01
58096,16,65536,7180.03
58112,16,65536,7179.01
58128,16,65536,7180.03
58144,16,65536,7179.01
58160,16,65536,7180.03
58176,16,65536,7179.01
58192,16,65536,7179.9
58208,16,65536,7179.01
58224,16,65536,7180.03
58240,16,65536,7179.01
58256,16,65536,7180.03
58272,16,65536,7179.01
58288,16,65536,7180.03
58304,16,65536,7179.01
58320,16,65536,7180.03
58336,16,65536,7179.01
58352,16,65536,7180.03
58368,16,65536,7179.01
58384,16,65536,7180.03
58400,16,65536,7179.01
58416,16,65536,7180.03
58432,16,65536,7179.01
58448,16,65536,7179.9
58464,16,65536,7179.01
58480,16,65536,7179.9
58496,16,65536,7179.01
58512,16,65536,7180.03
58528,16,65536,7179.01
58544,16,65536,7180.03
58560,16,65536,7179.01
58576,16,65536,7180.03
58592,16,65536,7179.01
58608,16,65536,7180.03
58624,16,65536,7179.01
58640,16,65536,7180.03
58656,16,65536,7179.01
58672,16,65536,7179.9
58688,16,65536,7179.52
58704,16,65536,7180.03
58720,16,65536,7180.03
58736,16,65536,7180.03
58752,16,65536,7179.52
58768,16,65536,7180.03
58784,16,65536,7180.03
58800,16,65536,7180.03
58816,16,65536,7180.03
58832,16,65536,7180.03
58848,16,65536,7180.03
58864,16,65536,7180.03
58880,16,65536,7180.03
58896,16,65536,7180.03
58912,16,65536,7179.78
58928,16,65536,7180.03
58944,16,65536,7180.03
58960,16,65536,7180.03
58976,16,65536,7180.03
58992,16,65536,7180.03
59008,16,65536,7180.03
59024,16,65536,7180.03
59040,16,65536,7180.03
59056,16,65536,7180.03
59072,16,65536,7180.03
59088,16,65536,7180.03
59104,16,65536,7180.03
59120,16,65536,7179.9
59136,16,65536,7180.03
59152,16,65536,7180.03
59168,16,65536,7180.03
59184,16,65536,7180.03
59200,16,65536,7180.03
59216,16,65536,7180.03
59232,16,65536,7180.03
59248,16,65536,7180.03
59264,16,65536,7180.03
59280,16,65536,7180.03
59296,16,65536,7180.03
59312,16,65536,7180.03
59328,16,65536,7180.03
59344,16,65536,7180.03
59360,16,65536,7180.03
59376,16,65536,7180.03
59392,16,65536,7180.03
59408,16,65536,7180.03
59424,16,65536,7180.03
59440,16,65536,7180.03
59456,16,65536,7180.03
59472,16,65536,7180.03
59488,16,65536,7180.03
59504,16,65536,7180.03
59520,16,65536,7180.03
59536,16,65536,7180.03
59552,16,65536,7180.03
59568,16,65536,7180.03
59584,16,65536,7180.03
59600,16,65536,7180.03
59616,16,65536,7179.9
59632,16,65536,7180.03
59648,16,65536,7180.03
59664,16,65536,7180.03
59680,16,65536,7180.03
59696,16,65536,7180.03
59712,16,65536,7180.03
59728,16,65536,7180.03
59744,16,65536,7180.03
59760,16,65536,7180.03
59776,16,65536,7180.03
59792,16,65536,7180.03
59808,16,65536,7180.03
59824,16,65536,7180.03
59840,16,65536,7180.03
59856,16,65536,7180.03
59872,16,65536,7180.03
59888,16,65536,7180.03
59904,16,65536,7180.03
59920,16,65536,7180.03
59936,16,65536,7180.03
59952,16,65536,7180.03
59968,16,65536,7180.03
59984,16,65536,7180.03
60000,16,65536,7180.03
60016,16,65536,7180.03
60032,16,65536,7180.03
60048,16,65536,7180.03
60064,16,65536,7180.03
60080,16,65536,7180.03
60096,16,65536,7180.03
60112,16,65536,7180.54
60128,16,65536,7180.03
60144,16,65536,7180.03
60160,16,65536,7180.03
60176,16,65536,7180.42
60192,16,65536,7180.03
60208,16,65536,7180.42
60224,16,65536,7180.03
60240,16,65536,7181.06
60256,16,65536,7180.03
60272,16,65536,7181.06
60288,16,65536,7180.03
60304,16,65536,7181.06
60320,16,65536,7180.03
60336,16,65536,7180.93
60352,16,65536,7180.03
60368,16,65536,7181.06
60384,16,65536,7180.03
60400,16,65536,7181.06
60416,16,65536,7180.03
60432,16,65536,7181.06
60448,16,65536,7180.03
60464,16,65536,7181.06
60480,16,65536,7180.03
60496,16,65536,7181.06
60512,16,65536,7180.03
60528,16,65536,7181.06
60544,16,65536,7180.03
60560,16,65536,7181.06
60576,16,65536,7180.03
60592,16,65536,7180.93
60608,16,65536,7180.03
60624,16,65536,7180.93
60640,16,65536,7180.03
60656,16,65536,7181.06
60672,16,65536,7180.03
60688,16,65536,7181.06
60704,16,65536,7180.03
60720,16,65536,7181.06
60736,16,65536,7180.03
60752,16,65536,7181.06
60768,16,65536,7180.54
60784,16,65536,7181.06
60800,16,65536,7180.03
60816,16,65536,7181.06
60832,16,65536,7180.54
60848,16,65536,7181.06
60864,16,65536,7180.42
60880,16,65536,7181.06
60896,16,65536,7180.8
60912,16,65536,7181.06
60928,16,65536,7180.54
60944,16,65536,7181.06
60960,16,65536,7181.06
60976,16,65536,7181.06
60992,16,65536,7180.93
61008,16,65536,7181.06
61024,16,65536,7181.06
61040,16,65536,7181.06
61056,16,65536,7181.06
61072,16,65536,7181.06
61088,16,65536,7181.06
61104,16,65536,7181.06
61120,16,65536,7181.06
61136,16,65536,7181.06
61152,16,65536,7181.06
61168,16,65536,7181.06
61184,16,65536,7181.06
61200,16,65536,7181.06
61216,16,65536,7181.06
61232,16,65536,7181.06
61248,16,65536,7181.06
61264,16,65536,7181.06
61280,16,65536,7181.06
61296,16,65536,7181.06
61312,16,65536,7181.06
61328,16,65536,7181.06
61344,16,65536,7180.93
61360,16,65536,7181.06
61376,16,65536,7181.06
61392,16,65536,7181.06
61408,16,65536,7181.06
61424,16,65536,7181.06
61440,16,65536,7181.06
61456,16,65536,7181.06
61472,16,65536,7181.06
61488,16,65536,7181.06
61504,16,65536,7181.06
61520,16,65536,7181.06
61536,16,65536,7181.06
61552,16,65536,7181.06
61568,16,65536,7180.93
61584,16,65536,7181.06
61600,16,65536,7181.06
61616,16,65536,7181.06
61632,16,65536,7181.06
61648,16,65536,7181.06
61664,16,65536,7181.06
61680,16,65536,7181.06
61696,16,65536,7181.06
61712,16,65536,7181.06
61728,16,65536,7181.06
61744,16,65536,7181.06
61760,16,65536,7181.06
61776,16,65536,7181.06
61792,16,65536,7181.06
61808,16,65536,7181.06
61824,16,65536,7180.93
61840,16,65536,7181.06
61856,16,65536,7180.54
61872,16,65536,7181.06
61888,16,65536,7181.06
61904,16,65536,7181.06
61920,16,65536,7180.93
61936,16,65536,7181.06
61952,16,65536,7181.06
61968,16,65536,7181.06
61984,16,65536,7181.06
62000,16,65536,7181.06
62016,16,65536,7181.06
62032,16,65536,7181.06
62048,16,65536,7181.06
62064,16,65536,7181.06
62080,16,65536,7181.06
62096,16,65536,7181.06
62112,16,65536,7181.06
62128,16,65536,7181.06
62144,16,65536,7181.06
62160,16,65536,7181.06
62176,16,65536,7181.06
62192,16,65536,7181.06
62208,16,65536,7181.06
62224,16,65536,7181.57
62240,16,65536,7181.06
62256,16,65536,7181.06
62272,16,65536,7181.06
62288,16,65536,7181.44
62304,16,65536,7181.06
62320,16,65536,7181.57
62336,16,65536,7181.06
62352,16,65536,7181.82
62368,16,65536,7181.06
62384,16,65536,7182.08
62400,16,65536,7181.06
62416,16,65536,7181.95
62432,16,65536,7181.06
62448,16,65536,7181.95
62464,16,65536,7181.06
62480,16,65536,7181.95
62496,16,65536,7181.06
62512,16,65536,7182.08
62528,16,65536,7180.93
62544,16,65536,7182.08
62560,16,65536,7181.06
62576,16,65536,7181.95
62592,16,65536,7181.06
62608,16,65536,7182.08
62624,16,65536,7181.06
62640,16,65536,7181.95
62656,16,65536,7181.06
62672,16,65536,7182.08
62688,16,65536,7181.06
62704,16,65536,7182.08
62720,16,65536,7181.06
62736,16,65536,7182.08
62752,16,65536,7181.06
62768,16,65536,7182.08
62784,16,65536,7181.06
62800,16,65536,7182.08
62816,16,65536,7181.06
62832,16,65536,7182.08
62848,16,65536,7182.08
62864,16,65536,7182.08
62880,16,65536,7181.57
62896,16,65536,7181.95
62912,16,65536,7181.82
62928,16,65536,7182.08
62944,16,65536,7182.08
62960,16,65536,7181.95
62976,16,65536,7181.95
62992,16,65536,7182.08
63008,16,65536,7181.57
63024,16,65536,7182.08
63040,16,65536,7182.08
63056,16,65536,7181.95
63072,16,65536,7181.95
63088,16,65536,7181.95
63104,16,65536,7181.95
63120,16,65536,7182.08
63136,16,65536,7182.08
63152,16,65536,7182.08
63168,16,65536,7182.08
63184,16,65536,7182.08
63200,16,65536,7181.95
63216,16,65536,7181.82
63232,16,65536,7181.95
63248,16,65536,7182.08
63264,16,65536,7182.08
63280,16,65536,7182.08
63296,16,65536,7182.08
63312,16,65536,7181.95
63328,16,65536,7181.82
63344,16,65536,7181.82
63360,16,65536,7182.08
63376,16,65536,7182.08
63392,16,65536,7181.95
63408,16,65536,7181.95
63424,16,65536,7182.08
63440,16,65536,7182.08
63456,16,65536,7181.95
63472,16,65536,7182.08
63488,16,65536,7182.08
63504,16,65536,7182.08
63520,16,65536,7182.08
63536,16,65536,7181.82
63552,16,65536,7182.08
63568,16,65536,7182.08
63584,16,65536,7181.82
63600,16,65536,7182.08
63616,16,65536,7182.08
63632,16,65536,7182.08
63648,16,65536,7182.08
63664,16,65536,7182.08
63680,16,65536,7181.44
63696,16,65536,7181.82
63712,16,65536,7182.08
63728,16,65536,7182.08
63744,16,65536,7182.08
63760,16,65536,7182.08
63776,16,65536,7181.82
63792,16,65536,7182.08
63808,16,65536,7182.08
63824,16,65536,7182.08
63840,16,65536,7182.08
63856,16,65536,7182.08
63872,16,65536,7181.95
63888,16,65536,7181.95
63904,16,65536,7182.08
63920,16,65536,7182.08
63936,16,65536,7182.08
63952,16,65536,7181.95
63968,16,65536,7182.08
63984,16,65536,7181.82
64000,16,65536,7182.08
64016,16,65536,7182.08
64032,16,65536,7182.08
64048,16,65536,7181.82
64064,16,65536,7182.08
64080,16,65536,7182.08
64096,16,65536,7181.82
64112,16,65536,7182.08
64128,16,65536,7182.08
64144,16,65536,7182.08
64160,16,65536,7182.08
64176,16,65536,7182.08
64192,16,65536,7182.08
64208,16,65536,7182.08
64224,16,65536,7182.08
64240,16,65536,7181.82
64256,16,65536,7182.08
64272,16,65536,7181.95
64288,16,65536,7182.08
64304,16,65536,7182.46
64320,16,65536,7182.08
64336,16,65536,7182.59
64352,16,65536,7182.08
64368,16,65536,7182.59
64384,16,65536,7181.95
64400,16,65536,7183.1
64416,16,65536,7181.82
64432,16,65536,7183.1
64448,16,65536,7182.08
64464,16,65536,7183.1
64480,16,65536,7181.95
64496,16,65536,7183.1
64512,16,65536,7181.82
64528,16,65536,7183.1
64544,16,65536,7182.08
64560,16,65536,7183.1
64576,16,65536,7182.08
64592,16,65536,7182.85
64608,16,65536,7182.08
64624,16,65536,7183.1
64640,16,65536,7182.08
64656,16,65536,7183.1
64672,16,65536,7181.82
64688,16,65536,7183.1
64704,16,65536,7182.08
64720,16,65536,7182.98
64736,16,65536,7182.08
64752,16,65536,7183.1
64768,16,65536,7182.08
64784,16,65536,7183.1
64800,16,65536,7182.59
64816,16,65536,7183.1
64832,16,65536,7182.59
64848,16,65536,7183.1
64864,16,65536,7182.46
64880,16,65536,7183.1
64896,16,65536,7182.34
64912,16,65536,7182.98
64928,16,65536,7182.34
64944,16,65536,7183.1
64960,16,65536,7182.46
64976,16,65536,7182.85
64992,16,65536,7182.46
65008,16,65536,7182.98
65024,16,65536,7182.85
65040,16,65536,7183.1
65056,16,65536,7182.85
65072,16,65536,7183.1
65088,16,65536,7182.85
65104,16,65536,7183.1
65120,16,65536,7183.1
65136,16,65536,7183.1
65152,16,65536,7183.1
65168,16,65536,7183.1
65184,16,65536,7182.85
65200,16,65536,7182.85
65216,16,65536,7182.85
65232,16,65536,7182.98
65248,16,65536,7183.1
65264,16,65536,7182.85
65280,16,65536,7182.98
65296,16,65536,7182.85
65312,16,65536,7182.85
65328,16,65536,7183.1
65344,16,65536,7183.1
65360,16,65536,7183.1
65376,16,65536,7183.1
65392,16,65536,7183.1
65408,16,65536,7183.1
65424,16,65536,7183.1
65440,16,65536,7183.1
65456,16,65536,7182.98
65472,16,65536,7183.1
65488,16,65536,7183.1
65504,16,65536,7182.85
65520,16,65536,7183.1
65536,16,65536,7183.1
65552,16,65536,7182.98
65568,16,65536,7183.1
65584,16,65536,7182.98
65600,16,65536,7183.1
65616,16,65536,7183.1
65632,16,65536,7183.1
65648,16,65536,7183.1
65664,16,65536,7183.1
65680,16,65536,7183.1
65696,16,65536,7182.85
65712,16,65536,7183.1
65728,16,65536,7182.85
65744,16,65536,7183.1
65760,16,65536,7182.98
65776,16,65536,7183.1
65792,16,65536,7183.1
65808,16,65536,7182.98
65824,16,65536,7182.85
65840,16,65536,7182.98
65856,16,65536,7182.85
65872,16,65536,7182.98
65888,16,65536,7183.1
65904,16,65536,7183.1
65920,16,65536,7182.98
65936,16,65536,7183.1
65952,16,65536,7183.1
65968,16,65536,7183.1
65984,16,65536,7183.1
66000,16,65536,7183.1
66016,16,65536,7183.1
66032,16,65536,7183.1
66048,16,65536,7183.1
66064,16,65536,7183.1
66080,16,65536,7183.1
66096,16,65536,7183.1
66112,16,65536,7183.1
66128,16,65536,7183.1
66144,16,65536,7182.98
66160,16,65536,7183.1
66176,16,65536,7183.1
66192,16,65536,7183.1
66208,16,65536,7182.98
66224,16,65536,7182.98
66240,16,65536,7183.1
66256,16,65536,7183.1
66272,16,65536,7183.1
66288,16,65536,7182.98
66304,16,65536,7183.1
66320,16,65536,7184
66336,16,65536,7183.1
66352,16,65536,7183.1
66368,16,65536,7183.1
66384,16,65536,7183.1
66400,16,65536,7183.1
66416,16,65536,7183.1
66432,16,65536,7183.1
66448,16,65536,7183.87
66464,16,65536,7182.98
66480,16,65536,7184
66496,16,65536,7183.1
66512,16,65536,7183.87
66528,16,65536,7183.1
66544,16,65536,7184
66560,16,65536,7183.1
66576,16,65536,7184
66592,16,65536,7183.1
66608,16,65536,7184
66624,16,65536,7182.98
66640,16,65536,7184
66656,16,65536,7182.98
66672,16,65536,7183.87
66688,16,65536,7182.98
66704,16,65536,7184
66720,16,65536,7183.1
66736,16,65536,7184.13
66752,16,65536,7182.98
66768,16,65536,7184
66784,16,65536,7183.1
66800,16,65536,7184
66816,16,65536,7183.1
66832,16,65536,7183.87
66848,16,65536,7183.1
66864,16,65536,7184.13
66880,16,65536,7183.62
66896,16,65536,7184.13
66912,16,65536,7183.1
66928,16,65536,7184.13
66944,16,65536,7183.49
66960,16,65536,7184.13
66976,16,65536,7183.49
66992,16,65536,7184
67008,16,65536,7183.62
67024,16,65536,7184
67040,16,65536,7183.49
67056,16,65536,7183.49
67072,16,65536,7184.13
67088,16,65536,7184
67104,16,65536,7184.13
67120,16,65536,7184
67136,16,65536,7184.13
67152,16,65536,7184
67168,16,65536,7184.13
67184,16,65536,7184
67200,16,65536,7184.13
67216,16,65536,7184.13
67232,16,65536,7184
67248,16,65536,7184
67264,16,65536,7184
67280,16,65536,7184
67296,16,65536,7184.13
67312,16,65536,7183.87
67328,16,65536,7183.62
67344,16,65536,7184
67360,16,65536,7183.87
67376,16,65536,7184.13
67392,16,65536,7184.13
67408,16,65536,7184.13
67424,16,65536,7184
67440,16,65536,7184
67456,16,65536,7184
67472,16,65536,7184
67488,16,65536,7184.13
67504,16,65536,7184
67520,16,65536,7184
67536,16,65536,7184
67552,16,65536,7184
67568,16,65536,7184.13
67584,16,65536,7184.13
67600,16,65536,7184
67616,16,65536,7183.87
67632,16,65536,7184.13
67648,16,65536,7184.13
67664,16,65536,7184.13
67680,16,65536,7184.13
67696,16,65536,7184.13
67712,16,65536,7183.87
67728,16,65536,7184
67744,16,65536,7182.98
67760,16,65536,7184.13
67776,16,65536,7184.13
67792,16,65536,7184.13
67808,16,65536,7183.87
67824,16,65536,7184.13
67840,16,65536,7184
67856,16,65536,7184.13
67872,16,65536,7184.13
67888,16,65536,7184
67904,16,65536,7184
67920,16,65536,7184.13
67936,16,65536,7184
67952,16,65536,7184.13
67968,16,65536,7184.13
67984,16,65536,7184.13
68000,16,65536,7184.13
68016,16,65536,7184.13
68032,16,65536,7184.13
68048,16,65536,7184.13
68064,16,65536,7183.87
68080,16,65536,7184.13
68096,16,65536,7184.13
68112,16,65536,7184.13
68128,16,65536,7184
68144,16,65536,7184.13
68160,16,65536,7184
68176,16,65536,7184.13
68192,16,65536,7184.13
68208,16,65536,7184.13
68224,16,65536,7184.13
68240,16,65536,7184
68256,16,65536,7184.13
68272,16,65536,7184.13
68288,16,65536,7184.13
68304,16,65536,7183.87
68320,16,65536,7183.87
68336,16,65536,7184.13
68352,16,65536,7184
68368,16,65536,7184.51
68384,16,65536,7184.13
68400,16,65536,7184.51
68416,16,65536,7184.13
68432,16,65536,7184.13
68448,16,65536,7184.13
68464,16,65536,7184.51
68480,16,65536,7184.13
68496,16,65536,7185.02
68512,16,65536,7184.13
68528,16,65536,7184.9
68544,16,65536,7184.13
68560,16,65536,7185.15
68576,16,65536,7184.13
68592,16,65536,7185.02
68608,16,65536,7184.13
68624,16,65536,7184.9
68640,16,65536,7184.13
68656,16,65536,7184.9
68672,16,65536,7184.13
68688,16,65536,7185.15
68704,16,65536,7184.13
68720,16,65536,7185.15
68736,16,65536,7184
68752,16,65536,7185.02
68768,16,65536,7184
68784,16,65536,7184.9
68800,16,65536,7184.13
68816,16,65536,7184.51
68832,16,65536,7184.13
68848,16,65536,7185.02
68864,16,65536,7184
68880,16,65536,7185.02
68896,16,65536,7184
68912,16,65536,7185.02
68928,16,65536,7185.02
68944,16,65536,7185.02
68960,16,65536,7184.51
68976,16,65536,7184.9
68992,16,65536,7184.51
69008,16,65536,7184.9
69024,16,65536,7185.15
69040,16,65536,7185.02
69056,16,65536,7184.9
69072,16,65536,7185.02
69088,16,65536,7185.02
69104,16,65536,7185.15
69120,16,65536,7185.15
69136,16,65536,7185.02
69152,16,65536,7184.9
69168,16,65536,7185.02
69184,16,65536,7185.02
69200,16,65536,7184.9
69216,16,65536,7184.9
69232,16,65536,7185.02
69248,16,65536,7185.15
69264,16,65536,7185.02
69280,16,65536,7185.02
69296,16,65536,7184.9
69312,16,65536,7184.9
69328,16,65536,7185.02
69344,16,65536,7185.02
69360,16,65536,7185.02
69376,16,65536,7184.9
69392,16,65536,7185.15
69408,16,65536,7185.02
69424,16,65536,7185.02
69440,16,65536,7185.15
69456,16,65536,7185.02
69472,16,65536,7185.02
69488,16,65536,7185.02
69504,16,65536,7184.9
69520,16,65536,7185.15
69536,16,65536,7185.15
69552,16,65536,7185.15
69568,16,65536,7184.9
69584,16,65536,7185.15
69600,16,65536,7185.02
69616,16,65536,7185.02
69632,16,65536,7184.9
69648,16,65536,7185.15
69664,16,65536,7185.02
69680,16,65536,7185.15
69696,16,65536,7185.15
69712,16,65536,7185.02
69728,16,65536,7185.02
69744,16,65536,7185.02
69760,16,65536,7185.15
69776,16,65536,7185.02
69792,16,65536,7184.9
69808,16,65536,7184.9
69824,16,65536,7185.02
69840,16,65536,7185.02
69856,16,65536,7185.02
69872,16,65536,7185.02
69888,16,65536,7185.02
69904,16,65536,7184.9
69920,16,65536,7184.9
69936,16,65536,7185.02
69952,16,65536,7185.02
69968,16,65536,7185.15
69984,16,65536,7185.15
70000,16,65536,7185.02
70016,16,65536,7184.9
70032,16,65536,7184.9
70048,16,65536,7184.9
70064,16,65536,7185.02
70080,16,65536,7185.02
70096,16,65536,7185.15
70112,16,65536,7185.15
70128,16,65536,7185.02
70144,16,65536,7184.9
70160,16,65536,7185.15
70176,16,65536,7185.02
70192,16,65536,7185.15
70208,16,65536,7185.02
70224,16,65536,7185.15
70240,16,65536,7185.15
70256,16,65536,7185.15
70272,16,65536,7184.9
70288,16,65536,7185.15
70304,16,65536,7185.02
70320,16,65536,7184.9
70336,16,65536,7185.02
70352,16,65536,7185.15
70368,16,65536,7185.15
70384,16,65536,7185.15
70400,16,65536,7185.15
70416,16,65536,7185.15
70432,16,65536,7185.02
70448,16,65536,7185.02
70464,16,65536,7184.9
70480,16,65536,7185.02
70496,16,65536,7185.02
70512,16,65536,7185.02
70528,16,65536,7185.02
70544,16,65536,7185.15
70560,16,65536,7185.02
70576,16,65536,7185.02
70592,16,65536,7184.9
70608,16,65536,7185.54
70624,16,65536,7185.02
70640,16,65536,7185.54
70656,16,65536,7185.02
70672,16,65536,7185.02
70688,16,65536,7185.15
70704,16,65536,7186.05
70720,16,65536,7185.02
70736,16,65536,7185.92
70752,16,65536,7184.9
70768,16,65536,7186.05
70784,16,65536,7185.15
70800,16,65536,7186.05
70816,16,65536,7185.02
70832,16,65536,7185.92
70848,16,65536,7185.02
70864,16,65536,7185.92
70880,16,65536,7185.02
70896,16,65536,7186.05
70912,16,65536,7185.02
70928,16,65536,7185.92
70944,16,65536,7185.02
70960,16,65536,7185.92
70976,16,65536,7184.9
70992,16,65536,7185.92
71008,16,65536,7184.9
71024,16,65536,7185.92
71040,16,65536,7185.54
71056,16,65536,7185.92
71072,16,65536,7185.15
71088,16,65536,7186.05
71104,16,65536,7185.02
71120,16,65536,7185.92
71136,16,65536,7185.15
71152,16,65536,7185.92
71168,16,65536,7185.15
71184,16,65536,7185.92
71200,16,65536,7185.92
71216,16,65536,7185.92
71232,16,65536,7185.54
71248,16,65536,7186.18
71264,16,65536,7186.05
71280,16,65536,7186.18
71296,16,65536,7186.05
71312,16,65536,7186.18
71328,16,65536,7185.92
71344,16,65536,7185.92
71360,16,65536,7185.92
71376,16,65536,7186.05
71392,16,65536,7185.92
71408,16,65536,7185.92
71424,16,65536,7185.92
71440,16,65536,7186.05
71456,16,65536,7185.92
71472,16,65536,7185.92
71488,16,65536,7186.18
71504,16,65536,7186.05
71520,16,65536,7185.92
71536,16,65536,7186.05
71552,16,65536,7185.92
71568,16,65536,7186.05
71584,16,65536,7186.05
71600,16,65536,7185.92
71616,16,65536,7185.54
71632,16,65536,7186.05
71648,16,65536,7186.05
71664,16,65536,7186.18
71680,16,65536,7185.92
71696,16,65536,7185.92
71712,16,65536,7186.05
71728,16,65536,7185.92
71744,16,65536,7185.92
71760,16,65536,7186.05
71776,16,65536,7186.05
71792,16,65536,7185.92
71808,16,65536,7185.92
71824,16,65536,7186.05
71840,16,65536,7185.92
71856,16,65536,7186.05
71872,16,65536,7185.92
71888,16,65536,7185.92
71904,16,65536,7185.92
71920,16,65536,7186.18
71936,16,65536,7185.92
71952,16,65536,7185.92
71968,16,65536,7185.92
71984,16,65536,7186.05
72000,16,65536,7186.05
72016,16,65536,7185.92
72032,16,65536,7186.05
72048,16,65536,7185.92
72064,16,65536,7185.92
72080,16,65536,7185.92
72096,16,65536,7185.92
72112,16,65536,7186.05
72128,16,65536,7185.92
72144,16,65536,7186.05
72160,16,65536,7185.92
72176,16,65536,7185.92
72192,16,65536,7185.92
72208,16,65536,7186.05
72224,16,65536,7186.18
72240,16,65536,7186.05
72256,16,65536,7185.92
72272,16,65536,7186.05
72288,16,65536,7185.92
72304,16,65536,7185.92
72320,16,65536,7186.05
72336,16,65536,7185.92
72352,16,65536,7186.05
72368,16,65536,7186.05
72384,16,65536,7186.05
72400,16,65536,7185.92
72416,16,65536,7185.92
72432,16,65536,7185.92
72448,16,65536,7185.92
72464,16,65536,7185.92
72480,16,65536,7186.05
72496,16,65536,7186.05
72512,16,65536,7185.92
72528,16,65536,7186.05
72544,16,65536,7186.05
72560,16,65536,7185.92
72576,16,65536,7186.05
72592,16,65536,7186.18
72608,16,65536,7185.92
72624,16,65536,7185.92
72640,16,65536,7186.05
72656,16,65536,7186.18
72672,16,65536,7185.92
72688,16,65536,7186.56
72704,16,65536,7186.05
72720,16,65536,7186.94
72736,16,65536,7185.92
72752,16,65536,7186.94
72768,16,65536,7185.92
72784,16,65536,7186.94
72800,16,65536,7185.92
72816,16,65536,7186.94
72832,16,65536,7185.92
72848,16,65536,7186.94
72864,16,65536,7186.05
72880,16,65536,7186.94
72896,16,65536,7186.05
72912,16,65536,7186.94
72928,16,65536,7185.92
72944,16,65536,7186.94
72960,16,65536,7186.05
72976,16,65536,7186.94
72992,16,65536,7185.92
73008,16,65536,7186.94
73024,16,65536,7185.92
73040,16,65536,7186.94
73056,16,65536,7186.05
73072,16,65536,7187.07
73088,16,65536,7185.92
73104,16,65536,7186.94
73120,16,65536,7186.56
73136,16,65536,7186.94
73152,16,65536,7185.92
73168,16,65536,7186.94
73184,16,65536,7185.92
73200,16,65536,7186.94
73216,16,65536,7186.94
73232,16,65536,7186.94
73248,16,65536,7186.94
73264,16,65536,7186.94
73280,16,65536,7186.94
73296,16,65536,7186.94
73312,16,65536,7187.07
73328,16,65536,7186.94
73344,16,65536,7186.94
73360,16,65536,7187.07
73376,16,65536,7186.94
73392,16,65536,7187.07
73408,16,65536,7186.94
73424,16,65536,7187.2
73440,16,65536,7187.07
73456,16,65536,7187.07
73472,16,65536,7186.94
73488,16,65536,7186.94
73504,16,65536,7186.94
73520,16,65536,7187.07
73536,16,65536,7186.94
73552,16,65536,7186.94
73568,16,65536,7187.07
73584,16,65536,7186.94
73600,16,65536,7186.94
73616,16,65536,7186.94
73632,16,65536,7186.94
73648,16,65536,7186.94
73664,16,65536,7186.94
73680,16,65536,7186.94
73696,16,65536,7186.94
73712,16,65536,7186.94
73728,16,65536,7186.94
73744,16,65536,7187.07
73760,16,65536,7186.94
73776,16,65536,7186.94
73792,16,65536,7186.94
73808,16,65536,7186.94
73824,16,65536,7186.94
73840,16,65536,7186.94
73856,16,65536,7187.07
73872,16,65536,7187.07
73888,16,65536,7186.94
73904,16,65536,7186.94
73920,16,65536,7186.94
73936,16,65536,7186.94
73952,16,65536,7186.94
73968,16,65536,7187.07
73984,16,65536,7187.07
74000,16,65536,7186.94
74016,16,65536,7186.94
74032,16,65536,7186.94
74048,16,65536,7186.94
74064,16,65536,7186.94
74080,16,65536,7186.94
74096,16,65536,7187.2
74112,16,65536,7187.07
74128,16,65536,7186.94
74144,16,65536,7186.94
74160,16,65536,7186.94
74176,16,65536,7186.94
74192,16,65536,7187.07
74208,16,65536,7186.94
74224,16,65536,7187.2
74240,16,65536,7187.2
74256,16,65536,7186.94
74272,16,65536,7187.07
74288,16,65536,7187.2
74304,16,65536,7187.07
74320,16,65536,7187.07
74336,16,65536,7186.94
74352,16,65536,7186.94
74368,16,65536,7187.07
74384,16,65536,7186.94
74400,16,65536,7186.94
74416,16,65536,7186.94
74432,16,65536,7187.07
74448,16,65536,7186.94
74464,16,65536,7187.07
74480,16,65536,7187.2
74496,16,65536,7186.94
74512,16,65536,7186.94
74528,16,65536,7187.2
74544,16,65536,7187.07
74560,16,65536,7186.94
74576,16,65536,7187.2
74592,16,65536,7187.07
74608,16,65536,7186.94
74624,16,65536,7186.94
74640,16,65536,7186.94
74656,16,65536,7187.2
74672,16,65536,7187.2
74688,16,65536,7186.94
74704,16,65536,7187.46
74720,16,65536,7186.94
74736,16,65536,7187.58
74752,16,65536,7187.2
74768,16,65536,7188.22
74784,16,65536,7186.94
74800,16,65536,7187.46
74816,16,65536,7186.94
74832,16,65536,7187.97
74848,16,65536,7186.94
74864,16,65536,7188.1
74880,16,65536,7186.94
74896,16,65536,7187.97
74912,16,65536,7186.94
74928,16,65536,7187.97
74944,16,65536,7187.2
74960,16,65536,7188.22
74976,16,65536,7186.94
74992,16,65536,7188.1
75008,16,65536,7187.07
75024,16,65536,7188.22
75040,16,65536,7186.94
75056,16,65536,7187.97
75072,16,65536,7186.94
75088,16,65536,7187.97
75104,16,65536,7186.94
75120,16,65536,7187.97
75136,16,65536,7187.2
75152,16,65536,7187.97
75168,16,65536,7187.97
75184,16,65536,7187.97
75200,16,65536,7188.22
75216,16,65536,7187.97
75232,16,65536,7187.46
75248,16,65536,7188.1
75264,16,65536,7187.97
75280,16,65536,7187.97
75296,16,65536,7187.46
75312,16,65536,7187.97
75328,16,65536,7187.46
75344,16,65536,7187.97
75360,16,65536,7187.97
75376,16,65536,7187.97
75392,16,65536,7187.97
75408,16,65536,7187.97
75424,16,65536,7187.97
75440,16,65536,7187.97
75456,16,65536,7188.1
75472,16,65536,7187.97
75488,16,65536,7187.97
75504,16,65536,7187.97
75520,16,65536,7188.1
75536,16,65536,7187.97
75552,16,65536,7188.22
75568,16,65536,7188.1
75584,16,65536,7187.97
75600,16,65536,7187.97
75616,16,65536,7187.97
75632,16,65536,7187.97
75648,16,65536,7187.97
75664,16,65536,7187.97
75680,16,65536,7187.97
75696,16,65536,7187.97
75712,16,65536,7188.1
75728,16,65536,7187.97
75744,16,65536,7187.97
75760,16,65536,7187.97
75776,16,65536,7187.97
75792,16,65536,7187.97
75808,16,65536,7187.97
75824,16,65536,7187.97
75840,16,65536,7187.97
75856,16,65536,7187.97
75872,16,65536,7187.97
75888,16,65536,7187.97
75904,16,65536,7187.97
75920,16,65536,7187.97
75936,16,65536,7187.97
75952,16,65536,7187.97
75968,16,65536,7188.1
75984,16,65536,7188.1
76000,16,65536,7187.97
76016,16,65536,7187.97
76032,16,65536,7187.97
76048,16,65536,7187.97
76064,16,65536,7187.97
76080,16,65536,7188.1
76096,16,65536,7188.1
76112,16,65536,7187.97
76128,16,65536,7187.97
76144,16,65536,7187.97
76160,16,65536,7187.97
76176,16,65536,7188.1
76192,16,65536,7187.97
76208,16,65536,7187.97
76224,16,65536,7188.1
76240,16,65536,7187.97
76256,16,65536,7187.97
76272,16,65536,7187.97
76288,16,65536,7187.97
76304,16,65536,7187.97
76320,16,65536,7187.97
76336,16,65536,7187.97
76352,16,65536,7187.97
76368,16,65536,7188.1
76384,16,65536,7187.97
76400,16,65536,7187.97
76416,16,65536,7187.97
76432,16,65536,7187.97
76448,16,65536,7187.97
76464,16,65536,7187.97
76480,16,65536,7187.97
76496,16,65536,7187.97
76512,16,65536,7188.22
76528,16,65536,7187.97
76544,16,65536,7187.97
76560,16,65536,7187.97
76576,16,65536,7187.97
76592,16,65536,7187.97
76608,16,65536,7187.97
76624,16,65536,7187.97
76640,16,65536,7187.97
76656,16,65536,7187.97
76672,16,65536,7187.97
76688,16,65536,7187.97
76704,16,65536,7188.1
76720,16,65536,7188.48
76736,16,65536,7188.22
76752,16,65536,7188.48
76768,16,65536,7188.1
76784,16,65536,7187.97
76800,16,65536,7187.97
76816,16,65536,7188.99
76832,16,65536,7187.97
76848,16,65536,7188.99
76864,16,65536,7187.97
76880,16,65536,7188.99
76896,16,65536,7187.97
76912,16,65536,7188.99
76928,16,65536,7187.97
76944,16,65536,7188.99
76960,16,65536,7188.22
76976,16,65536,7188.99
76992,16,65536,7187.97
77008,16,65536,7188.99
77024,16,65536,7187.97
77040,16,65536,7188.99
77056,16,65536,7187.97
77072,16,65536,7188.99
77088,16,65536,7187.97
77104,16,65536,7188.99
77120,16,65536,7187.97
77136,16,65536,7188.99
77152,16,65536,7187.97
77168,16,65536,7188.99
77184,16,65536,7187.97
77200,16,65536,7188.99
77216,16,65536,7188.99
77232,16,65536,7188.99
77248,16,65536,7188.1
77264,16,65536,7188.99
77280,16,65536,7188.48
77296,16,65536,7188.99
77312,16,65536,7188.1
77328,16,65536,7188.99
77344,16,65536,7188.99
77360,16,65536,7188.99
77376,16,65536,7188.99
77392,16,65536,7188.99
77408,16,65536,7188.99
77424,16,65536,7188.99
77440,16,65536,7188.99
77456,16,65536,7188.99
77472,16,65536,7188.99
77488,16,65536,7188.99
77504,16,65536,7188.99
77520,16,65536,7188.99
77536,16,65536,7188.99
77552,16,65536,7188.99
77568,16,65536,7188.99
77584,16,65536,7188.99
77600,16,65536,7188.99
77616,16,65536,7188.99
77632,16,65536,7188.99
77648,16,65536,7188.99
77664,16,65536,7188.99
77680,16,65536,7188.99
77696,16,65536,7188.99
77712,16,65536,7188.99
77728,16,65536,7188.99
77744,16,65536,7188.99
77760,16,65536,7188.99
77776,16,65536,7188.99
77792,16,65536,7188.99
77808,16,65536,7188.99
77824,16,65536,7188.99
77840,16,65536,7188.99
77856,16,65536,7188.99
77872,16,65536,7188.99
77888,16,65536,7188.99
77904,16,65536,7188.99
77920,16,65536,7188.99
77936,16,65536,7188.99
77952,16,65536,7188.99
77968,16,65536,7188.99
77984,16,65536,7188.99
78000,16,65536,7188.99
78016,16,65536,7188.99
78032,16,65536,7188.99
78048,16,65536,7188.99
78064,16,65536,7188.99
78080,16,65536,7188.99
78096,16,65536,7188.99
78112,16,65536,7188.99
78128,16,65536,7188.99
78144,16,65536,7188.99
78160,16,65536,7188.99
78176,16,65536,7188.99
78192,16,65536,7188.99
78208,16,65536,7188.99
78224,16,65536,7188.99
78240,16,65536,7188.99
78256,16,65536,7188.99
78272,16,65536,7188.99
78288,16,65536,7188.99
78304,16,65536,7188.99
78320,16,65536,7188.99
78336,16,65536,7188.99
78352,16,65536,7188.99
78368,16,65536,7188.99
78384,16,65536,7188.99
78400,16,65536,7188.99
78416,16,65536,7188.99
78432,16,65536,7188.99
78448,16,65536,7188.99
78464,16,65536,7188.99
78480,16,65536,7188.99
78496,16,65536,7188.99
78512,16,65536,7188.99
78528,16,65536,7188.99
78544,16,65536,7188.99
78560,16,65536,7188.99
78576,16,65536,7188.99
78592,16,65536,7188.99
78608,16,65536,7188.99
78624,16,65536,7188.99
78640,16,65536,7188.99
78656,16,65536,7188.99
78672,16,65536,7188.99
78688,16,65536,7188.99
78704,16,65536,7188.99
78720,16,65536,7188.99
78736,16,65536,7189.5
78752,16,65536,7188.99
78768,16,65536,7189.12
78784,16,65536,7188.99
78800,16,65536,7188.99
78816,16,65536,7188.99
78832,16,65536,7190.02
78848,16,65536,7188.99
78864,16,65536,7189.89
78880,16,65536,7188.99
78896,16,65536,7190.02
78912,16,65536,7188.99
78928,16,65536,7190.02
78944,16,65536,7188.99
78960,16,65536,7190.02
78976,16,65536,7188.99
78992,16,65536,7190.02
79008,16,65536,7188.99
79024,16,65536,7190.02
79040,16,65536,7188.99
79056,16,65536,7190.02
79072,16,65536,7188.99
79088,16,65536,7190.02
79104,16,65536,7188.99
79120,16,65536,7190.02
79136,16,65536,7188.99
79152,16,65536,7190.02
79168,16,65536,7188.99
79184,16,65536,7190.02
79200,16,65536,7188.99
79216,16,65536,7190.02
79232,16,65536,7188.99
79248,16,65536,7190.02
79264,16,65536,7189.5
79280,16,65536,7190.02
79296,16,65536,7188.99
79312,16,65536,7190.02
79328,16,65536,7189.89
79344,16,65536,7190.02
79360,16,65536,7189.5
79376,16,65536,7190.02
79392,16,65536,7190.02
79408,16,65536,7190.02
79424,16,65536,7189.5
79440,16,65536,7190.02
79456,16,65536,7190.02
79472,16,65536,7190.02
79488,16,65536,7190.02
79504,16,65536,7190.02
79520,16,65536,7190.02
79536,16,65536,7190.02
79552,16,65536,7190.02
79568,16,65536,7190.02
79584,16,65536,7190.02
79600,16,65536,7190.02
79616,16,65536,7190.02
79632,16,65536,7190.02
79648,16,65536,7190.02
79664,16,65536,7190.02
79680,16,65536,7190.02
79696,16,65536,7190.02
79712,16,65536,7190.02
79728,16,65536,7190.02
79744,16,65536,7190.02
79760,16,65536,7190.02
79776,16,65536,7190.02
79792,16,65536,7190.02
79808,16,65536,7190.02
79824,16,65536,7190.02
79840,16,65536,7190.02
79856,16,65536,7190.02
79872,16,65536,7190.02
79888,16,65536,7190.02
79904,16,65536,7190.02
79920,16,65536,7190.02
79936,16,65536,7190.02
79952,16,65536,7190.02
79968,16,65536,7190.02
79984,16,65536,7190.02
80000,16,65536,7190.02
80016,16,65536,7190.02
80032,16,65536,7190.02
80048,16,65536,7190.02
80064,16,65536,7190.02
80080,16,65536,7190.02
80096,16,65536,7190.02
80112,16,65536,7190.02
80128,16,65536,7190.02
80144,16,65536,7190.02
80160,16,65536,7190.02
80176,16,65536,7190.02
80192,16,65536,7190.02
80208,16,65536,7190.02
80224,16,65536,7190.02
80240,16,65536,7190.02
80256,16,65536,7190.02
80272,16,65536,7190.02
80288,16,65536,7190.02
80304,16,65536,7190.02
80320,16,65536,7190.02
80336,16,65536,7190.02
80352,16,65536,7190.02
80368,16,65536,7190.02
80384,16,65536,7190.02
80400,16,65536,7190.02
80416,16,65536,7190.02
80432,16,65536,7190.02
80448,16,65536,7190.02
80464,16,65536,7190.02
80480,16,65536,7190.02
80496,16,65536,7190.02
80512,16,65536,7190.02
80528,16,65536,7190.02
80544,16,65536,7190.02
80560,16,65536,7190.02
80576,16,65536,7190.02
80592,16,65536,7190.02
80608,16,65536,7190.02
80624,16,65536,7190.02
80640,16,65536,7190.02
80656,16,65536,7190.02
80672,16,65536,7190.02
80688,16,65536,7190.02
80704,16,65536,7190.02
80720,16,65536,7190.02
80736,16,65536,7190.02
80752,16,65536,7190.02
80768,16,65536,7190.02
80784,16,65536,7190.02
80800,16,65536,7190.02
80816,16,65536,7190.02
80832,16,65536,7190.02
80848,16,65536,7190.02
80864,16,65536,7190.02
80880,16,65536,7190.02
80896,16,65536,7190.02
80912,16,65536,7190.02
80928,16,65536,7190.02
80944,16,65536,7190.02
80960,16,65536,7190.02
80976,16,65536,7190.02
80992,16,65536,7190.02
81008,16,65536,7190.53
81024,16,65536,7190.02
81040,16,65536,7191.04
81056,16,65536,7190.02
81072,16,65536,7191.04
81088,16,65536,7190.02
81104,16,65536,7191.04
81120,16,65536,7190.02
81136,16,65536,7191.04
81152,16,65536,7190.02
81168,16,65536,7191.04
81184,16,65536,7190.02
81200,16,65536,7191.04
81216,16,65536,7190.02
81232,16,65536,7191.04
81248,16,65536,7190.02
81264,16,65536,7191.04
81280,16,65536,7190.02
81296,16,65536,7191.04
81312,16,65536,7190.02
81328,16,65536,7191.04
81344,16,65536,7190.02
81360,16,65536,7191.04
81376,16,65536,7190.02
81392,16,65536,7191.04
81408,16,65536,7190.02
81424,16,65536,7191.04
81440,16,65536,7190.4
81456,16,65536,7191.04
81472,16,65536,7190.53
81488,16,65536,7191.04
81504,16,65536,7190.4
81520,16,65536,7191.04
81536,16,65536,7190.02
81552,16,65536,7191.04
81568,16,65536,7191.04
81584,16,65536,7190.91
81600,16,65536,7191.04
81616,16,65536,7191.04
81632,16,65536,7191.04
81648,16,65536,7191.04
81664,16,65536,7191.04
81680,16,65536,7191.04
81696,16,65536,7191.04
81712,16,65536,7191.04
81728,16,65536,7191.04
81744,16,65536,7191.04
81760,16,65536,7191.04
81776,16,65536,7190.91
81792,16,65536,7191.04
81808,16,65536,7191.04
81824,16,65536,7191.04
81840,16,65536,7191.04
81856,16,65536,7191.04
81872,16,65536,7191.04
81888,16,65536,7191.04
81904,16,65536,7191.04
81920,16,65536,7191.04
81936,16,65536,7191.04
81952,16,65536,7191.04
81968,16,65536,7191.04
81984,16,65536,7191.04
82000,16,65536,7191.04
82016,16,65536,7191.04
82032,16,65536,7190.91
82048,16,65536,7191.04
82064,16,65536,7191.04
82080,16,65536,7191.04
82096,16,65536,7191.04
82112,16,65536,7191.04
82128,16,65536,7191.04
82144,16,65536,7191.04
82160,16,65536,7191.04
82176,16,65536,7190.02
82192,16,65536,7191.04
82208,16,65536,7191.04
82224,16,65536,7191.04
82240,16,65536,7191.04
82256,16,65536,7191.04
82272,16,65536,7191.04
82288,16,65536,7191.04
82304,16,65536,7191.04
82320,16,65536,7191.04
82336,16,65536,7191.04
82352,16,65536,7191.04
82368,16,65536,7191.04
82384,16,65536,7191.04
82400,16,65536,7191.04
82416,16,65536,7191.04
82432,16,65536,7191.04
82448,16,65536,7191.04
82464,16,65536,7191.04
82480,16,65536,7191.04
82496,16,65536,7191.04
82512,16,65536,7191.04
82528,16,65536,7191.04
82544,16,65536,7191.04
82560,16,65536,7191.04
82576,16,65536,7191.04
82592,16,65536,7191.04
82608,16,65536,7191.04
82624,16,65536,7191.04
82640,16,65536,7191.04
82656,16,65536,7191.04
82672,16,65536,7191.04
82688,16,65536,7191.04
82704,16,65536,7191.04
82720,16,65536,7191.04
82736,16,65536,7191.04
82752,16,65536,7191.04
82768,16,65536,7191.04
82784,16,65536,7191.04
82800,16,65536,7191.04
82816,16,65536,7191.04
82832,16,65536,7191.04
82848,16,65536,7191.04
82864,16,65536,7191.04
82880,16,65536,7191.04
82896,16,65536,7191.04
82912,16,65536,7191.04
82928,16,65536,7191.04
82944,16,65536,7191.04
82960,16,65536,7191.04
82976,16,65536,7191.04
82992,16,65536,7191.55
83008,16,65536,7191.04
83024,16,65536,7191.55
83040,16,65536,7191.04
83056,16,65536,7191.04
83072,16,65536,7191.04
83088,16,65536,7191.55
83104,16,65536,7191.04
83120,16,65536,7191.42
83136,16,65536,7191.04
83152,16,65536,7192.06
83168,16,65536,7191.04
83184,16,65536,7192.06
83200,16,65536,7191.04
83216,16,65536,7192.06
83232,16,65536,7191.04
83248,16,65536,7192.06
83264,16,65536,7191.04
83280,16,65536,7192.06
83296,16,65536,7191.04
83312,16,65536,7192.06
83328,16,65536,7191.04
83344,16,65536,7192.06
83360,16,65536,7191.04
83376,16,65536,7192.06
83392,16,65536,7191.04
83408,16,65536,7192.06
83424,16,65536,7191.04
83440,16,65536,7192.06
83456,16,65536,7191.04
83472,16,65536,7192.06
83488,16,65536,7191.04
83504,16,65536,7192.06
83520,16,65536,7191.55
83536,16,65536,7192.06
83552,16,65536,7192.06
83568,16,65536,7192.06
83584,16,65536,7191.94
83600,16,65536,7192.06
83616,16,65536,7191.81
83632,16,65536,7191.94
83648,16,65536,7192.06
83664,16,65536,7191.94
83680,16,65536,7192.06
83696,16,65536,7191.94
83712,16,65536,7192.06
83728,16,65536,7192.06
83744,16,65536,7192.06
83760,16,65536,7192.06
83776,16,65536,7192.06
83792,16,65536,7192.06
83808,16,65536,7192.06
83824,16,65536,7192.06
83840,16,65536,7192.06
83856,16,65536,7192.06
83872,16,65536,7192.06
83888,16,65536,7192.06
83904,16,65536,7192.06
83920,16,65536,7192.06
83936,16,65536,7192.06
83952,16,65536,7192.06
83968,16,65536,7192.06
83984,16,65536,7192.06
84000,16,65536,7192.06
84016,16,65536,7192.06
84032,16,65536,7192.06
84048,16,65536,7192.06
84064,16,65536,7192.06
84080,16,65536,7192.06
84096,16,65536,7192.06
84112,16,65536,7192.06
84128,16,65536,7192.06
84144,16,65536,7192.06
84160,16,65536,7192.06
84176,16,65536,7192.06
84192,16,65536,7192.06
84208,16,65536,7192.06
84224,16,65536,7192.06
84240,16,65536,7192.06
84256,16,65536,7192.06
84272,16,65536,7191.94
84288,16,65536,7192.06
84304,16,65536,7192.06
84320,16,65536,7192.06
84336,16,65536,7192.06
84352,16,65536,7192.06
84368,16,65536,7192.06
84384,16,65536,7192.06
84400,16,65536,7192.06
84416,16,65536,7191.94
84432,16,65536,7192.06
84448,16,65536,7192.06
84464,16,65536,7192.06
84480,16,65536,7192.06
84496,16,65536,7192.06
84512,16,65536,7192.06
84528,16,65536,7192.06
84544,16,65536,7192.06
84560,16,65536,7192.06
84576,16,65536,7192.06
84592,16,65536,7191.94
84608,16,65536,7192.06
84624,16,65536,7192.06
84640,16,65536,7191.94
84656,16,65536,7192.06
84672,16,65536,7192.06
84688,16,65536,7192.06
84704,16,65536,7192.06
84720,16,65536,7192.06
84736,16,65536,7192.06
84752,16,65536,7192.06
84768,16,65536,7192.06
84784,16,65536,7192.06
84800,16,65536,7191.94
84816,16,65536,7192.06
84832,16,65536,7192.06
84848,16,65536,7191.94
84864,16,65536,7192.06
84880,16,65536,7192.06
84896,16,65536,7192.06
84912,16,65536,7192.06
84928,16,65536,7192.06
84944,16,65536,7191.94
84960,16,65536,7192.06
84976,16,65536,7191.94
84992,16,65536,7192.06
85008,16,65536,7192.06
85024,16,65536,7192.06
85040,16,65536,7192.06
85056,16,65536,7192.06
85072,16,65536,7192.06
85088,16,65536,7192.06
85104,16,65536,7192.58
85120,16,65536,7192.06
85136,16,65536,7192.45
85152,16,65536,7192.06
85168,16,65536,7192.96
85184,16,65536,7192.06
85200,16,65536,7192.96
85216,16,65536,7192.06
85232,16,65536,7193.09
85248,16,65536,7192.06
85264,16,65536,7193.09
85280,16,65536,7191.94
85296,16,65536,7192.96
85312,16,65536,7192.06
85328,16,65536,7193.09
85344,16,65536,7192.06
85360,16,65536,7193.09
85376,16,65536,7192.06
85392,16,65536,7193.09
85408,16,65536,7192.06
85424,16,65536,7193.09
85440,16,65536,7192.06
85456,16,65536,7193.09
85472,16,65536,7192.06
85488,16,65536,7192.96
85504,16,65536,7192.06
85520,16,65536,7193.09
85536,16,65536,7192.96
85552,16,65536,7192.83
85568,16,65536,7192.06
85584,16,65536,7193.09
85600,16,65536,7193.09
85616,16,65536,7192.96
85632,16,65536,7192.58
85648,16,65536,7193.09
85664,16,65536,7193.09
85680,16,65536,7193.09
85696,16,65536,7192.45
85712,16,65536,7192.83
85728,16,65536,7193.09
85744,16,65536,7192.83
85760,16,65536,7192.83
85776,16,65536,7192.83
85792,16,65536,7193.09
85808,16,65536,7192.83
85824,16,65536,7193.09
85840,16,65536,7192.83
85856,16,65536,7193.09
85872,16,65536,7193.09
85888,16,65536,7193.09
85904,16,65536,7192.83
85920,16,65536,7192.83
85936,16,65536,7193.09
85952,16,65536,7193.09
85968,16,65536,7192.83
85984,16,65536,7193.09
86000,16,65536,7192.83
86016,16,65536,7192.83
86032,16,65536,7193.09
86048,16,65536,7192.83
86064,16,65536,7192.83
86080,16,65536,7193.09
86096,16,65536,7193.09
86112,16,65536,7192.96
86128,16,65536,7192.96
86144,16,65536,7193.09
86160,16,65536,7193.09
86176,16,65536,7193.09
86192,16,65536,7193.09
86208,16,65536,7193.09
86224,16,65536,7193.09
86240,16,65536,7192.83
86256,16,65536,7192.96
86272,16,65536,7192.83
86288,16,65536,7192.83
86304,16,65536,7193.09
86320,16,65536,7193.09
86336,16,65536,7193.09
86352,16,65536,7193.09
86368,16,65536,7193.09
86384,16,65536,7193.09
86400,16,65536,7193.09
86416,16,65536,7193.09
86432,16,65536,7193.09
86448,16,65536,7193.09
86464,16,65536,7193.09
86480,16,65536,7193.09
86496,16,65536,7192.83
86512,16,65536,7192.83
86528,16,65536,7193.09
86544,16,65536,7193.09
86560,16,65536,7193.09
86576,16,65536,7192.96
86592,16,65536,7193.09
86608,16,65536,7193.09
86624,16,65536,7193.09
86640,16,65536,7193.09
86656,16,65536,7192.83
86672,16,65536,7193.09
86688,16,65536,7193.09
86704,16,65536,7193.09
86720,16,65536,7193.09
86736,16,65536,7193.09
86752,16,65536,7193.09
86768,16,65536,7192.83
86784,16,65536,7193.09
86800,16,65536,7193.09
86816,16,65536,7192.83
86832,16,65536,7192.83
86848,16,65536,7193.09
86864,16,65536,7193.09
86880,16,65536,7192.83
86896,16,65536,7193.09
86912,16,65536,7192.83
86928,16,65536,7193.09
86944,16,65536,7192.83
86960,16,65536,7192.96
86976,16,65536,7192.96
86992,16,65536,7193.09
87008,16,65536,7193.09
87024,16,65536,7192.83
87040,16,65536,7193.09
87056,16,65536,7192.83
87072,16,65536,7193.09
87088,16,65536,7193.09
87104,16,65536,7193.09
87120,16,65536,7193.09
87136,16,65536,7193.09
87152,16,65536,7193.6
87168,16,65536,7192.96
87184,16,65536,7193.98
87200,16,65536,7193.09
87216,16,65536,7194.11
87232,16,65536,7193.09
87248,16,65536,7194.11
87264,16,65536,7192.83
87280,16,65536,7193.98
87296,16,65536,7192.83
87312,16,65536,7194.11
87328,16,65536,7193.09
87344,16,65536,7194.11
87360,16,65536,7192.83
87376,16,65536,7194.11
87392,16,65536,7192.83
87408,16,65536,7194.11
87424,16,65536,7193.09
87440,16,65536,7194.11
87456,16,65536,7193.09
87472,16,65536,7194.11
87488,16,65536,7193.09
87504,16,65536,7194.11
87520,16,65536,7192.83
87536,16,65536,7193.98
87552,16,65536,7192.83
87568,16,65536,7193.98
87584,16,65536,7193.47
87600,16,65536,7194.11
87616,16,65536,7192.96
87632,16,65536,7194.11
87648,16,65536,7194.11
87664,16,65536,7193.98
87680,16,65536,7193.98
87696,16,65536,7194.11
87712,16,65536,7194.11
87728,16,65536,7193.34
87744,16,65536,7194.11
87760,16,65536,7194.11
87776,16,65536,7194.11
87792,16,65536,7194.11
87808,16,65536,7194.11
87824,16,65536,7193.98
87840,16,65536,7193.98
87856,16,65536,7194.11
87872,16,65536,7193.98
87888,16,65536,7194.11
87904,16,65536,7193.98
87920,16,65536,7193.98
87936,16,65536,7193.86
87952,16,65536,7193.98
87968,16,65536,7193.98
87984,16,65536,7194.11
88000,16,65536,7193.98
88016,16,65536,7194.11
88032,16,65536,7194.11
88048,16,65536,7194.11
88064,16,65536,7194.11
88080,16,65536,7193.98
88096,16,65536,7193.98
88112,16,65536,7194.11
88128,16,65536,7193.86
88144,16,65536,7194.11
88160,16,65536,7193.86
88176,16,65536,7193.86
88192,16,65536,7193.98
88208,16,65536,7194.11
88224,16,65536,7194.11
88240,16,65536,7194.11
88256,16,65536,7193.86
88272,16,65536,7193.98
88288,16,65536,7193.98
88304,16,65536,7194.11
88320,16,65536,7193.98
88336,16,65536,7193.98
88352,16,65536,7193.98
88368,16,65536,7193.98
88384,16,65536,7193.86
88400,16,65536,7194.11
88416,16,65536,7193.98
88432,16,65536,7194.11
88448,16,65536,7194.11
88464,16,65536,7194.11
88480,16,65536,7193.98
88496,16,65536,7194.11
88512,16,65536,7194.11
88528,16,65536,7194.11
88544,16,65536,7193.98
88560,16,65536,7194.11
88576,16,65536,7194.11
88592,16,65536,7194.11
88608,16,65536,7193.98
88624,16,65536,7194.11
88640,16,65536,7194.11
88656,16,65536,7194.11
88672,16,65536,7194.11
88688,16,65536,7194.11
88704,16,65536,7194.11
88720,16,65536,7194.11
88736,16,65536,7193.98
88752,16,65536,7194.11
88768,16,65536,7193.86
88784,16,65536,7194.11
88800,16,65536,7194.11
88816,16,65536,7194.11
88832,16,65536,7193.98
88848,16,65536,7194.11
88864,16,65536,7193.86
88880,16,65536,7194.11
88896,16,65536,7194.11
88912,16,65536,7194.11
88928,16,65536,7194.11
88944,16,65536,7193.98
88960,16,65536,7194.11
88976,16,65536,7194.11
88992,16,65536,7194.11
89008,16,65536,7194.11
89024,16,65536,7193.98
89040,16,65536,7193.98
89056,16,65536,7193.98
89072,16,65536,7193.98
89088,16,65536,7194.11
89104,16,65536,7194.11
89120,16,65536,7194.11
89136,16,65536,7193.98
89152,16,65536,7194.11
89168,16,65536,7194.11
89184,16,65536,7194.11
89200,16,65536,7194.11
89216,16,65536,7194.11
89232,16,65536,7194.88
89248,16,65536,7193.98
89264,16,65536,7195.01
89280,16,65536,7194.11
89296,16,65536,7195.01
89312,16,65536,7193.98
89328,16,65536,7195.01
89344,16,65536,7194.11
89360,16,65536,7195.01
89376,16,65536,7194.11
89392,16,65536,7195.14
89408,16,65536,7194.11
89424,16,65536,7195.14
89440,16,65536,7194.11
89456,16,65536,7195.01
89472,16,65536,7194.11
89488,16,65536,7195.01
89504,16,65536,7193.98
89520,16,65536,7195.01
89536,16,65536,7194.11
89552,16,65536,7195.01
89568,16,65536,7193.98
89584,16,65536,7195.01
89600,16,65536,7194.5
89616,16,65536,7195.01
89632,16,65536,7195.01
89648,16,65536,7195.14
89664,16,65536,7194.62
89680,16,65536,7195.14
89696,16,65536,7194.88
89712,16,65536,7194.88
89728,16,65536,7194.5
89744,16,65536,7194.88
89760,16,65536,7195.01
89776,16,65536,7195.01
89792,16,65536,7194.5
89808,16,65536,7194.88
89824,16,65536,7194.88
89840,16,65536,7194.88
89856,16,65536,7194.88
89872,16,65536,7195.14
89888,16,65536,7195.01
89904,16,65536,7194.88
89920,16,65536,7195.01
89936,16,65536,7195.01
89952,16,65536,7195.01
89968,16,65536,7195.01
89984,16,65536,7195.01
90000,16,65536,7195.01
90016,16,65536,7194.88
90032,16,65536,7195.01
90048,16,65536,7195.01
90064,16,65536,7195.01
90080,16,65536,7194.88
90096,16,65536,7195.14
90112,16,65536,7194.88
90128,16,65536,7195.14
90144,16,65536,7195.14
90160,16,65536,7195.01
90176,16,65536,7195.01
90192,16,65536,7195.01
90208,16,65536,7194.88
90224,16,65536,7194.88
90240,16,65536,7195.01
90256,16,65536,7194.88
90272,16,65536,7194.88
90288,16,65536,7195.01
90304,16,65536,7195.14
90320,16,65536,7195.01
90336,16,65536,7194.88
90352,16,65536,7195.14
90368,16,65536,7195.01
90384,16,65536,7195.14
90400,16,65536,7195.14
90416,16,65536,7195.01
90432,16,65536,7195.01
90448,16,65536,7195.01
90464,16,65536,7195.14
90480,16,65536,7195.14
90496,16,65536,7195.14
90512,16,65536,7195.01
90528,16,65536,7194.88
90544,16,65536,7195.14
90560,16,65536,7195.01
90576,16,65536,7195.14
90592,16,65536,7195.14
90608,16,65536,7194.88
90624,16,65536,7195.01
90640,16,65536,7195.14
90656,16,65536,7195.14
90672,16,65536,7195.14
90688,16,65536,7195.14
90704,16,65536,7195.01
90720,16,65536,7194.88
90736,16,65536,7195.01
90752,16,65536,7195.01
90768,16,65536,7195.14
90784,16,65536,7195.01
90800,16,65536,7194.88
90816,16,65536,7195.01
90832,16,65536,7195.14
90848,16,65536,7195.14
90864,16,65536,7194.88
90880,16,65536,7195.01
90896,16,65536,7194.88
90912,16,65536,7195.14
90928,16,65536,7195.14
90944,16,65536,7195.14
90960,16,65536,7195.01
90976,16,65536,7194.88
90992,16,65536,7195.01
91008,16,65536,7195.14
91024,16,65536,7195.14
91040,16,65536,7194.88
91056,16,65536,7195.14
91072,16,65536,7194.88
91088,16,65536,7195.01
91104,16,65536,7194.88
91120,16,65536,7195.01
91136,16,65536,7195.14
91152,16,65536,7195.14
91168,16,65536,7195.14
91184,16,65536,7195.14
91200,16,65536,7195.01
91216,16,65536,7195.01
91232,16,65536,7195.14
91248,16,65536,7195.01
91264,16,65536,7195.14
91280,16,65536,7195.52
91296,16,65536,7195.14
91312,16,65536,7195.01
91328,16,65536,7195.14
91344,16,65536,7195.52
91360,16,65536,7194.88
91376,16,65536,7195.52
91392,16,65536,7195.14
91408,16,65536,7196.16
91424,16,65536,7195.14
91440,16,65536,7196.03
91456,16,65536,7195.14
91472,16,65536,7195.9
91488,16,65536,7195.14
91504,16,65536,7196.03
91520,16,65536,7195.01
91536,16,65536,7196.03
91552,16,65536,7195.01
91568,16,65536,7196.16
91584,16,65536,7195.01
91600,16,65536,7195.9
91616,16,65536,7195.01
91632,16,65536,7195.9
91648,16,65536,7195.01
91664,16,65536,7196.16
91680,16,65536,7195.14
91696,16,65536,7195.9
91712,16,65536,7195.14
91728,16,65536,7195.9
91744,16,65536,7195.14
91760,16,65536,7196.03
91776,16,65536,7195.14
91792,16,65536,7196.03
91808,16,65536,7195.52
91824,16,65536,7196.16
91840,16,65536,7195.52
91856,16,65536,7195.9
91872,16,65536,7195.01
91888,16,65536,7195.9
91904,16,65536,7195.9
91920,16,65536,7196.03
91936,16,65536,7196.03
91952,16,65536,7195.9
91968,16,65536,7195.9
91984,16,65536,7196.03
92000,16,65536,7195.52
92016,16,65536,7195.9
92032,16,65536,7196.03
92048,16,65536,7195.9
92064,16,65536,7196.03
92080,16,65536,7195.9
92096,16,65536,7195.9
92112,16,65536,7196.03
92128,16,65536,7196.03
92144,16,65536,7195.9
92160,16,65536,7196.03
92176,16,65536,7196.03
92192,16,65536,7196.16
92208,16,65536,7196.16
92224,16,65536,7196.03
92240,16,65536,7196.03
92256,16,65536,7195.9
92272,16,65536,7195.9
92288,16,65536,7196.03
92304,16,65536,7195.9
92320,16,65536,7196.03
92336,16,65536,7195.9
92352,16,65536,7195.9
92368,16,65536,7196.03
92384,16,65536,7196.03
92400,16,65536,7196.03
92416,16,65536,7196.03
92432,16,65536,7196.16
92448,16,65536,7196.03
92464,16,65536,7196.03
92480,16,65536,7196.03
92496,16,65536,7196.16
92512,16,65536,7196.03
92528,16,65536,7196.03
92544,16,65536,7195.9
92560,16,65536,7196.03
92576,16,65536,7195.9
92592,16,65536,7196.03
92608,16,65536,7196.16
92624,16,65536,7196.16
92640,16,65536,7195.9
92656,16,65536,7196.03
92672,16,65536,7196.03
92688,16,65536,7196.03
92704,16,65536,7195.9
92720,16,65536,7196.03
92736,16,65536,7195.9
92752,16,65536,7195.9
92768,16,65536,7195.9
92784,16,65536,7196.03
92800,16,65536,7196.03
92816,16,65536,7195.9
92832,16,65536,7196.16
92848,16,65536,7195.9
92864,16,65536,7196.16
92880,16,65536,7196.03
92896,16,65536,7196.03
92912,16,65536,7196.03
92928,16,65536,7196.16
92944,16,65536,7196.03
92960,16,65536,7196.03
92976,16,65536,7196.03
92992,16,65536,7196.03
93008,16,65536,7195.9
93024,16,65536,7196.16
93040,16,65536,7195.9
93056,16,65536,7195.9
93072,16,65536,7196.16
93088,16,65536,7196.03
93104,16,65536,7195.9
93120,16,65536,7196.03
93136,16,65536,7196.03
93152,16,65536,7196.03
93168,16,65536,7196.03
93184,16,65536,7196.03
93200,16,65536,7196.03
93216,16,65536,7195.9
93232,16,65536,7195.9
93248,16,65536,7196.03
93264,16,65536,7196.03
93280,16,65536,7196.03
93296,16,65536,7196.93
93312,16,65536,7196.03
93328,16,65536,7196.54
93344,16,65536,7196.16
93360,16,65536,7196.16
93376,16,65536,7195.9
93392,16,65536,7196.54
93408,16,65536,7195.9
93424,16,65536,7196.03
93440,16,65536,7196.16
93456,16,65536,7196.93
93472,16,65536,7196.03
93488,16,65536,7197.06
93504,16,65536,7196.16
93520,16,65536,7196.93
93536,16,65536,7196.16
93552,16,65536,7197.06
93568,16,65536,7196.03
93584,16,65536,7196.93
93600,16,65536,7195.9
93616,16,65536,7196.93
93632,16,65536,7196.03
93648,16,65536,7196.93
93664,16,65536,7196.03
93680,16,65536,7196.93
93696,16,65536,7196.16
93712,16,65536,7196.93
93728,16,65536,7196.54
93744,16,65536,7196.93
93760,16,65536,7197.06
93776,16,65536,7196.93
93792,16,65536,7196.03
93808,16,65536,7196.93
93824,16,65536,7196.16
93840,16,65536,7196.93
93856,16,65536,7196.93
93872,16,65536,7196.93
93888,16,65536,7196.93
93904,16,65536,7196.93
93920,16,65536,7196.93
93936,16,65536,7196.93
93952,16,65536,7196.54
93968,16,65536,7196.93
93984,16,65536,7196.93
94000,16,65536,7196.93
94016,16,65536,7196.93
94032,16,65536,7196.93
94048,16,65536,7196.93
94064,16,65536,7196.93
94080,16,65536,7196.93
94096,16,65536,7196.93
94112,16,65536,7197.06
94128,16,65536,7197.06
94144,16,65536,7196.93
94160,16,65536,7197.18
94176,16,65536,7196.93
94192,16,65536,7197.06
94208,16,65536,7197.06
94224,16,65536,7196.93
94240,16,65536,7196.93
94256,16,65536,7197.06
94272,16,65536,7197.18
94288,16,65536,7197.06
94304,16,65536,7197.06
94320,16,65536,7197.06
94336,16,65536,7196.93
94352,16,65536,7197.18
94368,16,65536,7196.93
94384,16,65536,7196.93
94400,16,65536,7197.06
94416,16,65536,7196.93
94432,16,65536,7197.06
94448,16,65536,7197.18
94464,16,65536,7197.06
94480,16,65536,7197.06
94496,16,65536,7197.06
94512,16,65536,7197.06
94528,16,65536,7196.54
94544,16,65536,7197.18
94560,16,65536,7196.93
94576,16,65536,7196.93
94592,16,65536,7196.93
94608,16,65536,7196.93
94624,16,65536,7197.06
94640,16,65536,7196.93
94656,16,65536,7197.06
94672,16,65536,7196.93
94688,16,65536,7197.06
94704,16,65536,7197.06
94720,16,65536,7196.93
94736,16,65536,7197.06
94752,16,65536,7196.93
94768,16,65536,7196.93
94784,16,65536,7197.06
94800,16,65536,7197.06
94816,16,65536,7196.93
94832,16,65536,7196.93
94848,16,65536,7196.93
94864,16,65536,7196.93
94880,16,65536,7197.06
94896,16,65536,7197.06
94912,16,65536,7197.18
94928,16,65536,7197.06
94944,16,65536,7196.93
94960,16,65536,7196.93
94976,16,65536,7197.06
94992,16,65536,7197.18
95008,16,65536,7197.06
95024,16,65536,7196.93
95040,16,65536,7196.93
95056,16,65536,7197.06
95072,16,65536,7196.93
95088,16,65536,7196.93
95104,16,65536,7196.93
95120,16,65536,7197.06
95136,16,65536,7197.06
95152,16,65536,7196.93
95168,16,65536,7196.93
95184,16,65536,7197.06
95200,16,65536,7196.93
95216,16,65536,7196.93
95232,16,65536,7196.93
95248,16,65536,7197.06
95264,16,65536,7197.06
95280,16,65536,7197.18
95296,16,65536,7196.93
95312,16,65536,7197.06
95328,16,65536,7197.06
95344,16,65536,7197.57
95360,16,65536,7197.06
95376,16,65536,7197.06
95392,16,65536,7197.06
95408,16,65536,7196.93
95424,16,65536,7196.93
95440,16,65536,7197.57
95456,16,65536,7196.93
95472,16,65536,7197.18
95488,16,65536,7196.93
95504,16,65536,7196.93
95520,16,65536,7196.93
95536,16,65536,7197.57
95552,16,65536,7196.93
95568,16,65536,7197.95
95584,16,65536,7196.93
95600,16,65536,7197.95
95616,16,65536,7197.18
95632,16,65536,7197.95
95648,16,65536,7196.93
95664,16,65536,7198.08
95680,16,65536,7197.06
95696,16,65536,7197.95
95712,16,65536,7197.06
95728,16,65536,7198.08
95744,16,65536,7197.06
95760,16,65536,7197.95
95776,16,65536,7197.18
95792,16,65536,7197.95
95808,16,65536,7197.18
95824,16,65536,7198.08
95840,16,65536,7197.06
95856,16,65536,7197.95
95872,16,65536,7197.06
95888,16,65536,7198.08
95904,16,65536,7197.57
95920,16,65536,7197.95
95936,16,65536,7197.7
95952,16,65536,7197.95
95968,16,65536,7197.44
95984,16,65536,7197.95
96000,16,65536,7196.93
96016,16,65536,7198.08
96032,16,65536,7197.95
96048,16,65536,7198.08
96064,16,65536,7197.95
96080,16,65536,7198.08
96096,16,65536,7197.95
96112,16,65536,7198.08
96128,16,65536,7198.08
96144,16,65536,7197.95
96160,16,65536,7198.08
96176,16,65536,7197.95
96192,16,65536,7197.95
96208,16,65536,7197.95
96224,16,65536,7197.95
96240,16,65536,7198.08
96256,16,65536,7197.95
96272,16,65536,7197.95
96288,16,65536,7197.95
96304,16,65536,7198.08
96320,16,65536,7197.95
96336,16,65536,7197.95
96352,16,65536,7197.95
96368,16,65536,7197.95
96384,16,65536,7198.08
96400,16,65536,7197.95
96416,16,65536,7197.95
96432,16,65536,7198.08
96448,16,65536,7197.95
96464,16,65536,7197.95
96480,16,65536,7197.95
96496,16,65536,7197.95
96512,16,65536,7197.95
96528,16,65536,7197.95
96544,16,65536,7198.08
96560,16,65536,7197.95
96576,16,65536,7197.95
96592,16,65536,7197.95
96608,16,65536,7197.95
96624,16,65536,7197.95
96640,16,65536,7197.95
96656,16,65536,7197.95
96672,16,65536,7197.95
96688,16,65536,7197.95
96704,16,65536,7197.95
96720,16,65536,7198.08
96736,16,65536,7197.95
96752,16,65536,7197.95
96768,16,65536,7197.95
96784,16,65536,7197.95
96800,16,65536,7198.08
96816,16,65536,7197.95
96832,16,65536,7197.95
96848,16,65536,7198.21
96864,16,65536,7197.95
96880,16,65536,7197.95
96896,16,65536,7198.21
96912,16,65536,7197.95
96928,16,65536,7198.21
96944,16,65536,7198.08
96960,16,65536,7197.95
96976,16,65536,7197.95
96992,16,65536,7197.95
97008,16,65536,7197.95
97024,16,65536,7197.95
97040,16,65536,7198.08
97056,16,65536,7198.21
97072,16,65536,7197.95
97088,16,65536,7197.95
97104,16,65536,7197.95
97120,16,65536,7197.95
97136,16,65536,7197.95
97152,16,65536,7197.95
97168,16,65536,7197.95
97184,16,65536,7197.95
97200,16,65536,7198.21
97216,16,65536,7197.95
97232,16,65536,7198.21
97248,16,65536,7197.95
97264,16,65536,7197.95
97280,16,65536,7197.95
97296,16,65536,7198.21
97312,16,65536,7197.95
97328,16,65536,7198.08
97344,16,65536,7197.95
97360,16,65536,7198.46
97376,16,65536,7197.95
97392,16,65536,7198.21
97408,16,65536,7197.95
97424,16,65536,7197.95
97440,16,65536,7198.21
97456,16,65536,7198.98
97472,16,65536,7197.95
97488,16,65536,7197.95
97504,16,65536,7197.95
97520,16,65536,7198.59
97536,16,65536,7197.95
97552,16,65536,7198.98
97568,16,65536,7197.95
97584,16,65536,7198.46
97600,16,65536,7197.95
97616,16,65536,7198.98
97632,16,65536,7197.95
97648,16,65536,7198.98
97664,16,65536,7197.95
97680,16,65536,7198.98
97696,16,65536,7197.95
97712,16,65536,7198.98
97728,16,65536,7197.95
97744,16,65536,7198.98
97760,16,65536,7197.95
97776,16,65536,7198.98
97792,16,65536,7198.21
97808,16,65536,7198.98
97824,16,65536,7198.21
97840,16,65536,7198.98
97856,16,65536,7197.95
97872,16,65536,7198.98
97888,16,65536,7198.59
97904,16,65536,7198.98
97920,16,65536,7197.95
97936,16,65536,7198.98
97952,16,65536,7198.98
97968,16,65536,7198.98
97984,16,65536,7199.1
98000,16,65536,7198.98
98016,16,65536,7198.98
98032,16,65536,7198.98
98048,16,65536,7198.98
98064,16,65536,7198.98
98080,16,65536,7198.98
98096,16,65536,7198.98
98112,16,65536,7198.98
98128,16,65536,7198.98
98144,16,65536,7198.98
98160,16,65536,7198.98
98176,16,65536,7198.98
98192,16,65536,7198.98
98208,16,65536,7199.1
98224,16,65536,7198.98
98240,16,65536,7199.1
98256,16,65536,7198.98
98272,16,65536,7198.98
98288,16,65536,7198.98
98304,16,65536,7199.1
98320,16,65536,7198.98
98336,16,65536,7198.98
98352,16,65536,7198.98
98368,16,65536,7198.98
98384,16,65536,7198.98
98400,16,65536,7198.98
98416,16,65536,7198.98
98432,16,65536,7198.98
98448,16,65536,7198.98
98464,16,65536,7198.98
98480,16,65536,7198.98
98496,16,65536,7198.98
98512,16,65536,7199.1
98528,16,65536,7198.98
98544,16,65536,7198.98
98560,16,65536,7198.98
98576,16,65536,7198.98
98592,16,65536,7198.98
98608,16,65536,7198.98
98624,16,65536,7198.98
98640,16,65536,7198.98
98656,16,65536,7198.98
98672,16,65536,7198.98
98688,16,65536,7198.98
98704,16,65536,7198.98
98720,16,65536,7198.98
98736,16,65536,7198.98
98752,16,65536,7198.98
98768,16,65536,7198.98
98784,16,65536,7198.98
98800,16,65536,7198.98
98816,16,65536,7198.98
98832,16,65536,7198.98
98848,16,65536,7199.1
98864,16,65536,7198.98
98880,16,65536,7198.98
98896,16,65536,7198.98
98912,16,65536,7198.98
98928,16,65536,7198.98
98944,16,65536,7198.98
98960,16,65536,7198.98
98976,16,65536,7198.98
98992,16,65536,7198.98
99008,16,65536,7198.98
99024,16,65536,7198.98
99040,16,65536,7198.98
99056,16,65536,7198.98
99072,16,65536,7198.98
99088,16,65536,7198.98
99104,16,65536,7198.98
99120,16,65536,7198.98
99136,16,65536,7198.98
99152,16,65536,7198.98
99168,16,65536,7198.98
99184,16,65536,7198.98
99200,16,65536,7198.98
99216,16,65536,7198.98
99232,16,65536,7198.98
99248,16,65536,7198.98
99264,16,65536,7198.98
99280,16,65536,7198.98
99296,16,65536,7198.98
99312,16,65536,7198.98
99328,16,65536,7198.98
99344,16,65536,7198.98
99360,16,65536,7198.98
99376,16,65536,7198.98
99392,16,65536,7198.98
99408,16,65536,7198.98
99424,16,65536,7198.98
99440,16,65536,7198.98
99456,16,65536,7198.98
99472,16,65536,7198.98
99488,16,65536,7198.98
99504,16,65536,7198.98
99520,16,65536,7198.98
99536,16,65536,7199.1
99552,16,65536,7198.98
99568,16,65536,7198.98
99584,16,65536,7198.98
99600,16,65536,7199.62
99616,16,65536,7198.98
99632,16,65536,7199.1
99648,16,65536,7198.98
99664,16,65536,7200
99680,16,65536,7198.98
99696,16,65536,7200
99712,16,65536,7198.98
99728,16,65536,7200
99744,16,65536,7198.98
99760,16,65536,7200
99776,16,65536,7198.98
99792,16,65536,7200
99808,16,65536,7198.98
99824,16,65536,7200
99840,16,65536,7198.98
99856,16,65536,7200
99872,16,65536,7198.98
99888,16,65536,7200
99904,16,65536,7198.98
99920,16,65536,7200
99936,16,65536,7198.98
99952,16,65536,7200
99968,16,65536,7199.49
99984,16,65536,7200
100000,16,65536,7200
100016,16,65536,7200
100032,16,65536,7200
100048,16,65536,7200
100064,16,65536,7200
100080,16,65536,7200
100096,16,65536,7200
100112,16,65536,7200
100128,16,65536,7200
100144,16,65536,7200
100160,16,65536,7200
100176,16,65536,7200
100192,16,65536,7200
100208,16,65536,7200
100224,16,65536,7200
100240,16,65536,7200
100256,16,65536,7200
100272,16,65536,7200
100288,16,65536,7200
100304,16,65536,7200
100320,16,65536,7200
100336,16,65536,7200
100352,16,65536,7200
100368,16,65536,7200
100384,16,65536,7200
100400,16,65536,7200
100416,16,65536,7200
100432,16,65536,7200
100448,16,65536,7200
100464,16,65536,7200
100480,16,65536,7200
100496,16,65536,7200
100512,16,65536,7200
100528,16,65536,7200
100544,16,65536,7200
100560,16,65536,7200
100576,16,65536,7200
100592,16,65536,7200
100608,16,65536,7200
100624,16,65536,7200
100640,16,65536,7200
100656,16,65536,7200
100672,16,65536,7200
100688,16,65536,7200
100704,16,65536,7200
100720,16,65536,7200
100736,16,65536,7200
100752,16,65536,7200
100768,16,65536,7200
100784,16,65536,7200
100800,16,65536,7200
100816,16,65536,7200
100832,16,65536,7200
100848,16,65536,7200
100864,16,65536,7200
100880,16,65536,7200
100896,16,65536,7200
100912,16,65536,7200
100928,16,65536,7200
100944,16,65536,7200
100960,16,65536,7200
100976,16,65536,7200
100992,16,65536,7200
101008,16,65536,7200
101024,16,65536,7200
101040,16,65536,7200
101056,16,65536,7200
101072,16,65536,7200
101088,16,65536,7200
101104,16,65536,7200
101120,16,65536,7200
101136,16,65536,7200
101152,16,65536,7200
101168,16,65536,7200
101184,16,65536,7200
101200,16,65536,7200
101216,16,65536,7200
101232,16,65536,7200
101248,16,65536,7200
101264,16,65536,7200
101280,16,65536,7200
101296,16,65536,7200
101312,16,65536,7200
101328,16,65536,7200
101344,16,65536,7200
101360,16,65536,7200
101376,16,65536,7200
101392,16,65536,7200
101408,16,65536,7200
101424,16,65536,7200
101440,16,65536,7200
101456,16,65536,7200
101472,16,65536,7200
101488,16,65536,7200
101504,16,65536,7200
101520,16,65536,7200
101536,16,65536,7200
101552,16,65536,7200
101568,16,65536,7200
101584,16,65536,7200
101600,16,65536,7200
101616,16,65536,7200
101632,16,65536,7200
101648,16,65536,7200.51
101664,16,65536,7200
101680,16,65536,7200.38
101696,16,65536,7200
101712,16,65536,7200
101728,16,65536,7200
101744,16,65536,7201.02
101760,16,65536,7200
101776,16,65536,7201.02
101792,16,65536,7200
101808,16,65536,7200
101824,16,65536,7200
101840,16,65536,7200.9
101856,16,65536,7200
101872,16,65536,7201.02
101888,16,65536,7200
101904,16,65536,7201.02
101920,16,65536,7200
101936,16,65536,7201.02
101952,16,65536,7200
101968,16,65536,7201.02
101984,16,65536,7200
102000,16,65536,7201.02
102016,16,65536,7200
102032,16,65536,7201.02
102048,16,65536,7200
102064,16,65536,7201.02
102080,16,65536,7200.51
102096,16,65536,7201.02
102112,16,65536,7200.38
102128,16,65536,7201.02
102144,16,65536,7200.51
102160,16,65536,7201.02
102176,16,65536,7200.51
102192,16,65536,7201.02
102208,16,65536,7200.51
102224,16,65536,7201.02
102240,16,65536,7201.02
102256,16,65536,7201.02
102272,16,65536,7201.02
102288,16,65536,7201.02
102304,16,65536,7201.02
102320,16,65536,7201.02
102336,16,65536,7201.02
102352,16,65536,7201.02
102368,16,65536,7201.02
102384,16,65536,7201.02
102400,16,65536,7201.02
102416,16,65536,7201.02
102432,16,65536,7201.02
102448,16,65536,7201.02
102464,16,65536,7201.02
102480,16,65536,7201.02
102496,16,65536,7201.02
102512,16,65536,7201.02
102528,16,65536,7201.02
102544,16,65536,7201.02
102560,16,65536,7201.02
102576,16,65536,7201.02
102592,16,65536,7201.02
102608,16,65536,7201.02
102624,16,65536,7201.02
102640,16,65536,7201.02
102656,16,65536,7201.02
102672,16,65536,7201.02
102688,16,65536,7201.02
102704,16,65536,7201.02
102720,16,65536,7201.02
102736,16,65536,7201.02
102752,16,65536,7201.02
102768,16,65536,7201.02
102784,16,65536,7201.02
102800,16,65536,7201.02
102816,16,65536,7201.02
102832,16,65536,7201.02
102848,16,65536,7201.02
102864,16,65536,7201.02
102880,16,65536,7201.02
102896,16,65536,7201.02
102912,16,65536,7201.02
102928,16,65536,7201.02
102944,16,65536,7201.02
102960,16,65536,7201.02
102976,16,65536,7201.02
102992,16,65536,7201.02
103008,16,65536,7201.02
103024,16,65536,7201.02
103040,16,65536,7201.02
103056,16,65536,7201.02
103072,16,65536,7201.02
103088,16,65536,7201.02
103104,16,65536,7201.02
103120,16,65536,7201.02
103136,16,65536,7201.02
103152,16,65536,7201.02
103168,16,65536,7201.02
103184,16,65536,7201.02
103200,16,65536,7201.02
103216,16,65536,7201.02
103232,16,65536,7201.02
103248,16,65536,7201.02
103264,16,65536,7201.02
103280,16,65536,7201.02
103296,16,65536,7201.02
103312,16,65536,7201.02
103328,16,65536,7201.02
103344,16,65536,7201.02
103360,16,65536,7201.02
103376,16,65536,7201.02
103392,16,65536,7201.02
103408,16,65536,7201.02
103424,16,65536,7201.02
103440,16,65536,7201.02
103456,16,65536,7201.02
103472,16,65536,7201.02
103488,16,65536,7201.02
103504,16,65536,7201.02
103520,16,65536,7201.02
103536,16,65536,7201.02
103552,16,65536,7201.02
103568,16,65536,7201.02
103584,16,65536,7201.02
103600,16,65536,7201.02
103616,16,65536,7201.02
103632,16,65536,7201.02
103648,16,65536,7201.02
103664,16,65536,7201.02
103680,16,65536,7201.02
103696,16,65536,7201.02
103712,16,65536,7201.02
103728,16,65536,7201.02
103744,16,65536,7201.02
103760,16,65536,7201.54
103776,16,65536,7201.02
103792,16,65536,7201.02
103808,16,65536,7201.02
103824,16,65536,7202.05
103840,16,65536,7201.02
103856,16,65536,7202.05
103872,16,65536,7201.02
103888,16,65536,7202.05
103904,16,65536,7201.02
103920,16,65536,7202.05
103936,16,65536,7201.02
103952,16,65536,7202.05
103968,16,65536,7201.02
103984,16,65536,7202.05
104000,16,65536,7201.02
104016,16,65536,7202.05
104032,16,65536,7201.02
104048,16,65536,7202.05
104064,16,65536,7201.02
104080,16,65536,7202.05
104096,16,65536,7201.41
104112,16,65536,7202.05
104128,16,65536,7201.02
104144,16,65536,7202.05
104160,16,65536,7201.92
104176,16,65536,7202.05
104192,16,65536,7201.41
104208,16,65536,7202.05
104224,16,65536,7202.05
104240,16,65536,7202.05
104256,16,65536,7202.05
104272,16,65536,7202.05
104288,16,65536,7202.05
104304,16,65536,7202.05
104320,16,65536,7202.05
104336,16,65536,7202.05
104352,16,65536,7202.05
104368,16,65536,7202.05
104384,16,65536,7202.05
104400,16,65536,7202.05
104416,16,65536,7202.05
104432,16,65536,7202.05
104448,16,65536,7202.05
104464,16,65536,7202.05
104480,16,65536,7201.92
104496,16,65536,7202.05
104512,16,65536,7202.05
104528,16,65536,7201.92
104544,16,65536,7202.05
104560,16,65536,7202.05
104576,16,65536,7202.05
104592,16,65536,7201.92
104608,16,65536,7202.05
104624,16,65536,7202.05
104640,16,65536,7201.92
104656,16,65536,7201.92
104672,16,65536,7202.05
104688,16,65536,7202.05
104704,16,65536,7202.05
104720,16,65536,7202.05
104736,16,65536,7202.05
104752,16,65536,7202.05
104768,16,65536,7201.92
104784,16,65536,7202.05
104800,16,65536,7202.05
104816,16,65536,7202.05
104832,16,65536,7202.05
104848,16,65536,7202.05
104864,16,65536,7202.05
104880,16,65536,7202.05
104896,16,65536,7202.05
104912,16,65536,7202.05
104928,16,65536,7202.05
104944,16,65536,7202.05
104960,16,65536,7202.05
104976,16,65536,7202.05
104992,16,65536,7202.05
105008,16,65536,7202.05
105024,16,65536,7202.05
105040,16,65536,7202.05
105056,16,65536,7202.05
105072,16,65536,7202.05
105088,16,65536,7202.05
105104,16,65536,7202.05
105120,16,65536,7202.05
105136,16,65536,7202.05
105152,16,65536,7202.05
105168,16,65536,7202.05
105184,16,65536,7202.05
105200,16,65536,7202.05
105216,16,65536,7202.05
105232,16,65536,7202.05
105248,16,65536,7202.05
105264,16,65536,7202.05
105280,16,65536,7202.05
105296,16,65536,7202.05
105312,16,65536,7202.05
105328,16,65536,7202.05
105344,16,65536,7202.05
105360,16,65536,7202.05
105376,16,65536,7202.05
105392,16,65536,7202.05
105408,16,65536,7202.05
105424,16,65536,7202.05
105440,16,65536,7202.05
105456,16,65536,7202.05
105472,16,65536,7202.05
105488,16,65536,7202.05
105504,16,65536,7202.05
105520,16,65536,7202.05
105536,16,65536,7202.05
105552,16,65536,7202.05
105568,16,65536,7202.05
105584,16,65536,7202.05
105600,16,65536,7202.05
105616,16,65536,7202.05
105632,16,65536,7202.05
105648,16,65536,7202.05
105664,16,65536,7202.05
105680,16,65536,7202.05
105696,16,65536,7202.05
105712,16,65536,7202.05
105728,16,65536,7202.05
105744,16,65536,7202.05
105760,16,65536,7202.05
105776,16,65536,7202.43
105792,16,65536,7202.05
105808,16,65536,7202.43
105824,16,65536,7202.05
105840,16,65536,7202.05
105856,16,65536,7202.05
105872,16,65536,7202.82
105888,16,65536,7202.05
105904,16,65536,7203.07
105920,16,65536,7202.05
105936,16,65536,7202.94
105952,16,65536,7202.05
105968,16,65536,7203.07
105984,16,65536,7202.05
106000,16,65536,7202.94
106016,16,65536,7202.05
106032,16,65536,7203.07
106048,16,65536,7202.05
106064,16,65536,7203.07
106080,16,65536,7202.05
106096,16,65536,7202.94
106112,16,65536,7202.05
106128,16,65536,7203.07
106144,16,65536,7202.05
106160,16,65536,7203.07
106176,16,65536,7202.05
106192,16,65536,7203.07
106208,16,65536,7202.94
106224,16,65536,7202.94
106240,16,65536,7202.05
106256,16,65536,7202.94
106272,16,65536,7202.94
106288,16,65536,7203.07
106304,16,65536,7202.94
106320,16,65536,7203.07
106336,16,65536,7203.07
106352,16,65536,7202.94
106368,16,65536,7203.07
106384,16,65536,7203.07
106400,16,65536,7202.94
106416,16,65536,7203.07
106432,16,65536,7203.07
106448,16,65536,7203.07
106464,16,65536,7203.07
106480,16,65536,7203.07
106496,16,65536,7203.07
106512,16,65536,7203.07
106528,16,65536,7203.07
106544,16,65536,7203.07
106560,16,65536,7203.07
106576,16,65536,7203.07
106592,16,65536,7203.07
106608,16,65536,7203.07
106624,16,65536,7203.07
106640,16,65536,7203.07
106656,16,65536,7203.07
106672,16,65536,7202.94
106688,16,65536,7203.07
106704,16,65536,7203.07
106720,16,65536,7203.07
106736,16,65536,7203.07
106752,16,65536,7203.07
106768,16,65536,7203.07
106784,16,65536,7203.07
106800,16,65536,7203.07
106816,16,65536,7203.07
106832,16,65536,7203.07
106848,16,65536,7203.07
106864,16,65536,7203.07
106880,16,65536,7203.07
106896,16,65536,7203.07
106912,16,65536,7203.07
106928,16,65536,7202.94
106944,16,65536,7203.07
106960,16,65536,7202.94
106976,16,65536,7203.07
106992,16,65536,7203.07
107008,16,65536,7203.07
107024,16,65536,7203.07
107040,16,65536,7203.07
107056,16,65536,7203.07
107072,16,65536,7203.07
107088,16,65536,7202.94
107104,16,65536,7202.94
107120,16,65536,7203.07
107136,16,65536,7203.07
107152,16,65536,7203.07
107168,16,65536,7203.07
107184,16,65536,7203.07
107200,16,65536,7203.07
107216,16,65536,7203.07
107232,16,65536,7202.94
107248,16,65536,7202.94
107264,16,65536,7202.94
107280,16,65536,7203.07
107296,16,65536,7203.07
107312,16,65536,7202.94
107328,16,65536,7203.07
107344,16,65536,7203.07
107360,16,65536,7202.94
107376,16,65536,7203.07
107392,16,65536,7202.94
107408,16,65536,7202.82
107424,16,65536,7203.07
107440,16,65536,7203.07
107456,16,65536,7203.07
107472,16,65536,7202.94
107488,16,65536,7203.07
107504,16,65536,7203.07
107520,16,65536,7202.94
107536,16,65536,7203.07
107552,16,65536,7203.07
107568,16,65536,7203.07
107584,16,65536,7203.07
107600,16,65536,7203.07
107616,16,65536,7203.07
107632,16,65536,7203.07
107648,16,65536,7202.94
107664,16,65536,7203.07
107680,16,65536,7202.94
107696,16,65536,7202.94
107712,16,65536,7203.07
107728,16,65536,7203.07
107744,16,65536,7203.07
107760,16,65536,7202.82
107776,16,65536,7202.82
107792,16,65536,7202.82
107808,16,65536,7203.07
107824,16,65536,7203.46
107840,16,65536,7203.07
107856,16,65536,7203.46
107872,16,65536,7203.07
107888,16,65536,7203.58
107904,16,65536,7202.82
107920,16,65536,7203.07
107936,16,65536,7203.07
107952,16,65536,7204.1
107968,16,65536,7203.07
107984,16,65536,7204.1
108000,16,65536,7202.82
108016,16,65536,7204.1
108032,16,65536,7202.94
108048,16,65536,7204.1
108064,16,65536,7203.07
108080,16,65536,7204.1
108096,16,65536,7203.07
108112,16,65536,7204.1
108128,16,65536,7203.07
108144,16,65536,7204.1
108160,16,65536,7203.07
108176,16,65536,7204.1
108192,16,65536,7202.82
108208,16,65536,7204.1
108224,16,65536,7203.46
108240,16,65536,7203.84
108256,16,65536,7204.1
108272,16,65536,7204.1
108288,16,65536,7203.58
108304,16,65536,7204.1
108320,16,65536,7203.46
108336,16,65536,7204.1
108352,16,65536,7203.84
108368,16,65536,7204.1
108384,16,65536,7204.1
108400,16,65536,7204.1
108416,16,65536,7204.1
108432,16,65536,7204.1
108448,16,65536,7204.1
108464,16,65536,7203.84
108480,16,65536,7203.84
108496,16,65536,7203.84
108512,16,65536,7204.1
108528,16,65536,7204.1
108544,16,65536,7204.1
108560,16,65536,7204.1
108576,16,65536,7203.84
108592,16,65536,7204.1
108608,16,65536,7203.84
108624,16,65536,7203.84
108640,16,65536,7204.1
108656,16,65536,7204.1
108672,16,65536,7204.1
108688,16,65536,7204.1
108704,16,65536,7204.1
108720,16,65536,7204.1
108736,16,65536,7204.1
108752,16,65536,7203.84
108768,16,65536,7204.1
108784,16,65536,7204.1
108800,16,65536,7204.1
108816,16,65536,7204.1
108832,16,65536,7204.1
108848,16,65536,7204.1
108864,16,65536,7204.1
108880,16,65536,7204.1
108896,16,65536,7204.1
108912,16,65536,7203.84
108928,16,65536,7203.84
108944,16,65536,7203.84
108960,16,65536,7204.1
108976,16,65536,7204.1
108992,16,65536,7204.1
109008,16,65536,7203.84
109024,16,65536,7203.84
109040,16,65536,7203.84
109056,16,65536,7203.46
109072,16,65536,7204.1
109088,16,65536,7203.84
109104,16,65536,7204.1
109120,16,65536,7204.1
109136,16,65536,7203.97
109152,16,65536,7204.1
109168,16,65536,7204.1
109184,16,65536,7204.1
109200,16,65536,7203.97
109216,16,65536,7204.1
109232,16,65536,7203.84
109248,16,65536,7204.1
109264,16,65536,7204.1
109280,16,65536,7204.1
109296,16,65536,7204.1
109312,16,65536,7203.97
109328,16,65536,7204.1
109344,16,65536,7203.84
109360,16,65536,7204.1
109376,16,65536,7204.1
109392,16,65536,7203.97
109408,16,65536,7203.84
109424,16,65536,7203.97
109440,16,65536,7204.1
109456,16,65536,7203.84
109472,16,65536,7203.97
109488,16,65536,7204.1
109504,16,65536,7204.1
109520,16,65536,7204.1
109536,16,65536,7203.84
109552,16,65536,7203.84
109568,16,65536,7203.84
109584,16,65536,7204.1
109600,16,65536,7204.1
109616,16,65536,7204.1
109632,16,65536,7204.1
109648,16,65536,7204.1
109664,16,65536,7203.97
109680,16,65536,7204.1
109696,16,65536,7204.1
109712,16,65536,7204.1
109728,16,65536,7203.84
109744,16,65536,7204.1
109760,16,65536,7204.1
109776,16,65536,7204.1
109792,16,65536,7203.84
109808,16,65536,7204.1
109824,16,65536,7204.1
109840,16,65536,7204.48
109856,16,65536,7204.1
109872,16,65536,7204.1
109888,16,65536,7203.84
109904,16,65536,7204.1
109920,16,65536,7204.1
109936,16,65536,7204.48
109952,16,65536,7203.84
109968,16,65536,7204.86
109984,16,65536,7204.1
110000,16,65536,7204.86
110016,16,65536,7204.1
110032,16,65536,7205.12
110048,16,65536,7204.1
110064,16,65536,7205.12
110080,16,65536,7204.1
110096,16,65536,7204.86
110112,16,65536,7204.1
110128,16,65536,7205.12
110144,16,65536,7204.1
110160,16,65536,7205.12
110176,16,65536,7203.97
110192,16,65536,7205.12
110208,16,65536,7204.48
110224,16,65536,7205.12
110240,16,65536,7204.1
110256,16,65536,7205.12
110272,16,65536,7204.1
110288,16,65536,7205.12
110304,16,65536,7205.12
110320,16,65536,7204.99
110336,16,65536,7204.86
110352,16,65536,7204.99
110368,16,65536,7204.86
110384,16,65536,7204.99
110400,16,65536,7204.99
110416,16,65536,7204.86
110432,16,65536,7204.86
110448,16,65536,7204.99
110464,16,65536,7205.12
110480,16,65536,7205.12
110496,16,65536,7205.12
110512,16,65536,7205.12
110528,16,65536,7204.86
110544,16,65536,7204.99
110560,16,65536,7204.99
110576,16,65536,7204.99
110592,16,65536,7204.86
110608,16,65536,7204.86
110624,16,65536,7204.99
110640,16,65536,7204.99
110656,16,65536,7205.12
110672,16,65536,7204.99
110688,16,65536,7205.12
110704,16,65536,7204.99
110720,16,65536,7205.12
110736,16,65536,7205.12
110752,16,65536,7205.12
110768,16,65536,7204.99
110784,16,65536,7205.12
110800,16,65536,7204.1
110816,16,65536,7204.99
110832,16,65536,7204.99
110848,16,65536,7204.99
110864,16,65536,7204.99
110880,16,65536,7204.99
110896,16,65536,7205.12
110912,16,65536,7204.86
110928,16,65536,7205.12
110944,16,65536,7204.99
110960,16,65536,7205.12
110976,16,65536,7205.12
110992,16,65536,7205.12
111008,16,65536,7205.12
111024,16,65536,7204.99
111040,16,65536,7205.12
111056,16,65536,7205.12
111072,16,65536,7204.99
111088,16,65536,7204.99
111104,16,65536,7205.12
111120,16,65536,7205.12
111136,16,65536,7205.12
111152,16,65536,7204.99
111168,16,65536,7204.99
111184,16,65536,7205.12
111200,16,65536,7205.12
111216,16,65536,7205.12
111232,16,65536,7204.99
111248,16,65536,7204.99
111264,16,65536,7205.12
111280,16,65536,7205.12
111296,16,65536,7204.99
111312,16,65536,7204.99
111328,16,65536,7205.12
111344,16,65536,7205.12
111360,16,65536,7204.99
111376,16,65536,7205.12
111392,16,65536,7205.12
111408,16,65536,7204.99
111424,16,65536,7205.12
111440,16,65536,7205.12
111456,16,65536,7204.99
111472,16,65536,7205.12
111488,16,65536,7204.99
111504,16,65536,7204.99
111520,16,65536,7205.12
111536,16,65536,7204.86
111552,16,65536,7204.99
111568,16,65536,7204.99
111584,16,65536,7204.99
111600,16,65536,7205.12
111616,16,65536,7204.99
111632,16,65536,7204.99
111648,16,65536,7204.99
111664,16,65536,7205.12
111680,16,65536,7204.99
111696,16,65536,7205.12
111712,16,65536,7205.12
111728,16,65536,7204.99
111744,16,65536,7205.12
111760,16,65536,7205.12
111776,16,65536,7205.12
111792,16,65536,7205.12
111808,16,65536,7205.12
111824,16,65536,7204.99
111840,16,65536,7204.99
111856,16,65536,7204.99
111872,16,65536,7205.12
111888,16,65536,7205.12
111904,16,65536,7205.12
111920,16,65536,7204.99
111936,16,65536,7204.99
111952,16,65536,7205.5
111968,16,65536,7205.12
111984,16,65536,7206.02
112000,16,65536,7204.99
112016,16,65536,7206.02
112032,16,65536,7205.12
112048,16,65536,7205.5
112064,16,65536,7204.99
112080,16,65536,7205.5
112096,16,65536,7205.12
112112,16,65536,7205.89
112128,16,65536,7205.12
112144,16,65536,7206.02
112160,16,65536,7205.12
112176,16,65536,7206.02
112192,16,65536,7204.99
112208,16,65536,7206.02
112224,16,65536,7205.12
112240,16,65536,7206.02
112256,16,65536,7204.99
112272,16,65536,7205.89
112288,16,65536,7204.86
112304,16,65536,7206.02
112320,16,65536,7205.12
112336,16,65536,7206.14
112352,16,65536,7205.63
112368,16,65536,7205.89
112384,16,65536,7205.12
112400,16,65536,7206.14
112416,16,65536,7205.12
112432,16,65536,7206.02
112448,16,65536,7204.99
112464,16,65536,7206.14
112480,16,65536,7206.02
112496,16,65536,7206.02
112512,16,65536,7205.5
112528,16,65536,7206.02
112544,16,65536,7206.02
112560,16,65536,7206.02
112576,16,65536,7205.5
112592,16,65536,7206.14
112608,16,65536,7206.14
112624,16,65536,7206.14
112640,16,65536,7205.89
112656,16,65536,7205.89
112672,16,65536,7205.89
112688,16,65536,7206.02
112704,16,65536,7206.14
112720,16,65536,7205.89
112736,16,65536,7206.02
112752,16,65536,7206.14
112768,16,65536,7206.14
112784,16,65536,7206.02
112800,16,65536,7206.02
112816,16,65536,7206.02
112832,16,65536,7206.02
112848,16,65536,7206.14
112864,16,65536,7206.02
112880,16,65536,7205.89
112896,16,65536,7206.02
112912,16,65536,7205.89
112928,16,65536,7206.14
112944,16,65536,7206.02
112960,16,65536,7205.89
112976,16,65536,7205.89
112992,16,65536,7206.02
113008,16,65536,7205.89
113024,16,65536,7206.14
113040,16,65536,7206.02
113056,16,65536,7205.89
113072,16,65536,7206.14
113088,16,65536,7206.14
113104,16,65536,7205.89
113120,16,65536,7206.14
113136,16,65536,7206.14
113152,16,65536,7206.02
113168,16,65536,7206.02
113184,16,65536,7205.89
113200,16,65536,7206.02
113216,16,65536,7206.14
113232,16,65536,7206.02
113248,16,65536,7205.89
113264,16,65536,7206.02
113280,16,65536,7205.89
113296,16,65536,7206.02
113312,16,65536,7206.02
113328,16,65536,7205.89
113344,16,65536,7206.14
113360,16,65536,7206.02
113376,16,65536,7205.89
113392,16,65536,7206.14
113408,16,65536,7206.14
113424,16,65536,7206.14
113440,16,65536,7206.14
113456,16,65536,7206.14
113472,16,65536,7206.02
113488,16,65536,7206.02
113504,16,65536,7206.14
113520,16,65536,7206.14
113536,16,65536,7206.02
113552,16,65536,7206.14
113568,16,65536,7206.14
113584,16,65536,7206.14
113600,16,65536,7205.89
113616,16,65536,7206.14
113632,16,65536,7206.02
113648,16,65536,7205.89
113664,16,65536,7205.89
113680,16,65536,7206.14
113696,16,65536,7206.02
113712,16,65536,7206.02
113728,16,65536,7206.14
113744,16,65536,7206.02
113760,16,65536,7206.02
113776,16,65536,7206.14
113792,16,65536,7206.02
113808,16,65536,7206.14
113824,16,65536,7205.89
113840,16,65536,7205.89
113856,16,65536,7206.14
113872,16,65536,7206.14
113888,16,65536,7206.02
113904,16,65536,7206.02
113920,16,65536,7206.02
113936,16,65536,7206.14
113952,16,65536,7206.02
113968,16,65536,7206.14
113984,16,65536,7206.14
114000,16,65536,7206.14
114016,16,65536,7206.14
114032,16,65536,7206.14
114048,16,65536,7206.02
114064,16,65536,7206.14
114080,16,65536,7206.14
114096,16,65536,7206.02
114112,16,65536,7206.02
114128,16,65536,7207.04
114144,16,65536,7206.02
114160,16,65536,7206.91
114176,16,65536,7206.02
114192,16,65536,7207.04
114208,16,65536,7206.14
114224,16,65536,7206.91
114240,16,65536,7206.14
114256,16,65536,7206.91
114272,16,65536,7206.14
114288,16,65536,7206.91
114304,16,65536,7206.02
114320,16,65536,7206.91
114336,16,65536,7206.14
114352,16,65536,7206.91
114368,16,65536,7206.53
114384,16,65536,7207.04
114400,16,65536,7206.53
114416,16,65536,7207.04
114432,16,65536,7206.14
114448,16,65536,7207.04
114464,16,65536,7206.14
114480,16,65536,7207.17
114496,16,65536,7206.53
114512,16,65536,7206.91
114528,16,65536,7207.04
114544,16,65536,7207.04
114560,16,65536,7206.53
114576,16,65536,7207.04
114592,16,65536,7206.91
114608,16,65536,7206.91
114624,16,65536,7207.04
114640,16,65536,7207.04
114656,16,65536,7206.91
114672,16,65536,7207.04
114688,16,65536,7207.17
114704,16,65536,7206.91
114720,16,65536,7206.91
114736,16,65536,7206.91
114752,16,65536,7207.04
114768,16,65536,7206.91
114784,16,65536,7207.04
114800,16,65536,7207.17
114816,16,65536,7206.91
114832,16,65536,7207.04
114848,16,65536,7207.04
114864,16,65536,7206.91
114880,16,65536,7207.04
114896,16,65536,7207.17
114912,16,65536,7207.04
114928,16,65536,7206.91
114944,16,65536,7206.91
114960,16,65536,7206.91
114976,16,65536,7207.04
114992,16,65536,7207.17
115008,16,65536,7207.04
115024,16,65536,7207.04
115040,16,65536,7207.04
115056,16,65536,7206.91
115072,16,65536,7207.04
115088,16,65536,7207.04
115104,16,65536,7207.17
115120,16,65536,7207.04
115136,16,65536,7207.04
115152,16,65536,7207.04
115168,16,65536,7206.91
115184,16,65536,7206.91
115200,16,65536,7206.91
115216,16,65536,7206.91
115232,16,65536,7206.91
115248,16,65536,7207.04
115264,16,65536,7206.91
115280,16,65536,7206.91
115296,16,65536,7206.91
115312,16,65536,7206.91
115328,16,65536,7207.17
115344,16,65536,7207.17
115360,16,65536,7207.17
115376,16,65536,7207.04
115392,16,65536,7206.91
115408,16,65536,7206.91
115424,16,65536,7207.04
115440,16,65536,7207.17
115456,16,65536,7207.17
115472,16,65536,7206.91
115488,16,65536,7207.04
115504,16,65536,7206.91
115520,16,65536,7206.91
115536,16,65536,7207.17
115552,16,65536,7207.17
115568,16,65536,7207.04
115584,16,65536,7207.17
115600,16,65536,7206.91
115616,16,65536,7207.04
115632,16,65536,7207.17
115648,16,65536,7206.91
115664,16,65536,7207.04
115680,16,65536,7206.91
115696,16,65536,7206.91
115712,16,65536,7206.91
115728,16,65536,7207.04
115744,16,65536,7207.04
115760,16,65536,7207.04
115776,16,65536,7206.91
115792,16,65536,7207.04
115808,16,65536,7207.17
115824,16,65536,7207.04
115840,16,65536,7207.04
115856,16,65536,7206.91
115872,16,65536,7207.17
115888,16,65536,7207.04
115904,16,65536,7207.04
115920,16,65536,7206.91
115936,16,65536,7206.91
115952,16,65536,7206.91
115968,16,65536,7206.91
115984,16,65536,7206.91
116000,16,65536,7207.04
116016,16,65536,7206.91
116032,16,65536,7207.04
116048,16,65536,7207.04
116064,16,65536,7206.91
116080,16,65536,7207.55
116096,16,65536,7207.04
116112,16,65536,7207.55
116128,16,65536,7207.04
116144,16,65536,7207.94
116160,16,65536,7207.04
116176,16,65536,7207.94
116192,16,65536,7207.04
116208,16,65536,7207.94
116224,16,65536,7207.04
116240,16,65536,7207.94
116256,16,65536,7207.04
116272,16,65536,7208.06
116288,16,65536,7206.91
116304,16,65536,7207.94
116320,16,65536,7207.04
116336,16,65536,7208.06
116352,16,65536,7207.04
116368,16,65536,7207.94
116384,16,65536,7206.91
116400,16,65536,7207.94
116416,16,65536,7207.04
116432,16,65536,7207.94
116448,16,65536,7207.55
116464,16,65536,7207.94
116480,16,65536,7207.55
116496,16,65536,7207.94
116512,16,65536,7207.55
116528,16,65536,7207.94
116544,16,65536,7207.94
116560,16,65536,7207.94
116576,16,65536,7207.94
116592,16,65536,7207.94
116608,16,65536,7207.94
116624,16,65536,7207.94
116640,16,65536,7207.94
116656,16,65536,7207.94
116672,16,65536,7207.42
116688,16,65536,7207.94
116704,16,65536,7207.94
116720,16,65536,7208.06
116736,16,65536,7207.94
116752,16,65536,7208.06
116768,16,65536,7208.06
116784,16,65536,7208.06
116800,16,65536,7207.94
116816,16,65536,7207.94
116832,16,65536,7207.94
116848,16,65536,7208.19
116864,16,65536,7207.94
116880,16,65536,7207.94
116896,16,65536,7207.94
116912,16,65536,7207.94
116928,16,65536,7208.06
116944,16,65536,7207.94
116960,16,65536,7207.94
116976,16,65536,7207.94
116992,16,65536,7207.94
117008,16,65536,7208.06
117024,16,65536,7208.06
117040,16,65536,7207.94
117056,16,65536,7208.19
117072,16,65536,7207.94
117088,16,65536,7207.94
117104,16,65536,7207.94
117120,16,65536,7207.94
117136,16,65536,7207.94
117152,16,65536,7208.06
117168,16,65536,7207.94
117184,16,65536,7207.94
117200,16,65536,7207.94
117216,16,65536,7207.94
117232,16,65536,7207.94
117248,16,65536,7208.06
117264,16,65536,7208.06
117280,16,65536,7207.94
117296,16,65536,7207.94
117312,16,65536,7207.94
117328,16,65536,7207.94
117344,16,65536,7207.94
117360,16,65536,7207.94
117376,16,65536,7207.94
117392,16,65536,7207.94
117408,16,65536,7208.06
117424,16,65536,7208.19
117440,16,65536,7207.94
117456,16,65536,7207.94
117472,16,65536,7207.94
117488,16,65536,7207.94
117504,16,65536,7207.94
117520,16,65536,7207.94
117536,16,65536,7208.06
117552,16,65536,7208.06
117568,16,65536,7207.94
117584,16,65536,7208.19
117600,16,65536,7208.06
117616,16,65536,7208.06
117632,16,65536,7207.94
117648,16,65536,7207.94
117664,16,65536,7207.94
117680,16,65536,7207.94
117696,16,65536,7207.94
117712,16,65536,7207.94
117728,16,65536,7208.06
117744,16,65536,7208.06
117760,16,65536,7207.94
117776,16,65536,7207.94
117792,16,65536,7207.94
117808,16,65536,7207.94
117824,16,65536,7208.06
117840,16,65536,7208.06
117856,16,65536,7207.94
117872,16,65536,7208.06
117888,16,65536,7208.06
117904,16,65536,7208.06
117920,16,65536,7208.06
117936,16,65536,7207.94
117952,16,65536,7207.94
117968,16,65536,7208.06
117984,16,65536,7207.94
118000,16,65536,7207.94
118016,16,65536,7207.94
118032,16,65536,7207.94
118048,16,65536,7207.94
118064,16,65536,7207.94
118080,16,65536,7208.19
118096,16,65536,7207.94
118112,16,65536,7207.94
118128,16,65536,7208.06
118144,16,65536,7207.94
118160,16,65536,7207.94
118176,16,65536,7207.94
118192,16,65536,7208.19
118208,16,65536,7208.06
118224,16,65536,7207.94
118240,16,65536,7208.06
118256,16,65536,7208.06
118272,16,65536,7208.19
118288,16,65536,7208.96
118304,16,65536,7207.94
118320,16,65536,7208.96
118336,16,65536,7207.94
118352,16,65536,7208.96
118368,16,65536,7207.94
118384,16,65536,7208.96
118400,16,65536,7207.94
118416,16,65536,7208.96
118432,16,65536,7207.94
118448,16,65536,7208.96
118464,16,65536,7207.94
118480,16,65536,7208.96
118496,16,65536,7208.19
118512,16,65536,7208.96
118528,16,65536,7208.06
118544,16,65536,7208.96
118560,16,65536,7208.45
118576,16,65536,7208.96
118592,16,65536,7208.19
118608,16,65536,7208.96
118624,16,65536,7208.96
118640,16,65536,7208.96
118656,16,65536,7208.96
118672,16,65536,7208.96
118688,16,65536,7208.96
118704,16,65536,7208.96
118720,16,65536,7208.96
118736,16,65536,7208.96
118752,16,65536,7208.96
118768,16,65536,7208.96
118784,16,65536,7208.96
118800,16,65536,7208.96
118816,16,65536,7209.22
118832,16,65536,7208.96
118848,16,65536,7208.96
118864,16,65536,7208.96
118880,16,65536,7208.96
118896,16,65536,7208.96
118912,16,65536,7209.09
118928,16,65536,7208.96
118944,16,65536,7208.96
118960,16,65536,7208.96
118976,16,65536,7209.09
118992,16,65536,7208.96
119008,16,65536,7208.96
119024,16,65536,7208.96
119040,16,65536,7208.96
119056,16,65536,7208.96
119072,16,65536,7208.96
119088,16,65536,7208.96
119104,16,65536,7208.96
119120,16,65536,7208.96
119136,16,65536,7208.96
119152,16,65536,7208.96
119168,16,65536,7209.09
119184,16,65536,7208.96
119200,16,65536,7208.96
119216,16,65536,7208.96
119232,16,65536,7208.96
119248,16,65536,7209.09
119264,16,65536,7208.96
119280,16,65536,7208.96
119296,16,65536,7208.96
119312,16,65536,7208.96
119328,16,65536,7209.22
119344,16,65536,7208.96
119360,16,65536,7208.96
119376,16,65536,7208.96
119392,16,65536,7208.96
119408,16,65536,7208.96
119424,16,65536,7208.96
119440,16,65536,7209.22
119456,16,65536,7208.96
119472,16,65536,7209.22
119488,16,65536,7208.96
119504,16,65536,7208.96
119520,16,65536,7208.96
119536,16,65536,7209.22
119552,16,65536,7208.96
119568,16,65536,7208.96
119584,16,65536,7208.96
119600,16,65536,7208.96
119616,16,65536,7208.96
119632,16,65536,7209.09
119648,16,65536,7209.22
119664,16,65536,7208.96
119680,16,65536,7209.22
119696,16,65536,7208.96
119712,16,65536,7208.96
119728,16,65536,7208.96
119744,16,65536,7208.96
119760,16,65536,7208.96
119776,16,65536,7209.22
119792,16,65536,7209.09
119808,16,65536,7208.96
119824,16,65536,7208.96
119840,16,65536,7208.96
119856,16,65536,7208.96
119872,16,65536,7208.96
119888,16,65536,7209.22
119904,16,65536,7208.96
119920,16,65536,7208.96
119936,16,65536,7208.96
119952,16,65536,7209.09
119968,16,65536,7208.96
119984,16,65536,7209.09
120000,16,65536,7208.96
120016,16,65536,7208.96
120032,16,65536,7208.96
120048,16,65536,7208.96
120064,16,65536,7208.96
120080,16,65536,7209.09
120096,16,65536,7208.96
120112,16,65536,7208.96
120128,16,65536,7208.96
120144,16,65536,7208.96
120160,16,65536,7209.09
120176,16,65536,7208.96
120192,16,65536,7209.09
120208,16,65536,7208.96
120224,16,65536,7208.96
120240,16,65536,7208.96
120256,16,65536,7208.96
120272,16,65536,7209.47
120288,16,65536,7209.22
120304,16,65536,7209.47
120320,16,65536,7208.96
120336,16,65536,7209.98
120352,16,65536,7208.96
120368,16,65536,7209.98
120384,16,65536,7208.96
120400,16,65536,7209.98
120416,16,65536,7208.96
120432,16,65536,7209.98
120448,16,65536,7208.96
120464,16,65536,7209.98
120480,16,65536,7209.09
120496,16,65536,7209.98
120512,16,65536,7208.96
120528,16,65536,7209.98
120544,16,65536,7209.47
120560,16,65536,7209.98
120576,16,65536,7208.96
120592,16,65536,7209.98
120608,16,65536,7209.98
120624,16,65536,7209.98
120640,16,65536,7209.6
120656,16,65536,7209.98
120672,16,65536,7209.98
120688,16,65536,7209.98
120704,16,65536,7209.98
120720,16,65536,7210.11
120736,16,65536,7209.98
120752,16,65536,7210.11
120768,16,65536,7209.98
120784,16,65536,7209.98
120800,16,65536,7209.98
120816,16,65536,7209.98
120832,16,65536,7209.98
120848,16,65536,7209.98
120864,16,65536,7209.98
120880,16,65536,7209.98
120896,16,65536,7209.98
120912,16,65536,7209.98
120928,16,65536,7209.98
120944,16,65536,7209.98
120960,16,65536,7209.98
120976,16,65536,7209.98
120992,16,65536,7209.98
121008,16,65536,7209.98
121024,16,65536,7209.98
121040,16,65536,7209.98
121056,16,65536,7209.98
121072,16,65536,7209.98
121088,16,65536,7209.98
121104,16,65536,7209.98
121120,16,65536,7209.98
121136,16,65536,7209.98
121152,16,65536,7209.98
121168,16,65536,7209.98
121184,16,65536,7209.98
121200,16,65536,7209.98
121216,16,65536,7209.98
121232,16,65536,7209.98
121248,16,65536,7209.98
121264,16,65536,7209.98
121280,16,65536,7209.98
121296,16,65536,7209.98
121312,16,65536,7209.98
121328,16,65536,7209.98
121344,16,65536,7209.98
121360,16,65536,7209.98
121376,16,65536,7209.98
121392,16,65536,7209.98
121408,16,65536,7209.98
121424,16,65536,7209.98
121440,16,65536,7209.98
121456,16,65536,7209.98
121472,16,65536,7209.98
121488,16,65536,7209.98
121504,16,65536,7209.98
121520,16,65536,7209.98
121536,16,65536,7209.98
121552,16,65536,7209.98
121568,16,65536,7209.98
121584,16,65536,7209.98
121600,16,65536,7209.98
121616,16,65536,7209.98
121632,16,65536,7209.98
121648,16,65536,7209.98
121664,16,65536,7209.98
121680,16,65536,7209.98
121696,16,65536,7209.98
121712,16,65536,7209.98
121728,16,65536,7209.98
121744,16,65536,7209.98
121760,16,65536,7209.98
121776,16,65536,7209.98
121792,16,65536,7209.98
121808,16,65536,7209.98
121824,16,65536,7209.98
121840,16,65536,7209.98
121856,16,65536,7209.98
121872,16,65536,7209.98
121888,16,65536,7209.98
121904,16,65536,7209.98
121920,16,65536,7209.98
121936,16,65536,7209.98
121952,16,65536,7209.98
121968,16,65536,7209.98
121984,16,65536,7209.98
122000,16,65536,7209.98
122016,16,65536,7209.98
122032,16,65536,7209.98
122048,16,65536,7209.98
122064,16,65536,7209.98
122080,16,65536,7209.98
122096,16,65536,7209.98
122112,16,65536,7209.98
122128,16,65536,7209.98
122144,16,65536,7209.98
122160,16,65536,7209.98
122176,16,65536,7209.98
122192,16,65536,7209.98
122208,16,65536,7209.98
122224,16,65536,7209.98
122240,16,65536,7209.98
122256,16,65536,7209.98
122272,16,65536,7209.98
122288,16,65536,7209.98
122304,16,65536,7209.98
122320,16,65536,7209.98
122336,16,65536,7209.98
122352,16,65536,7209.98
122368,16,65536,7209.98
122384,16,65536,7210.5
122400,16,65536,7209.98
122416,16,65536,7209.98
122432,16,65536,7209.98
122448,16,65536,7210.11
122464,16,65536,7209.98
122480,16,65536,7210.37
122496,16,65536,7209.98
122512,16,65536,7211.01
122528,16,65536,7209.98
122544,16,65536,7211.01
122560,16,65536,7209.98
122576,16,65536,7211.01
122592,16,65536,7209.98
122608,16,65536,7211.01
122624,16,65536,7209.98
122640,16,65536,7211.01
122656,16,65536,7210.5
122672,16,65536,7211.01
122688,16,65536,7210.11
122704,16,65536,7211.01
122720,16,65536,7209.98
122736,16,65536,7211.01
122752,16,65536,7210.62
122768,16,65536,7211.01
122784,16,65536,7211.01
122800,16,65536,7211.01
122816,16,65536,7211.01
122832,16,65536,7211.01
122848,16,65536,7211.01
122864,16,65536,7211.01
122880,16,65536,7211.01
122896,16,65536,7211.01
122912,16,65536,7211.01
122928,16,65536,7211.01
122944,16,65536,7210.5
122960,16,65536,7211.01
122976,16,65536,7211.01
122992,16,65536,7210.5
123008,16,65536,7211.01
123024,16,65536,7211.01
123040,16,65536,7211.01
123056,16,65536,7211.01
123072,16,65536,7211.01
123088,16,65536,7211.01
123104,16,65536,7211.01
123120,16,65536,7211.01
123136,16,65536,7211.01
123152,16,65536,7211.01
123168,16,65536,7211.01
123184,16,65536,7211.01
123200,16,65536,7211.01
123216,16,65536,7211.01
123232,16,65536,7211.01
123248,16,65536,7211.01
123264,16,65536,7211.01
123280,16,65536,7211.01
123296,16,65536,7211.01
123312,16,65536,7211.01
123328,16,65536,7211.01
123344,16,65536,7211.01
123360,16,65536,7211.01
123376,16,65536,7211.01
123392,16,65536,7211.01
123408,16,65536,7211.01
123424,16,65536,7211.01
123440,16,65536,7211.01
123456,16,65536,7211.01
123472,16,65536,7211.01
123488,16,65536,7211.01
123504,16,65536,7211.01
123520,16,65536,7211.01
123536,16,65536,7211.01
123552,16,65536,7211.01
123568,16,65536,7211.01
123584,16,65536,7211.01
123600,16,65536,7211.01
123616,16,65536,7211.01
123632,16,65536,7211.01
123648,16,65536,7211.01
123664,16,65536,7211.01
123680,16,65536,7211.01
123696,16,65536,7211.01
123712,16,65536,7211.01
123728,16,65536,7211.01
123744,16,65536,7211.01
123760,16,65536,7211.01
123776,16,65536,7211.01
123792,16,65536,7211.01
123808,16,65536,7211.01
123824,16,65536,7211.01
123840,16,65536,7211.01
123856,16,65536,7211.01
123872,16,65536,7211.01
123888,16,65536,7211.01
123904,16,65536,7211.01
123920,16,65536,7211.01
123936,16,65536,7211.01
123952,16,65536,7211.01
123968,16,65536,7211.01
123984,16,65536,7211.01
124000,16,65536,7211.01
124016,16,65536,7211.01
124032,16,65536,7211.01
124048,16,65536,7211.01
124064,16,65536,7211.01
124080,16,65536,7211.01
124096,16,65536,7211.01
124112,16,65536,7211.01
124128,16,65536,7211.01
124144,16,65536,7211.01
124160,16,65536,7211.01
124176,16,65536,7211.01
124192,16,65536,7211.01
124208,16,65536,7211.01
124224,16,65536,7211.01
124240,16,65536,7211.01
124256,16,65536,7211.01
124272,16,65536,7211.01
124288,16,65536,7211.01
124304,16,65536,7211.01
124320,16,65536,7211.01
124336,16,65536,7211.01
124352,16,65536,7211.01
124368,16,65536,7211.01
124384,16,65536,7211.01
124400,16,65536,7211.01
124416,16,65536,7211.01
124432,16,65536,7211.52
124448,16,65536,7211.01
124464,16,65536,7211.52
124480,16,65536,7211.01
124496,16,65536,7211.39
124512,16,65536,7211.01
124528,16,65536,7211.52
124544,16,65536,7211.01
124560,16,65536,7212.03
124576,16,65536,7211.01
124592,16,65536,7212.03
124608,16,65536,7211.01
124624,16,65536,7211.9
124640,16,65536,7211.01
124656,16,65536,7212.03
124672,16,65536,7211.01
124688,16,65536,7212.03
124704,16,65536,7211.01
124720,16,65536,7212.03
124736,16,65536,7211.01
124752,16,65536,7212.03
124768,16,65536,7211.52
124784,16,65536,7212.03
124800,16,65536,7211.52
124816,16,65536,7212.03
124832,16,65536,7212.03
124848,16,65536,7212.03
124864,16,65536,7212.03
124880,16,65536,7212.03
124896,16,65536,7212.03
124912,16,65536,7212.03
124928,16,65536,7212.03
124944,16,65536,7212.03
124960,16,65536,7212.03
124976,16,65536,7212.03
124992,16,65536,7212.03
125008,16,65536,7212.03
125024,16,65536,7212.03
125040,16,65536,7212.03
125056,16,65536,7212.03
125072,16,65536,7212.03
125088,16,65536,7212.03
125104,16,65536,7212.03
125120,16,65536,7212.03
125136,16,65536,7212.03
125152,16,65536,7212.03
125168,16,65536,7211.9
125184,16,65536,7211.9
125200,16,65536,7212.03
125216,16,65536,7212.03
125232,16,65536,7212.03
125248,16,65536,7212.03
125264,16,65536,7212.03
125280,16,65536,7212.03
125296,16,65536,7212.03
125312,16,65536,7211.9
125328,16,65536,7212.03
125344,16,65536,7212.03
125360,16,65536,7212.03
125376,16,65536,7211.9
125392,16,65536,7211.9
125408,16,65536,7212.03
125424,16,65536,7212.03
125440,16,65536,7212.03
125456,16,65536,7212.03
125472,16,65536,7212.03
125488,16,65536,7212.03
125504,16,65536,7212.03
125520,16,65536,7212.03
125536,16,65536,7212.03
125552,16,65536,7212.03
125568,16,65536,7212.03
125584,16,65536,7212.03
125600,16,65536,7212.03
125616,16,65536,7212.03
125632,16,65536,7212.03
125648,16,65536,7212.03
125664,16,65536,7212.03
125680,16,65536,7212.03
125696,16,65536,7212.03
125712,16,65536,7212.03
125728,16,65536,7212.03
125744,16,65536,7212.03
125760,16,65536,7212.03
125776,16,65536,7212.03
125792,16,65536,7212.03
125808,16,65536,7212.03
125824,16,65536,7212.03
125840,16,65536,7212.03
125856,16,65536,7212.03
125872,16,65536,7212.03
125888,16,65536,7212.03
125904,16,65536,7212.03
125920,16,65536,7212.03
125936,16,65536,7212.03
125952,16,65536,7212.03
125968,16,65536,7212.03
125984,16,65536,7212.03
126000,16,65536,7212.03
126016,16,65536,7212.03
126032,16,65536,7212.03
126048,16,65536,7212.03
126064,16,65536,7212.03
126080,16,65536,7212.03
126096,16,65536,7212.03
126112,16,65536,7212.03
126128,16,65536,7212.03
126144,16,65536,7212.03
126160,16,65536,7212.03
126176,16,65536,7212.03
126192,16,65536,7212.03
126208,16,65536,7212.03
126224,16,65536,7212.03
126240,16,65536,7212.03
126256,16,65536,7212.03
126272,16,65536,7212.03
126288,16,65536,7212.03
126304,16,65536,7212.03
126320,16,65536,7212.03
126336,16,65536,7212.03
126352,16,65536,7212.03
126368,16,65536,7212.03
126384,16,65536,7212.03
126400,16,65536,7212.03
126416,16,65536,7212.03
126432,16,65536,7212.03
126448,16,65536,7212.54
126464,16,65536,7212.03
126480,16,65536,7212.03
126496,16,65536,7212.03
126512,16,65536,7212.54
126528,16,65536,7212.03
126544,16,65536,7212.8
126560,16,65536,7212.03
126576,16,65536,7212.54
126592,16,65536,7212.03
126608,16,65536,7212.93
126624,16,65536,7212.03
126640,16,65536,7212.93
126656,16,65536,7212.03
126672,16,65536,7213.06
126688,16,65536,7212.03
126704,16,65536,7212.93
126720,16,65536,7212.03
126736,16,65536,7213.06
126752,16,65536,7212.03
126768,16,65536,7213.06
126784,16,65536,7212.03
126800,16,65536,7213.06
126816,16,65536,7212.03
126832,16,65536,7212.93
126848,16,65536,7212.54
126864,16,65536,7213.06
126880,16,65536,7213.06
126896,16,65536,7213.06
126912,16,65536,7212.93
126928,16,65536,7213.06
126944,16,65536,7213.06
126960,16,65536,7213.06
126976,16,65536,7212.93
126992,16,65536,7213.06
127008,16,65536,7213.06
127024,16,65536,7213.06
127040,16,65536,7213.06
127056,16,65536,7213.06
127072,16,65536,7212.93
127088,16,65536,7213.06
127104,16,65536,7213.06
127120,16,65536,7212.93
127136,16,65536,7213.06
127152,16,65536,7213.06
127168,16,65536,7213.06
127184,16,65536,7213.06
127200,16,65536,7213.06
127216,16,65536,7213.06
127232,16,65536,7213.06
127248,16,65536,7213.06
127264,16,65536,7213.06
127280,16,65536,7213.06
127296,16,65536,7212.93
127312,16,65536,7213.06
127328,16,65536,7213.06
127344,16,65536,7213.06
127360,16,65536,7213.06
127376,16,65536,7213.06
127392,16,65536,7213.06
127408,16,65536,7213.06
127424,16,65536,7213.06
127440,16,65536,7213.06
127456,16,65536,7213.06
127472,16,65536,7213.06
127488,16,65536,7213.06
127504,16,65536,7213.06
127520,16,65536,7213.06
127536,16,65536,7213.06
127552,16,65536,7213.06
127568,16,65536,7213.06
127584,16,65536,7212.93
127600,16,65536,7213.06
127616,16,65536,7212.93
127632,16,65536,7213.06
127648,16,65536,7213.06
127664,16,65536,7213.06
127680,16,65536,7213.06
127696,16,65536,7213.06
127712,16,65536,7213.06
127728,16,65536,7213.06
127744,16,65536,7213.06
127760,16,65536,7213.06
127776,16,65536,7213.06
127792,16,65536,7213.06
127808,16,65536,7213.06
127824,16,65536,7213.06
127840,16,65536,7213.06
127856,16,65536,7213.06
127872,16,65536,7213.06
127888,16,65536,7213.06
127904,16,65536,7213.06
127920,16,65536,7213.06
127936,16,65536,7213.06
127952,16,65536,7213.06
127968,16,65536,7213.06
127984,16,65536,7213.06
128000,16,65536,7213.06
128016,16,65536,7213.06
128032,16,65536,7213.06
128048,16,65536,7213.06
128064,16,65536,7213.06
128080,16,65536,7213.06
128096,16,65536,7213.06
128112,16,65536,7213.06
128128,16,65536,7213.06
128144,16,65536,7213.06
128160,16,65536,7213.06
128176,16,65536,7213.06
128192,16,65536,7213.06
128208,16,65536,7213.06
128224,16,65536,7213.06
128240,16,65536,7213.06
128256,16,65536,7213.06
128272,16,65536,7213.06
128288,16,65536,7213.06
128304,16,65536,7213.06
128320,16,65536,7213.06
128336,16,65536,7213.06
128352,16,65536,7213.06
128368,16,65536,7213.06
128384,16,65536,7213.06
128400,16,65536,7213.06
128416,16,65536,7213.06
128432,16,65536,7213.06
128448,16,65536,7213.06
128464,16,65536,7213.06
128480,16,65536,7213.06
128496,16,65536,7213.06
128512,16,65536,7213.06
128528,16,65536,7213.57
128544,16,65536,7213.06
128560,16,65536,7213.06
128576,16,65536,7213.06
128592,16,65536,7213.06
128608,16,65536,7213.06
128624,16,65536,7213.06
128640,16,65536,7213.06
128656,16,65536,7214.08
128672,16,65536,7213.06
128688,16,65536,7213.95
128704,16,65536,7213.06
128720,16,65536,7213.95
128736,16,65536,7213.06
128752,16,65536,7214.08
128768,16,65536,7213.06
128784,16,65536,7214.08
128800,16,65536,7213.06
128816,16,65536,7213.95
128832,16,65536,7213.06
128848,16,65536,7213.95
128864,16,65536,7214.08
128880,16,65536,7214.08
128896,16,65536,7214.08
128912,16,65536,7213.95
128928,16,65536,7214.08
128944,16,65536,7214.08
128960,16,65536,7214.08
128976,16,65536,7214.08
128992,16,65536,7213.95
129008,16,65536,7214.08
129024,16,65536,7214.08
129040,16,65536,7214.08
129056,16,65536,7213.95
129072,16,65536,7214.08
129088,16,65536,7213.82
129104,16,65536,7214.08
129120,16,65536,7214.08
129136,16,65536,7214.08
129152,16,65536,7214.08
129168,16,65536,7213.82
129184,16,65536,7214.08
129200,16,65536,7214.08
129216,16,65536,7214.08
129232,16,65536,7214.08
129248,16,65536,7214.08
129264,16,65536,7214.08
129280,16,65536,7214.08
129296,16,65536,7214.08
129312,16,65536,7214.08
129328,16,65536,7213.82
129344,16,65536,7214.08
129360,16,65536,7214.08
129376,16,65536,7214.08
129392,16,65536,7214.08
129408,16,65536,7213.95
129424,16,65536,7213.82
129440,16,65536,7214.08
129456,16,65536,7213.82
129472,16,65536,7214.08
129488,16,65536,7214.08
129504,16,65536,7214.08
129520,16,65536,7214.08
129536,16,65536,7214.08
129552,16,65536,7213.95
129568,16,65536,7214.08
129584,16,65536,7214.08
129600,16,65536,7214.08
129616,16,65536,7214.08
129632,16,65536,7213.95
129648,16,65536,7214.08
129664,16,65536,7213.95
129680,16,65536,7214.08
129696,16,65536,7214.08
129712,16,65536,7214.08
129728,16,65536,7214.08
129744,16,65536,7214.08
129760,16,65536,7213.57
129776,16,65536,7213.95
129792,16,65536,7213.82
129808,16,65536,7213.82
129824,16,65536,7213.95
129840,16,65536,7214.08
129856,16,65536,7213.82
129872,16,65536,7214.08
129888,16,65536,7214.08
129904,16,65536,7214.08
129920,16,65536,7214.08
129936,16,65536,7214.08
129952,16,65536,7214.08
129968,16,65536,7213.82
129984,16,65536,7213.95
130000,16,65536,7213.82
130016,16,65536,7214.08
130032,16,65536,7214.08
130048,16,65536,7214.08
130064,16,65536,7214.08
130080,16,65536,7214.08
130096,16,65536,7214.08
130112,16,65536,7214.08
130128,16,65536,7214.08
130144,16,65536,7214.08
130160,16,65536,7214.08
130176,16,65536,7214.08
130192,16,65536,7214.08
130208,16,65536,7213.95
130224,16,65536,7214.08
130240,16,65536,7214.08
130256,16,65536,7214.08
130272,16,65536,7213.82
130288,16,65536,7214.08
130304,16,65536,7214.08
130320,16,65536,7213.82
130336,16,65536,7214.08
130352,16,65536,7213.82
130368,16,65536,7214.08
130384,16,65536,7214.08
130400,16,65536,7214.08
130416,16,65536,7213.82
130432,16,65536,7214.08
130448,16,65536,7214.08
130464,16,65536,7213.82
130480,16,65536,7214.08
130496,16,65536,7213.82
130512,16,65536,7214.08
130528,16,65536,7214.08
130544,16,65536,7213.95
130560,16,65536,7213.82
130576,16,65536,7214.34
130592,16,65536,7214.08
130608,16,65536,7214.46
130624,16,65536,7214.08
130640,16,65536,7214.59
130656,16,65536,7213.95
130672,16,65536,7214.85
130688,16,65536,7213.95
130704,16,65536,7214.98
130720,16,65536,7214.08
130736,16,65536,7215.1
130752,16,65536,7213.95
130768,16,65536,7215.1
130784,16,65536,7214.08
130800,16,65536,7215.1
130816,16,65536,7214.08
130832,16,65536,7215.1
130848,16,65536,7214.08
130864,16,65536,7214.85
130880,16,65536,7214.46
130896,16,65536,7215.1
130912,16,65536,7214.08
130928,16,65536,7215.1
130944,16,65536,7214.46
130960,16,65536,7215.1
130976,16,65536,7215.1
130992,16,65536,7215.1
131008,16,65536,7214.85
131024,16,65536,7215.1
131040,16,65536,7214.85
131056,16,65536,7214.85
131072,16,65536,7215.1
131088,16,65536,7217.92
131104,16,65536,7218.05
131120,16,65536,7217.92
131136,16,65536,7218.05
131152,16,65536,7222.02
131168,16,65536,7222.02
131184,16,65536,7222.02
131200,16,65536,7222.02
131216,16,65536,7225.98
131232,16,65536,7225.98
131248,16,65536,7226.11
131264,16,65536,7226.11
131280,16,65536,7229.95
131296,16,65536,7229.95
131312,16,65536,7229.95
131328,16,65536,7229.95
131344,16,65536,7233.02
131360,16,65536,7233.02
131376,16,65536,7233.02
131392,16,65536,7233.02
131408,16,65536,7236.86
131424,16,65536,7237.12
131440,16,65536,7237.12
131456,16,65536,7236.86
131472,16,65536,7240.96
131488,16,65536,7239.94
131504,16,65536,7240.96
131520,16,65536,7240.58
131536,16,65536,7244.03
131552,16,65536,7244.03
131568,16,65536,7244.03
131584,16,65536,7244.03
131600,16,65536,7248.13
131616,16,65536,7247.49
131632,16,65536,7248
131648,16,65536,7247.87
131664,16,65536,7252.22
131680,16,65536,7251.97
131696,16,65536,7251.97
131712,16,65536,7251.97
131728,16,65536,7255.81
131744,16,65536,7255.55
131760,16,65536,7256.06
131776,16,65536,7255.04
131792,16,65536,7260.03
131808,16,65536,7259.14
131824,16,65536,7259.52
131840,16,65536,7258.88
131856,16,65536,7262.98
131872,16,65536,7263.1
131888,16,65536,7262.98
131904,16,65536,7263.1
131920,16,65536,7266.94
131936,16,65536,7266.05
131952,16,65536,7267.07
131968,16,65536,7266.05
131984,16,65536,7270.14
132000,16,65536,7270.02
132016,16,65536,7270.14
132032,16,65536,7270.14
132048,16,65536,7273.98
132064,16,65536,7273.98
132080,16,65536,7273.98
132096,16,65536,7273.98
132112,16,65536,7277.06
132128,16,65536,7277.06
132144,16,65536,7277.06
132160,16,65536,7277.06
132176,16,65536,7281.15
132192,16,65536,7281.02
132208,16,65536,7281.15
132224,16,65536,7280.9
132240,16,65536,7284.99
132256,16,65536,7283.97
132272,16,65536,7284.99
132288,16,65536,7284.1
132304,16,65536,7288.06
132320,16,65536,7287.94
132336,16,65536,7287.94
132352,16,65536,7288.06
132368,16,65536,7291.9
132384,16,65536,7292.03
132400,16,65536,7292.16
132416,16,65536,7292.16
132432,16,65536,7295.1
132448,16,65536,7294.98
132464,16,65536,7294.98
132480,16,65536,7294.98
132496,16,65536,7299.07
132512,16,65536,7298.94
132528,16,65536,7298.94
132544,16,65536,7299.07
132560,16,65536,7302.91
132576,16,65536,7302.14
132592,16,65536,7302.14
132608,16,65536,7302.02
132624,16,65536,7305.98
132640,16,65536,7305.98
132656,16,65536,7305.98
132672,16,65536,7305.98
132688,16,65536,7310.08
132704,16,65536,7310.08
132720,16,65536,7309.82
132736,16,65536,7309.82
132752,16,65536,7314.05
132768,16,65536,7313.92
132784,16,65536,7314.05
132800,16,65536,7313.92
132816,16,65536,7318.02
132832,16,65536,7317.5
132848,16,65536,7318.02
132864,16,65536,7317.5
132880,16,65536,7321.09
132896,16,65536,7320.06
132912,16,65536,7320.83
132928,16,65536,7321.09
132944,16,65536,7324.93
132960,16,65536,7324.93
132976,16,65536,7324.93
132992,16,65536,7324.93
133008,16,65536,7328
133024,16,65536,7328
133040,16,65536,7328
133056,16,65536,7328
133072,16,65536,7332.1
133088,16,65536,7332.1
133104,16,65536,7331.97
133120,16,65536,7331.84
133136,16,65536,7335.04
133152,16,65536,7335.04
133168,16,65536,7334.91
133184,16,65536,7334.91
133200,16,65536,7339.01
133216,16,65536,7339.01
133232,16,65536,7339.01
133248,16,65536,7339.01
133264,16,65536,7343.1
133280,16,65536,7342.08
133296,16,65536,7342.08
133312,16,65536,7341.82
133328,16,65536,7345.92
133344,16,65536,7345.92
133360,16,65536,7346.05
133376,16,65536,7346.05
133392,16,65536,7348.99
133408,16,65536,7348.99
133424,16,65536,7348.99
133440,16,65536,7348.99
133456,16,65536,7352.83
133472,16,65536,7352.83
133488,16,65536,7352.96
133504,16,65536,7352.83
133520,16,65536,7356.16
133536,16,65536,7356.16
133552,16,65536,7355.9
133568,16,65536,7356.16
133584,16,65536,7360
133600,16,65536,7360
133616,16,65536,7360
133632,16,65536,7360
133648,16,65536,7363.07
133664,16,65536,7362.94
133680,16,65536,7362.94
133696,16,65536,7363.07
133712,16,65536,7366.91
133728,16,65536,7367.04
133744,16,65536,7366.91
133760,16,65536,7367.04
133776,16,65536,7371.01
133792,16,65536,7371.01
133808,16,65536,7371.01
133824,16,65536,7371.01
133840,16,65536,7375.1
133856,16,65536,7374.85
133872,16,65536,7375.1
133888,16,65536,7375.1
133904,16,65536,7377.92
133920,16,65536,7378.05
133936,16,65536,7378.05
133952,16,65536,7377.92
133968,16,65536,7382.02
133984,16,65536,7382.02
134000,16,65536,7382.02
134016,16,65536,7382.02
134032,16,65536,7384.96
134048,16,65536,7384.83
134064,16,65536,7385.09
134080,16,65536,7385.09
134096,16,65536,7388.93
134112,16,65536,7389.06
134128,16,65536,7389.06
134144,16,65536,7388.93
134160,16,65536,7392
134176,16,65536,7392
134192,16,65536,7392
134208,16,65536,7392
134224,16,65536,7396.1
134240,16,65536,7395.84
134256,16,65536,7396.1
134272,16,65536,7396.1
134288,16,65536,7399.94
134304,16,65536,7399.17
134320,16,65536,7399.04
134336,16,65536,7398.91
134352,16,65536,7403.01
134368,16,65536,7403.01
134384,16,65536,7403.01
134400,16,65536,7403.01
134416,16,65536,7405.82
134432,16,65536,7406.08
134448,16,65536,7406.08
134464,16,65536,7405.95
134480,16,65536,7410.05
134496,16,65536,7409.02
134512,16,65536,7409.15
134528,16,65536,7408.9
134544,16,65536,7412.99
134560,16,65536,7412.99
134576,16,65536,7412.99
134592,16,65536,7412.99
134608,16,65536,7416.06
134624,16,65536,7416.06
134640,16,65536,7416.06
134656,16,65536,7416.06
134672,16,65536,7419.9
134688,16,65536,7420.03
134704,16,65536,7419.9
134720,16,65536,7420.03
134736,16,65536,7424
134752,16,65536,7422.98
134768,16,65536,7424
134784,16,65536,7422.98
134800,16,65536,7427.07
134816,16,65536,7427.07
134832,16,65536,7426.82
134848,16,65536,7427.07
134864,16,65536,7431.04
134880,16,65536,7430.91
134896,16,65536,7431.04
134912,16,65536,7431.04
134928,16,65536,7433.98
134944,16,65536,7433.98
134960,16,65536,7433.98
134976,16,65536,7433.98
134992,16,65536,7437.95
135008,16,65536,7437.95
135024,16,65536,7438.08
135040,16,65536,7438.08
135056,16,65536,7441.15
135072,16,65536,7441.02
135088,16,65536,7441.02
135104,16,65536,7440.9
135120,16,65536,7444.99
135136,16,65536,7444.99
135152,16,65536,7444.99
135168,16,65536,7444.99
135184,16,65536,7448.06
135200,16,65536,7448.06
135216,16,65536,7448.06
135232,16,65536,7448.06
135248,16,65536,7451.9
135264,16,65536,7452.03
135280,16,65536,7452.03
135296,16,65536,7452.16
135312,16,65536,7456
135328,16,65536,7454.98
135344,16,65536,7454.98
135360,16,65536,7454.98
135376,16,65536,7459.07
135392,16,65536,7459.07
135408,16,65536,7458.94
135424,16,65536,7459.07
135440,16,65536,7462.02
135456,16,65536,7461.89
135472,16,65536,7462.02
135488,16,65536,7462.14
135504,16,65536,7464.96
135520,16,65536,7464.96
135536,16,65536,7464.96
135552,16,65536,7464.96
135568,16,65536,7469.06
135584,16,65536,7468.03
135600,16,65536,7469.06
135616,16,65536,7468.03
135632,16,65536,7472.13
135648,16,65536,7472.13
135664,16,65536,7472.13
135680,16,65536,7471.49
135696,16,65536,7474.94
135712,16,65536,7474.94
135728,16,65536,7474.94
135744,16,65536,7474.94
135760,16,65536,7479.04
135776,16,65536,7479.04
135792,16,65536,7479.04
135808,16,65536,7479.04
135824,16,65536,7482.62
135840,16,65536,7482.11
135856,16,65536,7481.98
135872,16,65536,7482.11
135888,16,65536,7485.95
135904,16,65536,7485.95
135920,16,65536,7485.95
135936,16,65536,7485.95
135952,16,65536,7489.02
135968,16,65536,7489.02
135984,16,65536,7490.05
136000,16,65536,7489.02
136016,16,65536,7492.99
136032,16,65536,7493.12
136048,16,65536,7492.99
136064,16,65536,7493.12
136080,16,65536,7496.45
136096,16,65536,7496.06
136112,16,65536,7495.94
136128,16,65536,7495.94
136144,16,65536,7499.9
136160,16,65536,7500.03
136176,16,65536,7500.03
136192,16,65536,7500.03
136208,16,65536,7503.1
136224,16,65536,7502.98
136240,16,65536,7502.98
136256,16,65536,7503.1
136272,16,65536,7507.07
136288,16,65536,7506.94
136304,16,65536,7506.94
136320,16,65536,7506.94
136336,16,65536,7510.02
136352,16,65536,7510.02
136368,16,65536,7510.02
136384,16,65536,7510.02
136400,16,65536,7513.86
136416,16,65536,7513.86
136432,16,65536,7514.11
136448,16,65536,7513.86
136464,16,65536,7517.06
136480,16,65536,7517.06
136496,16,65536,7517.06
136512,16,65536,7516.93
136528,16,65536,7520
136544,16,65536,7520
136560,16,65536,7520
136576,16,65536,7520
136592,16,65536,7523.46
136608,16,65536,7523.07
136624,16,65536,7523.07
136640,16,65536,7522.94
136656,16,65536,7526.91
136672,16,65536,7526.02
136688,16,65536,7527.04
136704,16,65536,7526.14
136720,16,65536,7529.98
136736,16,65536,7529.98
136752,16,65536,7529.98
136768,16,65536,7529.98
136784,16,65536,7534.08
136800,16,65536,7533.06
136816,16,65536,7533.06
136832,16,65536,7533.06
136848,16,65536,7537.02
136864,16,65536,7537.02
136880,16,65536,7537.02
136896,16,65536,7537.02
136912,16,65536,7539.97
136928,16,65536,7539.97
136944,16,65536,7539.97
136960,16,65536,7539.97
136976,16,65536,7544.06
136992,16,65536,7543.81
137008,16,65536,7543.94
137024,16,65536,7544.06
137040,16,65536,7547.01
137056,16,65536,7547.01
137072,16,65536,7547.14
137088,16,65536,7547.01
137104,16,65536,7550.98
137120,16,65536,7550.46
137136,16,65536,7550.98
137152,16,65536,7550.08
137168,16,65536,7554.05
137184,16,65536,7554.05
137200,16,65536,7554.05
137216,16,65536,7554.05
137232,16,65536,7557.5
137248,16,65536,7557.12
137264,16,65536,7557.12
137280,16,65536,7557.12
137296,16,65536,7560.96
137312,16,65536,7560.96
137328,16,65536,7560.96
137344,16,65536,7561.09
137360,16,65536,7564.42
137376,16,65536,7564.03
137392,16,65536,7564.03
137408,16,65536,7564.03
137424,16,65536,7568.13
137440,16,65536,7568.13
137456,16,65536,7568.13
137472,16,65536,7567.62
137488,16,65536,7571.07
137504,16,65536,7570.94
137520,16,65536,7570.94
137536,16,65536,7570.94
137552,16,65536,7574.02
137568,16,65536,7574.02
137584,16,65536,7574.02
137600,16,65536,7574.02
137616,16,65536,7577.09
137632,16,65536,7577.09
137648,16,65536,7577.09
137664,16,65536,7576.83
137680,16,65536,7580.54
137696,16,65536,7579.9
137712,16,65536,7580.03
137728,16,65536,7580.03
137744,16,65536,7584
137760,16,65536,7584
137776,16,65536,7584
137792,16,65536,7582.98
137808,16,65536,7587.07
137824,16,65536,7587.07
137840,16,65536,7587.07
137856,16,65536,7587.07
137872,16,65536,7590.91
137888,16,65536,7591.04
137904,16,65536,7590.91
137920,16,65536,7589.89
137936,16,65536,7593.98
137952,16,65536,7593.98
137968,16,65536,7593.98
137984,16,65536,7593.98
138000,16,65536,7597.06
138016,16,65536,7597.06
138032,16,65536,7597.06
138048,16,65536,7597.06
138064,16,65536,7600.51
138080,16,65536,7600
138096,16,65536,7600.13
138112,16,65536,7600.13
138128,16,65536,7603.97
138144,16,65536,7603.97
138160,16,65536,7603.97
138176,16,65536,7604.1
138192,16,65536,7607.04
138208,16,65536,7607.04
138224,16,65536,7607.04
138240,16,65536,7607.04
138256,16,65536,7611.01
138272,16,65536,7610.11
138288,16,65536,7610.11
138304,16,65536,7610.11
138320,16,65536,7614.21
138336,16,65536,7614.21
138352,16,65536,7613.95
138368,16,65536,7614.08
138384,16,65536,7617.02
138400,16,65536,7617.02
138416,16,65536,7617.02
138432,16,65536,7616.9
138448,16,65536,7620.99
138464,16,65536,7621.12
138480,16,65536,7620.99
138496,16,65536,7620.48
138512,16,65536,7623.94
138528,16,65536,7624.06
138544,16,65536,7623.94
138560,16,65536,7623.55
138576,16,65536,7627.01
138592,16,65536,7627.01
138608,16,65536,7627.01
138624,16,65536,7627.01
138640,16,65536,7630.08
138656,16,65536,7630.08
138672,16,65536,7630.08
138688,16,65536,7629.95
138704,16,65536,7633.15
138720,16,65536,7633.15
138736,16,65536,7633.15
138752,16,65536,7633.15
138768,16,65536,7636.99
138784,16,65536,7636.1
138800,16,65536,7636.61
138816,16,65536,7635.97
138832,16,65536,7640.06
138848,16,65536,7640.06
138864,16,65536,7640.06
138880,16,65536,7640.06
138896,16,65536,7643.14
138912,16,65536,7643.14
138928,16,65536,7643.01
138944,16,65536,7642.88
138960,16,65536,7646.98
138976,16,65536,7646.98
138992,16,65536,7646.98
139008,16,65536,7646.98
139024,16,65536,7650.05
139040,16,65536,7650.05
139056,16,65536,7650.05
139072,16,65536,7650.05
139088,16,65536,7653.12
139104,16,65536,7653.12
139120,16,65536,7652.99
139136,16,65536,7652.99
139152,16,65536,7656.06
139168,16,65536,7656.06
139184,16,65536,7655.94
139200,16,65536,7656.06
139216,16,65536,7659.01
139232,16,65536,7659.01
139248,16,65536,7659.01
139264,16,65536,7659.01
139280,16,65536,7659.01
139296,16,65536,7659.01
139312,16,65536,7659.01
139328,16,65536,7659.01
139344,16,65536,7659.01
139360,16,65536,7659.01
139376,16,65536,7659.01
139392,16,65536,7659.01
139408,16,65536,7659.01
139424,16,65536,7659.01
139440,16,65536,7659.01
139456,16,65536,7659.01
139472,16,65536,7659.01
139488,16,65536,7659.01
139504,16,65536,7659.01
139520,16,65536,7659.01
139536,16,65536,7659.01
139552,16,65536,7659.01
139568,16,65536,7659.01
139584,16,65536,7659.01
139600,16,65536,7659.01
139616,16,65536,7659.01
139632,16,65536,7659.01
139648,16,65536,7659.01
139664,16,65536,7659.01
139680,16,65536,7659.01
139696,16,65536,7659.01
139712,16,65536,7659.01
139728,16,65536,7659.01
139744,16,65536,7659.01
139760,16,65536,7659.01
139776,16,65536,7659.01
139792,16,65536,7659.01
139808,16,65536,7659.01
139824,16,65536,7659.01
139840,16,65536,7659.01
139856,16,65536,7659.01
139872,16,65536,7659.01
139888,16,65536,7659.01
139904,16,65536,7659.01
139920,16,65536,7659.01
139936,16,65536,7659.01
139952,16,65536,7659.01
139968,16,65536,7659.01
139984,16,65536,7659.01
140000,16,65536,7659.01
140016,16,65536,7659.01
140032,16,65536,7659.01
140048,16,65536,7659.01
140064,16,65536,7659.01
140080,16,65536,7659.01
140096,16,65536,7659.01
140112,16,65536,7659.01
140128,16,65536,7659.01
140144,16,65536,7659.01
140160,16,65536,7659.01
140176,16,65536,7659.52
140192,16,65536,7659.01
140208,16,65536,7659.01
140224,16,65536,7659.01
140240,16,65536,7659.01
140256,16,65536,7659.01
140272,16,65536,7659.01
140288,16,65536,7659.01
140304,16,65536,7659.01
140320,16,65536,7659.01
140336,16,65536,7659.01
140352,16,65536,7659.01
140368,16,65536,7659.01
140384,16,65536,7659.01
140400,16,65536,7659.01
140416,16,65536,7659.01
140432,16,65536,7659.01
140448,16,65536,7659.01
140464,16,65536,7659.01
140480,16,65536,7659.01
140496,16,65536,7659.01
140512,16,65536,7659.01
140528,16,65536,7659.01
140544,16,65536,7659.01
140560,16,65536,7659.01
140576,16,65536,7659.01
140592,16,65536,7659.01
140608,16,65536,7659.01
140624,16,65536,7659.01
140640,16,65536,7659.01
140656,16,65536,7659.01
140672,16,65536,7659.01
140688,16,65536,7659.01
140704,16,65536,7659.01
140720,16,65536,7659.01
140736,16,65536,7659.01
140752,16,65536,7659.01
140768,16,65536,7659.01
140784,16,65536,7659.01
140800,16,65536,7659.01
140816,16,65536,7659.01
140832,16,65536,7659.01
140848,16,65536,7659.01
140864,16,65536,7659.01
140880,16,65536,7659.01
140896,16,65536,7659.01
140912,16,65536,7659.01
140928,16,65536,7659.01
140944,16,65536,7659.01
140960,16,65536,7659.01
140976,16,65536,7659.01
140992,16,65536,7659.01
141008,16,65536,7659.01
141024,16,65536,7659.01
141040,16,65536,7659.01
141056,16,65536,7659.01
141072,16,65536,7659.01
141088,16,65536,7659.01
141104,16,65536,7659.01
141120,16,65536,7659.01
141136,16,65536,7659.01
141152,16,65536,7659.01
141168,16,65536,7659.01
141184,16,65536,7659.01
141200,16,65536,7659.01
141216,16,65536,7659.01
141232,16,65536,7659.01
141248,16,65536,7659.01
141264,16,65536,7659.01
141280,16,65536,7659.01
141296,16,65536,7659.01
141312,16,65536,7659.01
141328,16,65536,7659.01
141344,16,65536,7659.01
141360,16,65536,7659.01
141376,16,65536,7659.01
141392,16,65536,7659.01
141408,16,65536,7659.01
141424,16,65536,7659.01
141440,16,65536,7659.01
141456,16,65536,7659.01
141472,16,65536,7659.01
141488,16,65536,7659.01
141504,16,65536,7659.01
141520,16,65536,7659.01
141536,16,65536,7659.01
141552,16,65536,7659.01
141568,16,65536,7659.01
141584,16,65536,7659.01
141600,16,65536,7659.01
141616,16,65536,7659.01
141632,16,65536,7659.01
141648,16,65536,7659.01
141664,16,65536,7659.01
141680,16,65536,7659.01
141696,16,65536,7659.01
141712,16,65536,7659.01
141728,16,65536,7659.01
141744,16,65536,7659.01
141760,16,65536,7659.01
141776,16,65536,7659.01
141792,16,65536,7659.01
141808,16,65536,7659.01
141824,16,65536,7659.01
141840,16,65536,7659.01
141856,16,65536,7659.01
141872,16,65536,7659.01
141888,16,65536,7659.01
141904,16,65536,7659.01
141920,16,65536,7659.01
141936,16,65536,7659.01
141952,16,65536,7659.01
141968,16,65536,7659.01
141984,16,65536,7659.01
142000,16,65536,7659.01
142016,16,65536,7659.01
142032,16,65536,7659.01
142048,16,65536,7659.01
142064,16,65536,7659.01
142080,16,65536,7659.01
142096,16,65536,7659.01
142112,16,65536,7659.01
142128,16,65536,7659.01
142144,16,65536,7659.01
142160,16,65536,7659.01
142176,16,65536,7659.01
142192,16,65536,7659.01
142208,16,65536,7659.01
142224,16,65536,7659.01
142240,16,65536,7659.01
142256,16,65536,7659.01
142272,16,65536,7659.01
142288,16,65536,7659.01
142304,16,65536,7659.01
142320,16,65536,7659.01
142336,16,65536,7659.01
142352,16,65536,7659.01
142368,16,65536,7659.01
142384,16,65536,7659.01
142400,16,65536,7659.01
142416,16,65536,7659.01
142432,16,65536,7659.01
142448,16,65536,7659.01
142464,16,65536,7659.01
142480,16,65536,7659.01
142496,16,65536,7659.01
142512,16,65536,7659.01
142528,16,65536,7659.01
142544,16,65536,7659.01
142560,16,65536,7659.01
142576,16,65536,7659.01
142592,16,65536,7659.01
142608,16,65536,7659.01
142624,16,65536,7659.01
142640,16,65536,7659.01
142656,16,65536,7659.01
142672,16,65536,7659.01
142688,16,65536,7659.01
142704,16,65536,7659.01
142720,16,65536,7659.01
142736,16,65536,7659.01
142752,16,65536,7659.01
142768,16,65536,7659.01
142784,16,65536,7659.01
142800,16,65536,7659.01
142816,16,65536,7659.01
142832,16,65536,7659.01
142848,16,65536,7659.01
142864,16,65536,7659.01
142880,16,65536,7659.01
142896,16,65536,7659.01
142912,16,65536,7659.01
142928,16,65536,7659.01
142944,16,65536,7659.01
142960,16,65536,7659.01
142976,16,65536,7659.01
142992,16,65536,7659.01
143008,16,65536,7659.01
143024,16,65536,7659.01
143040,16,65536,7659.01
143056,16,65536,7659.01
143072,16,65536,7659.01
143088,16,65536,7659.01
143104,16,65536,7659.01
143120,16,65536,7659.01
143136,16,65536,7659.01
143152,16,65536,7659.01
143168,16,65536,7659.01
143184,16,65536,7659.01
143200,16,65536,7659.01
143216,16,65536,7659.01
143232,16,65536,7659.01
143248,16,65536,7659.01
143264,16,65536,7659.01
143280,16,65536,7659.01
143296,16,65536,7659.01
143312,16,65536,7659.01
143328,16,65536,7659.01
143344,16,65536,7659.01
143360,16,65536,7659.01
143376,16,65536,7659.01
143392,16,65536,7659.01
143408,16,65536,7659.01
143424,16,65536,7659.01
143440,16,65536,7659.01
143456,16,65536,7659.01
143472,16,65536,7659.01
143488,16,65536,7659.01
143504,16,65536,7659.01
143520,16,65536,7659.01
143536,16,65536,7659.01
143552,16,65536,7659.01
143568,16,65536,7659.01
143584,16,65536,7659.01
143600,16,65536,7659.01
143616,16,65536,7659.01
143632,16,65536,7659.01
143648,16,65536,7659.01
143664,16,65536,7659.01
143680,16,65536,7659.01
143696,16,65536,7659.01
143712,16,65536,7659.01
143728,16,65536,7659.01
143744,16,65536,7659.01
143760,16,65536,7659.01
143776,16,65536,7659.01
143792,16,65536,7659.01
143808,16,65536,7659.01
143824,16,65536,7659.01
143840,16,65536,7659.01
143856,16,65536,7659.01
143872,16,65536,7659.01
143888,16,65536,7659.01
143904,16,65536,7659.01
143920,16,65536,7659.01
143936,16,65536,7659.01
143952,16,65536,7659.01
143968,16,65536,7659.01
143984,16,65536,7659.01
144000,16,65536,7659.01
144016,16,65536,7659.01
144032,16,65536,7659.01
144048,16,65536,7659.01
144064,16,65536,7659.01
144080,16,65536,7659.01
144096,16,65536,7659.01
144112,16,65536,7659.01
144128,16,65536,7659.01
144144,16,65536,7659.01
144160,16,65536,7659.01
144176,16,65536,7659.01
144192,16,65536,7659.01
144208,16,65536,7659.01
144224,16,65536,7659.01
144240,16,65536,7659.01
144256,16,65536,7659.01
144272,16,65536,7659.01
144288,16,65536,7659.01
144304,16,65536,7659.01
144320,16,65536,7659.01
144336,16,65536,7659.01
144352,16,65536,7659.01
144368,16,65536,7659.01
144384,16,65536,7659.01
144400,16,65536,7659.01
144416,16,65536,7659.01
144432,16,65536,7659.01
144448,16,65536,7659.01
144464,16,65536,7659.01
144480,16,65536,7659.01
144496,16,65536,7659.01
144512,16,65536,7659.01
144528,16,65536,7659.01
144544,16,65536,7659.01
144560,16,65536,7659.01
144576,16,65536,7659.01
144592,16,65536,7659.01
144608,16,65536,7659.01
144624,16,65536,7659.01
144640,16,65536,7659.01
144656,16,65536,7659.01
144672,16,65536,7659.01
144688,16,65536,7659.01
144704,16,65536,7659.01
144720,16,65536,7659.01
144736,16,65536,7659.01
144752,16,65536,7659.01
144768,16,65536,7659.01
144784,16,65536,7659.01
144800,16,65536,7659.01
144816,16,65536,7659.01
144832,16,65536,7659.01
144848,16,65536,7659.01
144864,16,65536,7659.01
144880,16,65536,7659.01
144896,16,65536,7659.01
144912,16,65536,7659.01
144928,16,65536,7659.01
144944,16,65536,7659.01
144960,16,65536,7659.01
144976,16,65536,7659.01
144992,16,65536,7659.01
145008,16,65536,7659.01
145024,16,65536,7659.01
145040,16,65536,7659.01
145056,16,65536,7659.01
145072,16,65536,7659.01
145088,16,65536,7659.01
145104,16,65536,7659.01
145120,16,65536,7659.01
145136,16,65536,7659.01
145152,16,65536,7659.01
145168,16,65536,7659.01
145184,16,65536,7659.01
145200,16,65536,7659.01
145216,16,65536,7659.01
145232,16,65536,7659.01
145248,16,65536,7659.01
145264,16,65536,7659.01
145280,16,65536,7659.01
145296,16,65536,7659.01
145312,16,65536,7659.01
145328,16,65536,7659.01
145344,16,65536,7659.01
145360,16,65536,7659.01
145376,16,65536,7659.01
145392,16,65536,7659.01
145408,16,65536,7659.01
145424,16,65536,7659.01
145440,16,65536,7659.01
145456,16,65536,7659.01
145472,16,65536,7659.01
145488,16,65536,7659.01
145504,16,65536,7659.01
145520,16,65536,7659.01
145536,16,65536,7659.01
145552,16,65536,7659.01
145568,16,65536,7659.01
145584,16,65536,7659.01
145600,16,65536,7659.01
145616,16,65536,7659.01
145632,16,65536,7659.01
145648,16,65536,7659.01
145664,16,65536,7659.01
145680,16,65536,7659.01
145696,16,65536,7659.01
145712,16,65536,7659.01
145728,16,65536,7659.01
145744,16,65536,7659.01
145760,16,65536,7659.01
145776,16,65536,7659.01
145792,16,65536,7659.01
145808,16,65536,7659.01
145824,16,65536,7659.01
145840,16,65536,7659.01
145856,16,65536,7659.01
145872,16,65536,7659.01
145888,16,65536,7659.01
145904,16,65536,7659.01
145920,16,65536,7659.01
145936,16,65536,7659.01
145952,16,65536,7659.01
145968,16,65536,7659.01
145984,16,65536,7659.01
146000,16,65536,7659.01
146016,16,65536,7659.01
146032,16,65536,7659.01
146048,16,65536,7659.01
146064,16,65536,7659.01
146080,16,65536,7659.01
146096,16,65536,7659.01
146112,16,65536,7659.01
146128,16,65536,7659.01
146144,16,65536,7659.01
146160,16,65536,7659.01
146176,16,65536,7659.01
146192,16,65536,7659.01
146208,16,65536,7659.01
146224,16,65536,7659.01
146240,16,65536,7659.01
146256,16,65536,7659.01
146272,16,65536,7659.01
146288,16,65536,7659.01
146304,16,65536,7659.01
146320,16,65536,7659.01
146336,16,65536,7659.01
146352,16,65536,7659.01
146368,16,65536,7659.01
146384,16,65536,7659.01
146400,16,65536,7659.01
146416,16,65536,7659.01
146432,16,65536,7659.01
146448,16,65536,7659.01
146464,16,65536,7659.01
146480,16,65536,7659.01
146496,16,65536,7659.01
146512,16,65536,7659.01
146528,16,65536,7659.01
146544,16,65536,7659.01
146560,16,65536,7659.01
146576,16,65536,7659.01
146592,16,65536,7659.01
146608,16,65536,7659.01
146624,16,65536,7659.01
146640,16,65536,7659.01
146656,16,65536,7659.01
146672,16,65536,7659.01
146688,16,65536,7659.01
146704,16,65536,7659.01
146720,16,65536,7659.01
146736,16,65536,7659.01
146752,16,65536,7659.01
146768,16,65536,7659.01
146784,16,65536,7659.01
146800,16,65536,7659.01
146816,16,65536,7659.01
146832,16,65536,7659.01
146848,16,65536,7659.01
146864,16,65536,7659.01
146880,16,65536,7659.01
146896,16,65536,7659.01
146912,16,65536,7659.01
146928,16,65536,7659.01
146944,16,65536,7659.01
146960,16,65536,7659.01
146976,16,65536,7659.01
146992,16,65536,7659.01
147008,16,65536,7659.01
147024,16,65536,7659.01
147040,16,65536,7659.01
147056,16,65536,7659.01
147072,16,65536,7659.01
147088,16,65536,7659.01
147104,16,65536,7659.01
147120,16,65536,7659.01
147136,16,65536,7659.01
147152,16,65536,7659.01
147168,16,65536,7659.01
147184,16,65536,7659.01
147200,16,65536,7659.01
147216,16,65536,7659.01
147232,16,65536,7659.01
147248,16,65536,7659.01
147264,16,65536,7659.01
147280,16,65536,7659.01
147296,16,65536,7659.01
147312,16,65536,7659.01
147328,16,65536,7659.01
147344,16,65536,7659.01
147360,16,65536,7659.01
147376,16,65536,7659.01
147392,16,65536,7659.01
147408,16,65536,7659.01
147424,16,65536,7659.01
147440,16,65536,7659.01
147456,16,65536,7659.01
147472,16,65536,7659.01
147488,16,65536,7659.01
147504,16,65536,7659.01
147520,16,65536,7659.01
147536,16,65536,7659.01
147552,16,65536,7659.01
147568,16,65536,7659.01
147584,16,65536,7659.01
147600,16,65536,7659.01
147616,16,65536,7659.01
147632,16,65536,7659.01
147648,16,65536,7659.01
147664,16,65536,7659.01
147680,16,65536,7659.01
147696,16,65536,7659.01
147712,16,65536,7659.01
147728,16,65536,7659.01
147744,16,65536,7659.01
147760,16,65536,7659.01
147776,16,65536,7659.01
147792,16,65536,7659.52
147808,16,65536,7659.01
147824,16,65536,7659.01
147840,16,65536,7659.01
147856,16,65536,7659.01
147872,16,65536,7659.01
147888,16,65536,7659.01
147904,16,65536,7659.01
147920,16,65536,7659.01
147936,16,65536,7659.01
147952,16,65536,7659.01
147968,16,65536,7659.01
147984,16,65536,7659.01
148000,16,65536,7659.01
148016,16,65536,7659.01
148032,16,65536,7659.01
148048,16,65536,7659.01
148064,16,65536,7659.01
148080,16,65536,7659.01
148096,16,65536,7659.01
148112,16,65536,7659.01
148128,16,65536,7659.01
148144,16,65536,7659.01
148160,16,65536,7659.01
148176,16,65536,7659.01
148192,16,65536,7659.01
148208,16,65536,7659.01
148224,16,65536,7659.01
148240,16,65536,7659.01
148256,16,65536,7659.01
148272,16,65536,7659.01
148288,16,65536,7659.01
148304,16,65536,7659.01
148320,16,65536,7659.01
148336,16,65536,7659.01
148352,16,65536,7659.01
148368,16,65536,7659.01
148384,16,65536,7659.01
148400,16,65536,7659.01
148416,16,65536,7659.01
148432,16,65536,7659.01
148448,16,65536,7659.01
148464,16,65536,7659.01
148480,16,65536,7659.01
148496,16,65536,7659.01
148512,16,65536,7659.01
148528,16,65536,7659.01
148544,16,65536,7659.01
148560,16,65536,7659.01
148576,16,65536,7659.01
148592,16,65536,7659.01
148608,16,65536,7659.01
148624,16,65536,7659.01
148640,16,65536,7659.01
148656,16,65536,7659.01
148672,16,65536,7659.01
148688,16,65536,7659.01
148704,16,65536,7659.01
148720,16,65536,7659.01
148736,16,65536,7659.01
148752,16,65536,7659.01
148768,16,65536,7659.01
148784,16,65536,7659.01
148800,16,65536,7659.01
148816,16,65536,7659.01
148832,16,65536,7659.01
148848,16,65536,7659.01
148864,16,65536,7659.01
148880,16,65536,7659.01
148896,16,65536,7659.01
148912,16,65536,7659.01
148928,16,65536,7659.01
148944,16,65536,7659.01
148960,16,65536,7659.01
148976,16,65536,7659.01
148992,16,65536,7659.01
149008,16,65536,7659.01
149024,16,65536,7659.01
149040,16,65536,7659.01
149056,16,65536,7659.01
149072,16,65536,7659.01
149088,16,65536,7659.01
149104,16,65536,7659.01
149120,16,65536,7659.01
149136,16,65536,7659.01
149152,16,65536,7659.01
149168,16,65536,7659.01
149184,16,65536,7659.01
149200,16,65536,7659.01
149216,16,65536,7659.01
149232,16,65536,7659.01
149248,16,65536,7659.01
149264,16,65536,7659.01
149280,16,65536,7659.01
149296,16,65536,7659.01
149312,16,65536,7659.01
149328,16,65536,7659.01
149344,16,65536,7659.01
149360,16,65536,7659.01
149376,16,65536,7659.01
149392,16,65536,7659.01
149408,16,65536,7659.01
149424,16,65536,7659.01
149440,16,65536,7659.01
149456,16,65536,7659.01
149472,16,65536,7659.01
149488,16,65536,7659.01
149504,16,65536,7659.01
149520,16,65536,7659.01
149536,16,65536,7659.01
149552,16,65536,7659.01
149568,16,65536,7659.01
149584,16,65536,7659.01
149600,16,65536,7659.01
149616,16,65536,7659.01
149632,16,65536,7659.01
149648,16,65536,7659.01
149664,16,65536,7659.01
149680,16,65536,7659.01
149696,16,65536,7659.01
149712,16,65536,7659.01
149728,16,65536,7659.01
149744,16,65536,7659.01
149760,16,65536,7659.01
149776,16,65536,7659.01
149792,16,65536,7659.01
149808,16,65536,7659.01
149824,16,65536,7659.01
149840,16,65536,7659.01
149856,16,65536,7659.01
149872,16,65536,7659.01
149888,16,65536,7659.01
149904,16,65536,7659.01
149920,16,65536,7659.01
149936,16,65536,7659.01
149952,16,65536,7659.01
149968,16,65536,7659.01
149984,16,65536,7659.01
150000,16,65536,7659.01
150016,16,65536,7659.01
150032,16,65536,7659.01
150048,16,65536,7659.01
150064,16,65536,7659.01
150080,16,65536,7659.01
150096,16,65536,7659.01
150112,16,65536,7659.01
150128,16,65536,7659.01
150144,16,65536,7659.01
150160,16,65536,7659.01
150176,16,65536,7659.01
150192,16,65536,7659.01
150208,16,65536,7659.01
150224,16,65536,7659.01
150240,16,65536,7659.01
150256,16,65536,7659.01
150272,16,65536,7659.01
150288,16,65536,7659.01
150304,16,65536,7659.01
150320,16,65536,7659.01
150336,16,65536,7659.01
150352,16,65536,7659.01
150368,16,65536,7659.01
150384,16,65536,7659.01
150400,16,65536,7659.01
150416,16,65536,7659.01
150432,16,65536,7659.01
150448,16,65536,7659.01
150464,16,65536,7659.01
150480,16,65536,7659.01
150496,16,65536,7659.01
150512,16,65536,7659.01
150528,16,65536,7659.01
150544,16,65536,7659.01
150560,16,65536,7659.01
150576,16,65536,7659.01
150592,16,65536,7659.01
150608,16,65536,7659.01
150624,16,65536,7659.01
150640,16,65536,7659.01
150656,16,65536,7659.01
150672,16,65536,7659.01
150688,16,65536,7659.01
150704,16,65536,7659.01
150720,16,65536,7659.01
150736,16,65536,7659.01
150752,16,65536,7659.01
150768,16,65536,7659.01
150784,16,65536,7659.01
150800,16,65536,7659.01
150816,16,65536,7659.01
150832,16,65536,7659.01
150848,16,65536,7659.01
150864,16,65536,7659.01
150880,16,65536,7659.01
150896,16,65536,7659.01
150912,16,65536,7659.01
150928,16,65536,7659.01
150944,16,65536,7659.01
150960,16,65536,7659.01
150976,16,65536,7659.01
150992,16,65536,7659.01
151008,16,65536,7659.01
151024,16,65536,7659.01
151040,16,65536,7659.01
151056,16,65536,7659.01
151072,16,65536,7659.01
151088,16,65536,7659.01
151104,16,65536,7659.01
151120,16,65536,7659.01
151136,16,65536,7659.01
151152,16,65536,7659.01
151168,16,65536,7659.01
151184,16,65536,7659.01
151200,16,65536,7659.01
151216,16,65536,7659.01
151232,16,65536,7659.01
151248,16,65536,7659.01
151264,16,65536,7659.01
151280,16,65536,7659.01
151296,16,65536,7659.01
151312,16,65536,7659.01
151328,16,65536,7659.01
151344,16,65536,7659.01
151360,16,65536,7659.01
151376,16,65536,7659.01
151392,16,65536,7659.01
151408,16,65536,7659.01
151424,16,65536,7659.01
151440,16,65536,7659.01
151456,16,65536,7659.01
151472,16,65536,7659.01
151488,16,65536,7659.01
151504,16,65536,7659.01
151520,16,65536,7659.01
151536,16,65536,7659.01
151552,16,65536,7659.01
151568,16,65536,7659.01
151584,16,65536,7659.01
151600,16,65536,7659.01
151616,16,65536,7659.01
151632,16,65536,7659.01
151648,16,65536,7659.01
151664,16,65536,7659.01
151680,16,65536,7659.01
151696,16,65536,7659.01
151712,16,65536,7659.01
151728,16,65536,7659.01
151744,16,65536,7659.01
151760,16,65536,7659.01
151776,16,65536,7659.01
151792,16,65536,7659.01
151808,16,65536,7659.01
151824,16,65536,7659.01
151840,16,65536,7659.01
151856,16,65536,7659.01
151872,16,65536,7659.01
151888,16,65536,7659.01
151904,16,65536,7659.01
151920,16,65536,7659.01
151936,16,65536,7659.01
151952,16,65536,7659.01
151968,16,65536,7659.01
151984,16,65536,7659.01
152000,16,65536,7659.01
152016,16,65536,7659.01
152032,16,65536,7659.01
152048,16,65536,7659.01
152064,16,65536,7659.01
152080,16,65536,7659.01
152096,16,65536,7659.01
152112,16,65536,7659.01
152128,16,65536,7659.01
152144,16,65536,7659.01
152160,16,65536,7659.01
152176,16,65536,7659.01
152192,16,65536,7659.01
152208,16,65536,7659.01
152224,16,65536,7659.01
152240,16,65536,7659.01
152256,16,65536,7659.01
152272,16,65536,7659.01
152288,16,65536,7659.01
152304,16,65536,7659.01
152320,16,65536,7659.01
152336,16,65536,7659.01
152352,16,65536,7659.01
152368,16,65536,7659.01
152384,16,65536,7659.01
152400,16,65536,7659.01
152416,16,65536,7659.01
152432,16,65536,7659.01
152448,16,65536,7659.01
152464,16,65536,7659.01
152480,16,65536,7659.01
152496,16,65536,7659.01
152512,16,65536,7659.01
152528,16,65536,7659.01
152544,16,65536,7659.01
152560,16,65536,7659.01
152576,16,65536,7659.01
152592,16,65536,7659.01
152608,16,65536,7659.01
152624,16,65536,7659.01
152640,16,65536,7659.01
152656,16,65536,7659.01
152672,16,65536,7659.01
152688,16,65536,7659.01
152704,16,65536,7659.01
152720,16,65536,7659.01
152736,16,65536,7659.01
152752,16,65536,7659.01
152768,16,65536,7659.01
152784,16,65536,7659.01
152800,16,65536,7659.01
152816,16,65536,7659.01
152832,16,65536,7659.01
152848,16,65536,7659.01
152864,16,65536,7659.01
152880,16,65536,7659.01
152896,16,65536,7659.01
152912,16,65536,7659.01
152928,16,65536,7659.01
152944,16,65536,7659.01
152960,16,65536,7659.01
152976,16,65536,7659.01
152992,16,65536,7659.01
153008,16,65536,7659.01
153024,16,65536,7659.01
153040,16,65536,7659.01
153056,16,65536,7659.01
153072,16,65536,7659.01
153088,16,65536,7659.01
153104,16,65536,7659.01
153120,16,65536,7659.01
153136,16,65536,7659.01
153152,16,65536,7659.01
153168,16,65536,7659.01
153184,16,65536,7659.01
153200,16,65536,7659.01
153216,16,65536,7659.01
153232,16,65536,7659.01
153248,16,65536,7659.01
153264,16,65536,7659.01
153280,16,65536,7659.01
153296,16,65536,7659.01
153312,16,65536,7659.01
153328,16,65536,7659.01
153344,16,65536,7659.01
153360,16,65536,7659.01
153376,16,65536,7659.01
153392,16,65536,7659.01
153408,16,65536,7659.01
153424,16,65536,7659.01
153440,16,65536,7659.01
153456,16,65536,7659.01
153472,16,65536,7659.01
153488,16,65536,7659.01
153504,16,65536,7659.01
153520,16,65536,7659.01
153536,16,65536,7659.01
153552,16,65536,7659.01
153568,16,65536,7659.01
153584,16,65536,7659.01
153600,16,65536,7659.01
153616,16,65536,7659.01
153632,16,65536,7659.01
153648,16,65536,7659.01
153664,16,65536,7659.01
153680,16,65536,7659.01
153696,16,65536,7659.01
153712,16,65536,7659.01
153728,16,65536,7659.01
153744,16,65536,7659.01
153760,16,65536,7659.01
153776,16,65536,7659.01
153792,16,65536,7659.01
153808,16,65536,7659.01
153824,16,65536,7659.01
153840,16,65536,7659.01
153856,16,65536,7659.01
153872,16,65536,7659.01
153888,16,65536,7659.01
153904,16,65536,7659.01
153920,16,65536,7659.01
153936,16,65536,7659.01
153952,16,65536,7659.01
153968,16,65536,7659.01
153984,16,65536,7659.01
154000,16,65536,7659.01
154016,16,65536,7659.01
154032,16,65536,7659.01
154048,16,65536,7659.01
154064,16,65536,7659.01
154080,16,65536,7659.01
154096,16,65536,7659.01
154112,16,65536,7659.01
154128,16,65536,7659.01
154144,16,65536,7659.01
154160,16,65536,7659.01
154176,16,65536,7659.01
154192,16,65536,7659.01
154208,16,65536,7659.01
154224,16,65536,7659.01
154240,16,65536,7659.01
154256,16,65536,7659.01
154272,16,65536,7659.01
154288,16,65536,7659.01
154304,16,65536,7659.01
154320,16,65536,7659.01
154336,16,65536,7659.01
154352,16,65536,7659.01
154368,16,65536,7659.01
154384,16,65536,7659.01
154400,16,65536,7659.01
154416,16,65536,7659.01
154432,16,65536,7659.01
154448,16,65536,7659.01
154464,16,65536,7659.01
154480,16,65536,7659.01
154496,16,65536,7659.01
154512,16,65536,7659.01
154528,16,65536,7659.01
154544,16,65536,7659.01
154560,16,65536,7659.01
154576,16,65536,7659.01
154592,16,65536,7659.01
154608,16,65536,7659.01
154624,16,65536,7659.01
154640,16,65536,7659.01
154656,16,65536,7659.01
154672,16,65536,7659.01
154688,16,65536,7659.01
154704,16,65536,7659.01
154720,16,65536,7659.01
154736,16,65536,7659.01
154752,16,65536,7659.01
154768,16,65536,7659.01
154784,16,65536,7659.01
154800,16,65536,7659.01
154816,16,65536,7659.01
154832,16,65536,7659.01
154848,16,65536,7659.01
154864,16,65536,7659.01
154880,16,65536,7659.01
154896,16,65536,7659.01
154912,16,65536,7659.01
154928,16,65536,7659.01
154944,16,65536,7659.01
154960,16,65536,7659.01
154976,16,65536,7659.01
154992,16,65536,7659.01
155008,16,65536,7659.01
155024,16,65536,7659.01
155040,16,65536,7659.01
155056,16,65536,7659.01
155072,16,65536,7659.01
155088,16,65536,7659.01
155104,16,65536,7659.01
155120,16,65536,7659.01
155136,16,65536,7659.01
155152,16,65536,7659.01
155168,16,65536,7659.01
155184,16,65536,7659.01
155200,16,65536,7659.01
155216,16,65536,7659.01
155232,16,65536,7659.01
155248,16,65536,7659.01
155264,16,65536,7659.01
155280,16,65536,7659.01
155296,16,65536,7659.01
155312,16,65536,7659.01
155328,16,65536,7659.01
155344,16,65536,7659.01
155360,16,65536,7659.01
155376,16,65536,7659.01
155392,16,65536,7659.01
155408,16,65536,7659.01
155424,16,65536,7659.01
155440,16,65536,7659.01
155456,16,65536,7659.01
155472,16,65536,7659.01
155488,16,65536,7659.01
155504,16,65536,7659.01
155520,16,65536,7659.01
155536,16,65536,7659.01
155552,16,65536,7659.01
155568,16,65536,7659.01
155584,16,65536,7659.01
155600,16,65536,7659.01
155616,16,65536,7659.01
155632,16,65536,7659.01
155648,16,65536,7659.01
155664,16,65536,7659.01
155680,16,65536,7659.01
155696,16,65536,7659.01
155712,16,65536,7659.01
155728,16,65536,7659.01
155744,16,65536,7659.01
155760,16,65536,7659.01
155776,16,65536,7659.01
155792,16,65536,7659.01
155808,16,65536,7659.01
155824,16,65536,7659.01
155840,16,65536,7659.01
155856,16,65536,7659.01
155872,16,65536,7659.01
155888,16,65536,7659.01
155904,16,65536,7659.01
155920,16,65536,7659.01
155936,16,65536,7659.01
155952,16,65536,7659.01
155968,16,65536,7659.01
155984,16,65536,7659.01
156000,16,65536,7659.01
156016,16,65536,7659.01
156032,16,65536,7659.01
156048,16,65536,7659.01
156064,16,65536,7659.01
156080,16,65536,7659.01
156096,16,65536,7659.01
156112,16,65536,7659.01
156128,16,65536,7659.01
156144,16,65536,7659.01
156160,16,65536,7659.01
156176,16,65536,7659.01
156192,16,65536,7659.01
156208,16,65536,7659.01
156224,16,65536,7659.01
156240,16,65536,7659.01
156256,16,65536,7659.01
156272,16,65536,7659.01
156288,16,65536,7659.01
156304,16,65536,7659.01
156320,16,65536,7659.01
156336,16,65536,7659.01
156352,16,65536,7659.01
156368,16,65536,7659.01
156384,16,65536,7659.01
156400,16,65536,7659.01
156416,16,65536,7659.01
156432,16,65536,7659.01
156448,16,65536,7659.01
156464,16,65536,7659.01
156480,16,65536,7659.01
156496,16,65536,7659.01
156512,16,65536,7659.01
156528,16,65536,7659.01
156544,16,65536,7659.01
156560,16,65536,7659.01
156576,16,65536,7659.01
156592,16,65536,7659.01
156608,16,65536,7659.01
156624,16,65536,7659.01
156640,16,65536,7659.01
156656,16,65536,7659.01
156672,16,65536,7659.01
156688,16,65536,7659.01
156704,16,65536,7659.01
156720,16,65536,7659.01
156736,16,65536,7659.01
156752,16,65536,7659.01
156768,16,65536,7659.01
156784,16,65536,7659.01
156800,16,65536,7659.01
156816,16,65536,7659.01
156832,16,65536,7659.01
156848,16,65536,7659.01
156864,16,65536,7659.01
156880,16,65536,7659.01
156896,16,65536,7659.01
156912,16,65536,7659.01
156928,16,65536,7659.01
156944,16,65536,7659.01
156960,16,65536,7659.01
156976,16,65536,7659.01
156992,16,65536,7659.01
157008,16,65536,7659.01
157024,16,65536,7659.01
157040,16,65536,7659.01
157056,16,65536,7659.01
157072,16,65536,7659.01
157088,16,65536,7659.01
157104,16,65536,7659.01
157120,16,65536,7659.01
157136,16,65536,7659.01
157152,16,65536,7659.01
157168,16,65536,7659.01
157184,16,65536,7659.01
157200,16,65536,7659.01
157216,16,65536,7659.01
157232,16,65536,7659.01
157248,16,65536,7659.01
157264,16,65536,7659.01
157280,16,65536,7659.01
157296,16,65536,7659.01
157312,16,65536,7659.01
157328,16,65536,7659.01
157344,16,65536,7659.01
157360,16,65536,7659.01
157376,16,65536,7659.01
157392,16,65536,7659.01
157408,16,65536,7659.01
157424,16,65536,7659.01
157440,16,65536,7659.01
157456,16,65536,7659.01
157472,16,65536,7659.01
157488,16,65536,7659.01
157504,16,65536,7659.01
157520,16,65536,7659.01
157536,16,65536,7659.01
157552,16,65536,7659.01
157568,16,65536,7659.01
157584,16,65536,7659.01
157600,16,65536,7659.01
157616,16,65536,7659.01
157632,16,65536,7659.01
157648,16,65536,7659.01
157664,16,65536,7659.01
157680,16,65536,7659.01
157696,16,65536,7659.01
157712,16,65536,7659.01
157728,16,65536,7659.01
157744,16,65536,7659.01
157760,16,65536,7659.01
157776,16,65536,7659.01
157792,16,65536,7659.01
157808,16,65536,7659.01
157824,16,65536,7659.01
157840,16,65536,7659.01
157856,16,65536,7659.01
157872,16,65536,7659.01
157888,16,65536,7659.01
157904,16,65536,7659.01
157920,16,65536,7659.01
157936,16,65536,7659.01
157952,16,65536,7659.01
157968,16,65536,7659.01
157984,16,65536,7659.01
158000,16,65536,7659.01
158016,16,65536,7659.01
158032,16,65536,7659.01
158048,16,65536,7659.01
158064,16,65536,7659.01
158080,16,65536,7659.01
158096,16,65536,7659.01
158112,16,65536,7659.01
158128,16,65536,7659.01
158144,16,65536,7659.01
158160,16,65536,7659.01
158176,16,65536,7659.01
158192,16,65536,7659.01
158208,16,65536,7659.01
158224,16,65536,7659.01
158240,16,65536,7659.01
158256,16,65536,7659.01
158272,16,65536,7659.01
158288,16,65536,7659.01
158304,16,65536,7659.01
158320,16,65536,7659.01
158336,16,65536,7659.01
158352,16,65536,7659.01
158368,16,65536,7659.01
158384,16,65536,7659.01
158400,16,65536,7659.01
158416,16,65536,7659.01
158432,16,65536,7659.01
158448,16,65536,7659.01
158464,16,65536,7659.01
158480,16,65536,7659.01
158496,16,65536,7659.01
158512,16,65536,7659.01
158528,16,65536,7659.01
158544,16,65536,7659.01
158560,16,65536,7659.01
158576,16,65536,7659.01
158592,16,65536,7659.01
158608,16,65536,7659.01
158624,16,65536,7659.01
158640,16,65536,7659.01
158656,16,65536,7659.01
158672,16,65536,7659.01
158688,16,65536,7659.01
158704,16,65536,7659.01
158720,16,65536,7659.01
158736,16,65536,7659.01
158752,16,65536,7659.01
158768,16,65536,7659.01
158784,16,65536,7659.01
158800,16,65536,7659.01
158816,16,65536,7659.01
158832,16,65536,7659.01
158848,16,65536,7659.01
158864,16,65536,7659.01
158880,16,65536,7659.01
158896,16,65536,7659.01
158912,16,65536,7659.01
158928,16,65536,7659.01
158944,16,65536,7659.01
158960,16,65536,7659.01
158976,16,65536,7659.01
158992,16,65536,7659.01
159008,16,65536,7659.01
159024,16,65536,7659.01
159040,16,65536,7659.01
159056,16,65536,7659.01
159072,16,65536,7659.01
159088,16,65536,7659.01
159104,16,65536,7659.01
159120,16,65536,7659.01
159136,16,65536,7659.01
159152,16,65536,7659.01
159168,16,65536,7659.01
159184,16,65536,7659.01
159200,16,65536,7659.01
159216,16,65536,7659.01
159232,16,65536,7659.01
159248,16,65536,7659.01
159264,16,65536,7659.01
159280,16,65536,7659.01
159296,16,65536,7659.01
159312,16,65536,7659.01
159328,16,65536,7659.01
159344,16,65536,7659.01
159360,16,65536,7659.01
159376,16,65536,7659.01
159392,16,65536,7659.01
159408,16,65536,7659.01
159424,16,65536,7659.01
159440,16,65536,7659.01
159456,16,65536,7659.01
159472,16,65536,7659.01
159488,16,65536,7659.01
159504,16,65536,7659.01
159520,16,65536,7659.01
159536,16,65536,7659.01
159552,16,65536,7659.01
159568,16,65536,7659.01
159584,16,65536,7659.01
159600,16,65536,7659.01
159616,16,65536,7659.01
159632,16,65536,7659.01
159648,16,65536,7659.01
159664,16,65536,7659.01
159680,16,65536,7659.01
159696,16,65536,7659.01
159712,16,65536,7659.01
159728,16,65536,7659.01
159744,16,65536,7659.01
159760,16,65536,7659.01
159776,16,65536,7659.01
159792,16,65536,7659.01
159808,16,65536,7659.01
159824,16,65536,7659.01
159840,16,65536,7659.01
159856,16,65536,7659.01
159872,16,65536,7659.01
159888,16,65536,7659.01
159904,16,65536,7659.01
159920,16,65536,7659.01
159936,16,65536,7659.01
159952,16,65536,7659.01
159968,16,65536,7659.01
159984,16,65536,7659.01
160000,16,65536,7659.01
160016,16,65536,7659.01
160032,16,65536,7659.01
160048,16,65536,7659.01
160064,16,65536,7659.01
160080,16,65536,7659.01
160096,16,65536,7659.01
160112,16,65536,7659.01
160128,16,65536,7659.01
160144,16,65536,7659.01
160160,16,65536,7659.01
160176,16,65536,7659.01
160192,16,65536,7659.01
160208,16,65536,7659.01
160224,16,65536,7659.01
160240,16,65536,7659.01
160256,16,65536,7659.01
160272,16,65536,7659.01
160288,16,65536,7659.01
160304,16,65536,7659.01
160320,16,65536,7659.01
160336,16,65536,7659.01
160352,16,65536,7659.01
160368,16,65536,7659.01
160384,16,65536,7659.01
160400,16,65536,7659.01
160416,16,65536,7659.01
160432,16,65536,7659.01
160448,16,65536,7659.01
160464,16,65536,7659.01
160480,16,65536,7659.01
160496,16,65536,7659.01
160512,16,65536,7659.01
160528,16,65536,7659.01
160544,16,65536,7659.01
160560,16,65536,7659.01
160576,16,65536,7659.01
160592,16,65536,7659.01
160608,16,65536,7659.01
160624,16,65536,7659.01
160640,16,65536,7659.01
160656,16,65536,7659.01
160672,16,65536,7659.01
160688,16,65536,7659.01
160704,16,65536,7659.01
160720,16,65536,7659.01
160736,16,65536,7659.01
160752,16,65536,7659.01
160768,16,65536,7659.01
160784,16,65536,7659.01
160800,16,65536,7659.01
160816,16,65536,7659.01
160832,16,65536,7659.01
160848,16,65536,7659.01
160864,16,65536,7659.01
160880,16,65536,7659.01
160896,16,65536,7659.01
160912,16,65536,7659.01
160928,16,65536,7659.01
160944,16,65536,7659.01
160960,16,65536,7659.01
160976,16,65536,7659.01
160992,16,65536,7659.01
161008,16,65536,7659.01
161024,16,65536,7659.01
161040,16,65536,7659.01
161056,16,65536,7659.01
161072,16,65536,7659.01
161088,16,65536,7659.01
161104,16,65536,7659.01
161120,16,65536,7659.01
161136,16,65536,7659.01
161152,16,65536,7659.01
161168,16,65536,7659.01
161184,16,65536,7659.01
161200,16,65536,7659.01
161216,16,65536,7659.01
161232,16,65536,7659.01
161248,16,65536,7659.01
161264,16,65536,7659.01
161280,16,65536,7659.01
161296,16,65536,7659.01
161312,16,65536,7659.01
161328,16,65536,7659.01
161344,16,65536,7659.01
161360,16,65536,7659.01
161376,16,65536,7659.01
161392,16,65536,7659.01
161408,16,65536,7659.01
161424,16,65536,7659.01
161440,16,65536,7659.01
161456,16,65536,7659.01
161472,16,65536,7659.01
161488,16,65536,7659.01
161504,16,65536,7659.01
161520,16,65536,7659.01
161536,16,65536,7659.01
161552,16,65536,7659.01
161568,16,65536,7659.01
161584,16,65536,7659.01
161600,16,65536,7659.01
161616,16,65536,7659.01
161632,16,65536,7659.01
161648,16,65536,7659.01
161664,16,65536,7659.01
161680,16,65536,7659.01
161696,16,65536,7659.01
161712,16,65536,7659.01
161728,16,65536,7659.01
161744,16,65536,7659.01
161760,16,65536,7659.01
161776,16,65536,7659.01
161792,16,65536,7659.01
161808,16,65536,7659.01
161824,16,65536,7659.01
161840,16,65536,7659.01
161856,16,65536,7659.01
161872,16,65536,7659.01
161888,16,65536,7659.01
161904,16,65536,7659.01
161920,16,65536,7659.01
161936,16,65536,7659.01
161952,16,65536,7659.01
161968,16,65536,7659.01
161984,16,65536,7659.01
162000,16,65536,7659.01
162016,16,65536,7659.01
162032,16,65536,7659.01
162048,16,65536,7659.01
162064,16,65536,7659.01
162080,16,65536,7659.01
162096,16,65536,7659.01
162112,16,65536,7659.01
162128,16,65536,7659.01
162144,16,65536,7659.01
162160,16,65536,7659.01
162176,16,65536,7659.01
162192,16,65536,7659.01
162208,16,65536,7659.01
162224,16,65536,7659.01
162240,16,65536,7659.01
162256,16,65536,7659.01
162272,16,65536,7659.01
162288,16,65536,7659.01
162304,16,65536,7659.01
162320,16,65536,7659.01
162336,16,65536,7659.01
162352,16,65536,7659.01
162368,16,65536,7659.01
162384,16,65536,7659.01
162400,16,65536,7659.01
162416,16,65536,7659.01
162432,16,65536,7659.01
162448,16,65536,7659.01
162464,16,65536,7659.01
162480,16,65536,7659.01
162496,16,65536,7659.01
162512,16,65536,7659.01
162528,16,65536,7659.01
162544,16,65536,7659.01
162560,16,65536,7659.01
162576,16,65536,7659.01
162592,16,65536,7659.01
162608,16,65536,7659.01
162624,16,65536,7659.01
162640,16,65536,7659.01
162656,16,65536,7659.01
162672,16,65536,7659.01
162688,16,65536,7659.01
162704,16,65536,7659.01
162720,16,65536,7659.01
162736,16,65536,7659.01
162752,16,65536,7659.01
162768,16,65536,7659.01
162784,16,65536,7659.01
162800,16,65536,7659.01
162816,16,65536,7659.01
162832,16,65536,7659.01
162848,16,65536,7659.01
162864,16,65536,7659.01
162880,16,65536,7659.01
162896,16,65536,7659.01
162912,16,65536,7659.01
162928,16,65536,7659.01
162944,16,65536,7659.01
162960,16,65536,7659.01
162976,16,65536,7659.01
162992,16,65536,7659.01
163008,16,65536,7659.01
163024,16,65536,7659.01
163040,16,65536,7659.01
163056,16,65536,7659.01
163072,16,65536,7659.01
163088,16,65536,7659.01
163104,16,65536,7659.01
163120,16,65536,7659.01
163136,16,65536,7659.01
163152,16,65536,7659.01
163168,16,65536,7659.01
163184,16,65536,7659.01
163200,16,65536,7659.01
163216,16,65536,7659.01
163232,16,65536,7659.01
163248,16,65536,7659.01
163264,16,65536,7659.01
163280,16,65536,7659.01
163296,16,65536,7659.01
163312,16,65536,7659.01
163328,16,65536,7659.01
163344,16,65536,7659.01
163360,16,65536,7659.01
163376,16,65536,7659.01
163392,16,65536,7659.01
163408,16,65536,7659.01
163424,16,65536,7659.01
163440,16,65536,7659.01
163456,16,65536,7659.01
163472,16,65536,7659.01
163488,16,65536,7659.01
163504,16,65536,7659.01
163520,16,65536,7659.01
163536,16,65536,7659.01
163552,16,65536,7659.01
163568,16,65536,7659.01
163584,16,65536,7659.01
163600,16,65536,7659.01
163616,16,65536,7659.01
163632,16,65536,7659.01
163648,16,65536,7659.01
163664,16,65536,7659.01
163680,16,65536,7659.01
163696,16,65536,7659.01
163712,16,65536,7659.01
163728,16,65536,7659.01
163744,16,65536,7659.01
163760,16,65536,7659.01
163776,16,65536,7659.01
163792,16,65536,7659.01
163808,16,65536,7659.01
163824,16,65536,7659.01
163840,16,65536,7659.01
163856,16,65536,7659.01
163872,16,65536,7659.01
163888,16,65536,7659.01
163904,16,65536,7659.01
163920,16,65536,7659.01
163936,16,65536,7659.01
163952,16,65536,7659.01
163968,16,65536,7659.01
163984,16,65536,7659.01
164000,16,65536,7659.01
164016,16,65536,7659.01
164032,16,65536,7659.01
164048,16,65536,7659.01
164064,16,65536,7659.01
164080,16,65536,7659.01
164096,16,65536,7659.01
164112,16,65536,7659.01
164128,16,65536,7659.01
164144,16,65536,7659.01
164160,16,65536,7659.01
164176,16,65536,7659.01
164192,16,65536,7659.01
164208,16,65536,7659.01
164224,16,65536,7659.01
164240,16,65536,7659.01
164256,16,65536,7659.01
164272,16,65536,7659.01
164288,16,65536,7659.01
164304,16,65536,7659.01
164320,16,65536,7659.01
164336,16,65536,7659.01
164352,16,65536,7659.01
164368,16,65536,7659.01
164384,16,65536,7659.01
164400,16,65536,7659.01
164416,16,65536,7659.01
164432,16,65536,7659.01
164448,16,65536,7659.01
164464,16,65536,7659.01
164480,16,65536,7659.01
164496,16,65536,7659.01
164512,16,65536,7659.01
164528,16,65536,7659.01
164544,16,65536,7659.01
164560,16,65536,7659.01
164576,16,65536,7659.01
164592,16,65536,7659.01
164608,16,65536,7659.01
164624,16,65536,7659.01
164640,16,65536,7659.01
164656,16,65536,7659.01
164672,16,65536,7659.01
164688,16,65536,7659.01
164704,16,65536,7659.01
164720,16,65536,7659.01
164736,16,65536,7659.01
164752,16,65536,7659.01
164768,16,65536,7659.01
164784,16,65536,7659.01
164800,16,65536,7659.01
164816,16,65536,7659.01
164832,16,65536,7659.01
164848,16,65536,7659.01
164864,16,65536,7659.01
164880,16,65536,7659.01
164896,16,65536,7659.01
164912,16,65536,7659.01
164928,16,65536,7659.01
164944,16,65536,7659.01
164960,16,65536,7659.01
164976,16,65536,7659.01
164992,16,65536,7659.01
165008,16,65536,7659.01
165024,16,65536,7659.01
165040,16,65536,7659.01
165056,16,65536,7659.01
165072,16,65536,7659.01
165088,16,65536,7659.01
165104,16,65536,7659.01
165120,16,65536,7659.01
165136,16,65536,7659.01
165152,16,65536,7659.01
165168,16,65536,7659.01
165184,16,65536,7659.01
165200,16,65536,7659.01
165216,16,65536,7659.01
165232,16,65536,7659.01
165248,16,65536,7659.01
165264,16,65536,7659.01
165280,16,65536,7659.01
165296,16,65536,7659.01
165312,16,65536,7659.01
165328,16,65536,7659.01
165344,16,65536,7659.01
165360,16,65536,7659.01
165376,16,65536,7659.01
165392,16,65536,7659.01
165408,16,65536,7659.01
165424,16,65536,7659.01
165440,16,65536,7659.01
165456,16,65536,7659.01
165472,16,65536,7659.01
165488,16,65536,7659.01
165504,16,65536,7659.01
165520,16,65536,7659.01
165536,16,65536,7659.01
165552,16,65536,7659.01
165568,16,65536,7659.01
165584,16,65536,7659.01
165600,16,65536,7659.01
165616,16,65536,7659.01
165632,16,65536,7659.01
165648,16,65536,7659.01
165664,16,65536,7659.01
165680,16,65536,7659.01
165696,16,65536,7659.01
165712,16,65536,7659.01
165728,16,65536,7659.01
165744,16,65536,7659.01
165760,16,65536,7659.01
165776,16,65536,7659.01
165792,16,65536,7659.01
165808,16,65536,7659.01
165824,16,65536,7659.01
165840,16,65536,7659.01
165856,16,65536,7659.01
165872,16,65536,7659.01
165888,16,65536,7659.01
165904,16,65536,7659.01
165920,16,65536,7659.01
165936,16,65536,7659.01
165952,16,65536,7659.01
165968,16,65536,7659.01
165984,16,65536,7659.01
166000,16,65536,7659.01
166016,16,65536,7659.01
166032,16,65536,7659.01
166048,16,65536,7659.01
166064,16,65536,7659.01
166080,16,65536,7659.01
166096,16,65536,7659.01
166112,16,65536,7659.01
166128,16,65536,7659.01
166144,16,65536,7659.01
166160,16,65536,7659.01
166176,16,65536,7659.01
166192,16,65536,7659.01
166208,16,65536,7659.01
166224,16,65536,7659.01
166240,16,65536,7659.01
166256,16,65536,7659.01
166272,16,65536,7659.01
166288,16,65536,7659.01
166304,16,65536,7659.01
166320,16,65536,7659.01
166336,16,65536,7659.01
166352,16,65536,7659.01
166368,16,65536,7659.01
166384,16,65536,7659.01
166400,16,65536,7659.01
166416,16,65536,7659.01
166432,16,65536,7659.01
166448,16,65536,7659.01
166464,16,65536,7659.01
166480,16,65536,7659.01
166496,16,65536,7659.01
166512,16,65536,7659.01
166528,16,65536,7659.01
166544,16,65536,7659.01
166560,16,65536,7659.01
166576,16,65536,7659.01
166592,16,65536,7659.01
166608,16,65536,7659.01
166624,16,65536,7659.01
166640,16,65536,7659.01
166656,16,65536,7659.01
166672,16,65536,7659.01
166688,16,65536,7659.01
166704,16,65536,7659.01
166720,16,65536,7659.01
166736,16,65536,7659.01
166752,16,65536,7659.01
166768,16,65536,7659.01
166784,16,65536,7659.01
166800,16,65536,7659.01
166816,16,65536,7659.01
166832,16,65536,7659.01
166848,16,65536,7659.01
166864,16,65536,7659.01
166880,16,65536,7659.01
166896,16,65536,7659.01
166912,16,65536,7659.01
166928,16,65536,7659.01
166944,16,65536,7659.01
166960,16,65536,7659.01
166976,16,65536,7659.01
166992,16,65536,7659.01
167008,16,65536,7659.01
167024,16,65536,7659.01
167040,16,65536,7659.01
167056,16,65536,7659.01
167072,16,65536,7659.01
167088,16,65536,7659.01
167104,16,65536,7659.01
167120,16,65536,7659.01
167136,16,65536,7659.01
167152,16,65536,7659.01
167168,16,65536,7659.01
167184,16,65536,7659.01
167200,16,65536,7659.01
167216,16,65536,7659.01
167232,16,65536,7659.01
167248,16,65536,7659.01
167264,16,65536,7659.01
167280,16,65536,7659.01
167296,16,65536,7659.01
167312,16,65536,7659.01
167328,16,65536,7659.01
167344,16,65536,7659.01
167360,16,65536,7659.01
167376,16,65536,7659.01
167392,16,65536,7659.01
167408,16,65536,7659.01
167424,16,65536,7659.01
167440,16,65536,7659.01
167456,16,65536,7659.01
167472,16,65536,7659.01
167488,16,65536,7659.01
167504,16,65536,7659.01
167520,16,65536,7659.01
167536,16,65536,7659.01
167552,16,65536,7659.01
167568,16,65536,7659.01
167584,16,65536,7659.01
167600,16,65536,7659.01
167616,16,65536,7659.01
167632,16,65536,7659.01
167648,16,65536,7659.01
167664,16,65536,7659.01
167680,16,65536,7659.01
167696,16,65536,7659.01
167712,16,65536,7659.01
167728,16,65536,7659.01
167744,16,65536,7659.01
167760,16,65536,7659.01
167776,16,65536,7659.01
167792,16,65536,7659.01
167808,16,65536,7659.01
167824,16,65536,7659.01
167840,16,65536,7659.01
167856,16,65536,7659.01
167872,16,65536,7659.01
167888,16,65536,7659.01
167904,16,65536,7659.01
167920,16,65536,7659.01
167936,16,65536,7659.01
167952,16,65536,7659.01
167968,16,65536,7659.01
167984,16,65536,7659.01
168000,16,65536,7659.01
168016,16,65536,7659.01
168032,16,65536,7659.01
168048,16,65536,7659.01
168064,16,65536,7659.01
168080,16,65536,7659.01
168096,16,65536,7659.01
168112,16,65536,7659.01
168128,16,65536,7659.01
168144,16,65536,7659.01
168160,16,65536,7659.01
168176,16,65536,7659.01
168192,16,65536,7659.01
168208,16,65536,7659.01
168224,16,65536,7659.01
168240,16,65536,7659.01
168256,16,65536,7659.01
168272,16,65536,7659.01
168288,16,65536,7659.01
168304,16,65536,7659.01
168320,16,65536,7659.01
168336,16,65536,7659.01
168352,16,65536,7659.01
168368,16,65536,7659.01
168384,16,65536,7659.01
168400,16,65536,7659.01
168416,16,65536,7659.01
168432,16,65536,7659.01
168448,16,65536,7659.01
168464,16,65536,7659.01
168480,16,65536,7659.01
168496,16,65536,7659.01
168512,16,65536,7659.01
168528,16,65536,7659.01
168544,16,65536,7659.01
168560,16,65536,7659.01
168576,16,65536,7659.01
168592,16,65536,7659.01
168608,16,65536,7659.01
168624,16,65536,7659.01
168640,16,65536,7659.01
168656,16,65536,7659.01
168672,16,65536,7659.01
168688,16,65536,7659.01
168704,16,65536,7659.01
168720,16,65536,7659.01
168736,16,65536,7659.01
168752,16,65536,7659.01
168768,16,65536,7659.01
168784,16,65536,7659.01
168800,16,65536,7659.01
168816,16,65536,7659.01
168832,16,65536,7659.01
168848,16,65536,7659.01
168864,16,65536,7659.01
168880,16,65536,7659.01
168896,16,65536,7659.01
168912,16,65536,7659.01
168928,16,65536,7659.01
168944,16,65536,7659.01
168960,16,65536,7659.01
168976,16,65536,7659.01
168992,16,65536,7659.01
169008,16,65536,7659.01
169024,16,65536,7659.01
169040,16,65536,7659.01
169056,16,65536,7659.01
169072,16,65536,7659.01
169088,16,65536,7659.01
169104,16,65536,7659.01
169120,16,65536,7659.01
169136,16,65536,7659.01
169152,16,65536,7659.01
169168,16,65536,7659.01
169184,16,65536,7659.01
169200,16,65536,7659.01
169216,16,65536,7659.01
169232,16,65536,7659.01
169248,16,65536,7659.01
169264,16,65536,7659.01
169280,16,65536,7659.01
169296,16,65536,7659.01
169312,16,65536,7659.01
169328,16,65536,7659.01
169344,16,65536,7659.01
169360,16,65536,7659.01
169376,16,65536,7659.01
169392,16,65536,7659.01
169408,16,65536,7659.01
169424,16,65536,7659.01
169440,16,65536,7659.01
169456,16,65536,7659.01
169472,16,65536,7659.01
169488,16,65536,7659.01
169504,16,65536,7659.01
169520,16,65536,7659.01
169536,16,65536,7659.01
169552,16,65536,7659.01
169568,16,65536,7659.01
169584,16,65536,7659.01
169600,16,65536,7659.01
169616,16,65536,7659.01
169632,16,65536,7659.01
169648,16,65536,7659.01
169664,16,65536,7659.01
169680,16,65536,7659.01
169696,16,65536,7659.01
169712,16,65536,7659.01
169728,16,65536,7659.01
169744,16,65536,7659.01
169760,16,65536,7659.01
169776,16,65536,7659.01
169792,16,65536,7659.01
169808,16,65536,7659.01
169824,16,65536,7659.01
169840,16,65536,7659.01
169856,16,65536,7659.01
169872,16,65536,7659.01
169888,16,65536,7659.01
169904,16,65536,7659.01
169920,16,65536,7659.01
169936,16,65536,7659.01
169952,16,65536,7659.01
169968,16,65536,7659.01
169984,16,65536,7659.01
170000,16,65536,7659.01
170016,16,65536,7659.01
170032,16,65536,7659.01
170048,16,65536,7659.01
170064,16,65536,7659.01
170080,16,65536,7659.01
170096,16,65536,7659.01
170112,16,65536,7659.01
170128,16,65536,7659.01
170144,16,65536,7659.01
170160,16,65536,7659.01
170176,16,65536,7659.01
170192,16,65536,7659.01
170208,16,65536,7659.01
170224,16,65536,7659.01
170240,16,65536,7659.01
170256,16,65536,7659.01
170272,16,65536,7659.01
170288,16,65536,7659.01
170304,16,65536,7659.01
170320,16,65536,7659.01
170336,16,65536,7659.01
170352,16,65536,7659.01
170368,16,65536,7659.01
170384,16,65536,7659.01
170400,16,65536,7659.01
170416,16,65536,7659.01
170432,16,65536,7659.01
170448,16,65536,7659.01
170464,16,65536,7659.01
170480,16,65536,7659.01
170496,16,65536,7659.01
170512,16,65536,7659.01
170528,16,65536,7659.01
170544,16,65536,7659.01
170560,16,65536,7659.01
170576,16,65536,7659.01
170592,16,65536,7659.01
170608,16,65536,7659.01
170624,16,65536,7659.01
170640,16,65536,7659.01
170656,16,65536,7659.01
170672,16,65536,7659.01
170688,16,65536,7659.01
170704,16,65536,7659.01
170720,16,65536,7659.01
170736,16,65536,7659.01
170752,16,65536,7659.01
170768,16,65536,7659.01
170784,16,65536,7659.01
170800,16,65536,7659.01
170816,16,65536,7659.01
170832,16,65536,7659.01
170848,16,65536,7659.01
170864,16,65536,7659.01
170880,16,65536,7659.01
170896,16,65536,7659.01
170912,16,65536,7659.01
170928,16,65536,7659.01
170944,16,65536,7659.01
170960,16,65536,7659.01
170976,16,65536,7659.01
170992,16,65536,7659.01
171008,16,65536,7659.01
171024,16,65536,7659.01
171040,16,65536,7659.01
171056,16,65536,7659.01
171072,16,65536,7659.01
171088,16,65536,7659.01
171104,16,65536,7659.01
171120,16,65536,7659.01
171136,16,65536,7659.01
171152,16,65536,7659.01
171168,16,65536,7659.01
171184,16,65536,7659.01
171200,16,65536,7659.01
171216,16,65536,7659.01
171232,16,65536,7659.01
171248,16,65536,7659.01
171264,16,65536,7659.01
171280,16,65536,7659.01
171296,16,65536,7659.01
171312,16,65536,7659.01
171328,16,65536,7659.01
171344,16,65536,7659.01
171360,16,65536,7659.01
171376,16,65536,7659.01
171392,16,65536,7659.01
171408,16,65536,7659.01
171424,16,65536,7659.01
171440,16,65536,7659.01
171456,16,65536,7659.01
171472,16,65536,7659.01
171488,16,65536,7659.01
171504,16,65536,7659.01
171520,16,65536,7659.01
171536,16,65536,7659.01
171552,16,65536,7659.01
171568,16,65536,7659.01
171584,16,65536,7659.01
171600,16,65536,7659.01
171616,16,65536,7659.01
171632,16,65536,7659.01
171648,16,65536,7659.01
171664,16,65536,7659.01
171680,16,65536,7659.01
171696,16,65536,7659.01
171712,16,65536,7659.01
171728,16,65536,7659.01
171744,16,65536,7659.01
171760,16,65536,7659.01
171776,16,65536,7659.01
171792,16,65536,7659.01
171808,16,65536,7659.01
171824,16,65536,7659.01
171840,16,65536,7659.01
171856,16,65536,7659.01
171872,16,65536,7659.01
171888,16,65536,7659.01
171904,16,65536,7659.01
171920,16,65536,7659.01
171936,16,65536,7659.01
171952,16,65536,7659.01
171968,16,65536,7659.01
171984,16,65536,7659.01
172000,16,65536,7659.01
172016,16,65536,7659.01
172032,16,65536,7659.01
172048,16,65536,7659.01
172064,16,65536,7659.01
172080,16,65536,7659.01
172096,16,65536,7659.01
172112,16,65536,7659.01
172128,16,65536,7659.01
172144,16,65536,7659.01
172160,16,65536,7659.01
172176,16,65536,7659.01
172192,16,65536,7659.01
172208,16,65536,7659.01
172224,16,65536,7659.01
172240,16,65536,7659.01
172256,16,65536,7659.01
172272,16,65536,7659.01
172288,16,65536,7659.01
172304,16,65536,7659.01
172320,16,65536,7659.01
172336,16,65536,7659.01
172352,16,65536,7659.01
172368,16,65536,7659.01
172384,16,65536,7659.01
172400,16,65536,7659.01
172416,16,65536,7659.01
172432,16,65536,7659.01
172448,16,65536,7659.01
172464,16,65536,7659.01
172480,16,65536,7659.01
172496,16,65536,7659.01
172512,16,65536,7659.01
172528,16,65536,7659.01
172544,16,65536,7659.01
172560,16,65536,7659.01
172576,16,65536,7659.01
172592,16,65536,7659.01
172608,16,65536,7659.01
172624,16,65536,7659.01
172640,16,65536,7659.01
172656,16,65536,7659.01
172672,16,65536,7659.01
172688,16,65536,7659.01
172704,16,65536,7659.01
172720,16,65536,7659.01
172736,16,65536,7659.01
172752,16,65536,7659.01
172768,16,65536,7659.01
172784,16,65536,7659.01
172800,16,65536,7659.01
172816,16,65536,7659.01
172832,16,65536,7659.01
172848,16,65536,7659.01
172864,16,65536,7659.01
172880,16,65536,7659.01
172896,16,65536,7659.01
172912,16,65536,7659.01
172928,16,65536,7659.01
172944,16,65536,7659.01
172960,16,65536,7659.01
172976,16,65536,7659.01
172992,16,65536,7659.01
173008,16,65536,7659.01
173024,16,65536,7659.01
173040,16,65536,7659.01
173056,16,65536,7659.01
173072,16,65536,7659.01
173088,16,65536,7659.01
173104,16,65536,7659.01
173120,16,65536,7659.01
173136,16,65536,7659.01
173152,16,65536,7659.01
173168,16,65536,7659.01
173184,16,65536,7659.01
173200,16,65536,7659.01
173216,16,65536,7659.01
173232,16,65536,7659.01
173248,16,65536,7659.01
173264,16,65536,7659.01
173280,16,65536,7659.01
173296,16,65536,7659.01
173312,16,65536,7659.01
173328,16,65536,7659.01
173344,16,65536,7659.01
173360,16,65536,7659.01
173376,16,65536,7659.01
173392,16,65536,7659.01
173408,16,65536,7659.01
173424,16,65536,7659.01
173440,16,65536,7659.01
173456,16,65536,7659.01
173472,16,65536,7659.01
173488,16,65536,7659.01
173504,16,65536,7659.01
173520,16,65536,7659.01
173536,16,65536,7659.01
173552,16,65536,7659.01
173568,16,65536,7659.01
173584,16,65536,7659.01
173600,16,65536,7659.01
173616,16,65536,7659.01
173632,16,65536,7659.01
173648,16,65536,7659.01
173664,16,65536,7659.01
173680,16,65536,7659.01
173696,16,65536,7659.01
173712,16,65536,7659.01
173728,16,65536,7659.01
173744,16,65536,7659.01
173760,16,65536,7659.01
173776,16,65536,7659.01
173792,16,65536,7659.01
173808,16,65536,7659.01
173824,16,65536,7659.01
173840,16,65536,7659.01
173856,16,65536,7659.01
173872,16,65536,7659.01
173888,16,65536,7659.01
173904,16,65536,7659.01
173920,16,65536,7659.01
173936,16,65536,7659.01
173952,16,65536,7659.01
173968,16,65536,7659.01
173984,16,65536,7659.01
174000,16,65536,7659.01
174016,16,65536,7659.01
174032,16,65536,7659.01
174048,16,65536,7659.01
174064,16,65536,7659.01
174080,16,65536,7659.01
174096,16,65536,7659.01
174112,16,65536,7659.01
174128,16,65536,7659.01
174144,16,65536,7659.01
174160,16,65536,7659.01
174176,16,65536,7659.01
174192,16,65536,7659.01
174208,16,65536,7659.01
174224,16,65536,7659.01
174240,16,65536,7659.01
174256,16,65536,7659.01
174272,16,65536,7659.01
174288,16,65536,7659.01
174304,16,65536,7659.01
174320,16,65536,7659.01
174336,16,65536,7659.01
174352,16,65536,7659.01
174368,16,65536,7659.01
174384,16,65536,7659.01
174400,16,65536,7659.01
174416,16,65536,7659.01
174432,16,65536,7659.01
174448,16,65536,7659.01
174464,16,65536,7659.01
174480,16,65536,7659.01
174496,16,65536,7659.01
174512,16,65536,7659.01
174528,16,65536,7659.01
174544,16,65536,7659.01
174560,16,65536,7659.01
174576,16,65536,7659.01
174592,16,65536,7659.01
174608,16,65536,7659.01
174624,16,65536,7659.01
174640,16,65536,7659.01
174656,16,65536,7659.01
174672,16,65536,7659.01
174688,16,65536,7659.01
174704,16,65536,7659.01
174720,16,65536,7659.01
174736,16,65536,7659.01
174752,16,65536,7659.01
174768,16,65536,7659.01
174784,16,65536,7659.01
174800,16,65536,7659.01
174816,16,65536,7659.01
174832,16,65536,7659.01
174848,16,65536,7659.01
174864,16,65536,7659.01
174880,16,65536,7659.01
174896,16,65536,7659.01
174912,16,65536,7659.01
174928,16,65536,7659.01
174944,16,65536,7659.01
174960,16,65536,7659.01
174976,16,65536,7659.01
174992,16,65536,7659.01
175008,16,65536,7659.01
175024,16,65536,7659.01
175040,16,65536,7659.01
175056,16,65536,7659.01
175072,16,65536,7659.01
175088,16,65536,7659.01
175104,16,65536,7659.01
175120,16,65536,7659.01
175136,16,65536,7659.01
175152,16,65536,7659.01
175168,16,65536,7659.01
175184,16,65536,7659.01
175200,16,65536,7659.01
175216,16,65536,7659.01
175232,16,65536,7659.01
175248,16,65536,7659.01
175264,16,65536,7659.01
175280,16,65536,7659.01
175296,16,65536,7659.01
175312,16,65536,7659.01
175328,16,65536,7659.01
175344,16,65536,7659.01
175360,16,65536,7659.01
175376,16,65536,7659.01
175392,16,65536,7659.01
175408,16,65536,7659.01
175424,16,65536,7659.01
175440,16,65536,7659.01
175456,16,65536,7659.01
175472,16,65536,7659.01
175488,16,65536,7659.01
175504,16,65536,7659.01
175520,16,65536,7659.01
175536,16,65536,7659.01
175552,16,65536,7659.01
175568,16,65536,7659.01
175584,16,65536,7659.01
175600,16,65536,7659.01
175616,16,65536,7659.01
175632,16,65536,7659.01
175648,16,65536,7659.01
175664,16,65536,7659.01
175680,16,65536,7659.01
175696,16,65536,7659.01
175712,16,65536,7659.01
175728,16,65536,7659.01
175744,16,65536,7659.01
175760,16,65536,7659.01
175776,16,65536,7659.01
175792,16,65536,7659.01
175808,16,65536,7659.01
175824,16,65536,7659.01
175840,16,65536,7659.01
175856,16,65536,7659.01
175872,16,65536,7659.01
175888,16,65536,7659.01
175904,16,65536,7659.01
175920,16,65536,7659.01
175936,16,65536,7659.01
175952,16,65536,7659.01
175968,16,65536,7659.01
175984,16,65536,7659.01
176000,16,65536,7659.01
176016,16,65536,7659.01
176032,16,65536,7659.01
176048,16,65536,7659.01
176064,16,65536,7659.01
176080,16,65536,7659.01
176096,16,65536,7659.01
176112,16,65536,7659.01
176128,16,65536,7659.01
176144,16,65536,7659.01
176160,16,65536,7659.01
176176,16,65536,7659.01
176192,16,65536,7659.01
176208,16,65536,7659.01
176224,16,65536,7659.01
176240,16,65536,7659.01
176256,16,65536,7659.01
176272,16,65536,7659.01
176288,16,65536,7659.01
176304,16,65536,7659.01
176320,16,65536,7659.01
176336,16,65536,7659.01
176352,16,65536,7659.01
176368,16,65536,7659.01
176384,16,65536,7659.01
176400,16,65536,7659.01
176416,16,65536,7659.01
176432,16,65536,7659.01
176448,16,65536,7659.01
176464,16,65536,7659.01
176480,16,65536,7659.01
176496,16,65536,7659.01
176512,16,65536,7659.01
176528,16,65536,7659.01
176544,16,65536,7659.01
176560,16,65536,7659.01
176576,16,65536,7659.01
176592,16,65536,7659.01
176608,16,65536,7659.01
176624,16,65536,7659.01
176640,16,65536,7659.01
176656,16,65536,7659.01
176672,16,65536,7659.01
176688,16,65536,7659.01
176704,16,65536,7659.01
176720,16,65536,7659.01
176736,16,65536,7659.01
176752,16,65536,7659.01
176768,16,65536,7659.01
176784,16,65536,7659.01
176800,16,65536,7659.01
176816,16,65536,7659.01
176832,16,65536,7659.01
176848,16,65536,7659.01
176864,16,65536,7659.01
176880,16,65536,7659.01
176896,16,65536,7659.01
176912,16,65536,7659.01
176928,16,65536,7659.01
176944,16,65536,7659.01
176960,16,65536,7659.01
176976,16,65536,7659.01
176992,16,65536,7659.01
177008,16,65536,7659.01
177024,16,65536,7659.01
177040,16,65536,7659.01
177056,16,65536,7659.01
177072,16,65536,7659.01
177088,16,65536,7659.01
177104,16,65536,7659.01
177120,16,65536,7659.01
177136,16,65536,7659.01
177152,16,65536,7659.01
177168,16,65536,7659.01
177184,16,65536,7659.01
177200,16,65536,7659.01
177216,16,65536,7659.01
177232,16,65536,7659.01
177248,16,65536,7659.01
177264,16,65536,7659.01
177280,16,65536,7659.01
177296,16,65536,7659.01
177312,16,65536,7659.01
177328,16,65536,7659.01
177344,16,65536,7659.01
177360,16,65536,7659.01
177376,16,65536,7659.01
177392,16,65536,7659.01
177408,16,65536,7659.01
177424,16,65536,7659.01
177440,16,65536,7659.01
177456,16,65536,7659.01
177472,16,65536,7659.01
177488,16,65536,7659.01
177504,16,65536,7659.01
177520,16,65536,7659.01
177536,16,65536,7659.01
177552,16,65536,7659.01
177568,16,65536,7659.01
177584,16,65536,7659.01
177600,16,65536,7659.01
177616,16,65536,7659.01
177632,16,65536,7659.01
177648,16,65536,7659.01
177664,16,65536,7659.01
177680,16,65536,7659.01
177696,16,65536,7659.01
177712,16,65536,7659.01
177728,16,65536,7659.01
177744,16,65536,7659.01
177760,16,65536,7659.01
177776,16,65536,7659.01
177792,16,65536,7659.01
177808,16,65536,7659.01
177824,16,65536,7659.01
177840,16,65536,7659.01
177856,16,65536,7659.01
177872,16,65536,7659.01
177888,16,65536,7659.01
177904,16,65536,7659.01
177920,16,65536,7659.01
177936,16,65536,7659.01
177952,16,65536,7659.01
177968,16,65536,7659.01
177984,16,65536,7659.01
178000,16,65536,7659.01
178016,16,65536,7659.01
178032,16,65536,7659.01
178048,16,65536,7659.01
178064,16,65536,7659.01
178080,16,65536,7659.01
178096,16,65536,7659.01
178112,16,65536,7659.01
178128,16,65536,7659.01
178144,16,65536,7659.01
178160,16,65536,7659.01
178176,16,65536,7659.01
178192,16,65536,7659.01
178208,16,65536,7659.01
178224,16,65536,7659.01
178240,16,65536,7659.01
178256,16,65536,7659.01
178272,16,65536,7659.01
178288,16,65536,7659.01
178304,16,65536,7659.01
178320,16,65536,7659.01
178336,16,65536,7659.01
178352,16,65536,7659.01
178368,16,65536,7659.01
178384,16,65536,7659.01
178400,16,65536,7659.01
178416,16,65536,7659.01
178432,16,65536,7659.01
178448,16,65536,7659.01
178464,16,65536,7659.01
178480,16,65536,7659.01
178496,16,65536,7659.01
178512,16,65536,7659.01
178528,16,65536,7659.01
178544,16,65536,7659.01
178560,16,65536,7659.01
178576,16,65536,7659.01
178592,16,65536,7659.01
178608,16,65536,7659.01
178624,16,65536,7659.01
178640,16,65536,7659.01
178656,16,65536,7659.01
178672,16,65536,7659.01
178688,16,65536,7659.01
178704,16,65536,7659.01
178720,16,65536,7659.01
178736,16,65536,7659.01
178752,16,65536,7659.01
178768,16,65536,7659.01
178784,16,65536,7659.01
178800,16,65536,7659.01
178816,16,65536,7659.01
178832,16,65536,7659.01
178848,16,65536,7659.01
178864,16,65536,7659.01
178880,16,65536,7659.01
178896,16,65536,7659.01
178912,16,65536,7659.01
178928,16,65536,7659.01
178944,16,65536,7659.01
178960,16,65536,7659.01
178976,16,65536,7659.01
178992,16,65536,7659.01
179008,16,65536,7659.01
179024,16,65536,7659.01
179040,16,65536,7659.01
179056,16,65536,7659.01
179072,16,65536,7659.01
179088,16,65536,7659.01
179104,16,65536,7659.01
179120,16,65536,7659.01
179136,16,65536,7659.01
179152,16,65536,7659.01
179168,16,65536,7659.01
179184,16,65536,7659.01
179200,16,65536,7659.01
179216,16,65536,7659.01
179232,16,65536,7659.01
179248,16,65536,7659.01
179264,16,65536,7659.01
179280,16,65536,7659.01
179296,16,65536,7659.01
179312,16,65536,7659.01
179328,16,65536,7659.01
179344,16,65536,7659.01
179360,16,65536,7659.01
179376,16,65536,7659.01
179392,16,65536,7659.01
179408,16,65536,7659.01
179424,16,65536,7659.01
179440,16,65536,7659.01
179456,16,65536,7659.01
179472,16,65536,7659.01
179488,16,65536,7659.01
179504,16,65536,7659.01
179520,16,65536,7659.01
179536,16,65536,7659.01
179552,16,65536,7659.01
179568,16,65536,7659.01
179584,16,65536,7659.01
179600,16,65536,7659.01
179616,16,65536,7659.01
179632,16,65536,7659.01
179648,16,65536,7659.01
179664,16,65536,7659.01
179680,16,65536,7659.01
179696,16,65536,7659.01
179712,16,65536,7659.01
179728,16,65536,7659.01
179744,16,65536,7659.01
179760,16,65536,7659.01
179776,16,65536,7659.01
179792,16,65536,7659.01
179808,16,65536,7659.01
179824,16,65536,7659.01
179840,16,65536,7659.01
179856,16,65536,7659.01
179872,16,65536,7659.01
179888,16,65536,7659.01
179904,16,65536,7659.01
179920,16,65536,7659.01
179936,16,65536,7659.01
179952,16,65536,7659.01
179968,16,65536,7659.01
179984,16,65536,7659.01
180000,16,65536,7659.01
180016,16,65536,7659.01
180032,16,65536,7659.01
180048,16,65536,7659.01
180064,16,65536,7659.01
180080,16,65536,7659.01
180096,16,65536,7659.01
180112,16,65536,7659.01
180128,16,65536,7659.01
180144,16,65536,7659.01
180160,16,65536,7659.01
180176,16,65536,7659.01
180192,16,65536,7659.01
180208,16,65536,7659.01
180224,16,65536,7659.01
180240,16,65536,7659.01
180256,16,65536,7659.01
180272,16,65536,7659.01
180288,16,65536,7659.01
180304,16,65536,7659.01
180320,16,65536,7659.01
180336,16,65536,7659.01
180352,16,65536,7659.01
180368,16,65536,7659.01
180384,16,65536,7659.01
180400,16,65536,7659.01
180416,16,65536,7659.01
180432,16,65536,7659.01
180448,16,65536,7659.01
180464,16,65536,7659.01
180480,16,65536,7659.01
180496,16,65536,7659.01
180512,16,65536,7659.01
180528,16,65536,7659.01
180544,16,65536,7659.01
180560,16,65536,7659.01
180576,16,65536,7659.01
180592,16,65536,7659.01
180608,16,65536,7659.01
180624,16,65536,7659.01
180640,16,65536,7659.01
180656,16,65536,7659.01
180672,16,65536,7659.01
180688,16,65536,7659.01
180704,16,65536,7659.01
180720,16,65536,7659.01
180736,16,65536,7659.01
180752,16,65536,7659.01
180768,16,65536,7659.01
180784,16,65536,7659.01
180800,16,65536,7659.01
180816,16,65536,7659.01
180832,16,65536,7659.01
180848,16,65536,7659.01
180864,16,65536,7659.01
180880,16,65536,7659.01
180896,16,65536,7659.01
180912,16,65536,7659.01
180928,16,65536,7659.01
180944,16,65536,7659.01
180960,16,65536,7659.01
180976,16,65536,7659.01
180992,16,65536,7659.01
181008,16,65536,7659.01
181024,16,65536,7659.01
181040,16,65536,7659.01
181056,16,65536,7659.01
181072,16,65536,7659.01
181088,16,65536,7659.01
181104,16,65536,7659.01
181120,16,65536,7659.01
181136,16,65536,7659.01
181152,16,65536,7659.01
181168,16,65536,7659.01
181184,16,65536,7659.01
181200,16,65536,7659.01
181216,16,65536,7659.01
181232,16,65536,7659.01
181248,16,65536,7659.01
181264,16,65536,7659.01
181280,16,65536,7659.01
181296,16,65536,7659.01
181312,16,65536,7659.01
181328,16,65536,7659.01
181344,16,65536,7659.01
181360,16,65536,7659.01
181376,16,65536,7659.01
181392,16,65536,7659.01
181408,16,65536,7659.01
181424,16,65536,7659.01
181440,16,65536,7659.01
181456,16,65536,7659.01
181472,16,65536,7659.01
181488,16,65536,7659.01
181504,16,65536,7659.01
181520,16,65536,7659.01
181536,16,65536,7659.01
181552,16,65536,7659.01
181568,16,65536,7659.01
181584,16,65536,7659.01
181600,16,65536,7659.01
181616,16,65536,7659.01
181632,16,65536,7659.01
181648,16,65536,7659.01
181664,16,65536,7659.01
181680,16,65536,7659.01
181696,16,65536,7659.01
181712,16,65536,7659.01
181728,16,65536,7659.01
181744,16,65536,7659.01
181760,16,65536,7659.01
181776,16,65536,7659.01
181792,16,65536,7659.01
181808,16,65536,7659.01
181824,16,65536,7659.01
181840,16,65536,7659.01
181856,16,65536,7659.01
181872,16,65536,7659.01
181888,16,65536,7659.01
181904,16,65536,7659.01
181920,16,65536,7659.01
181936,16,65536,7659.01
181952,16,65536,7659.01
181968,16,65536,7659.01
181984,16,65536,7659.01
182000,16,65536,7659.01
182016,16,65536,7659.01
182032,16,65536,7659.01
182048,16,65536,7659.01
182064,16,65536,7659.01
182080,16,65536,7659.01
182096,16,65536,7659.01
182112,16,65536,7659.01
182128,16,65536,7659.01
182144,16,65536,7659.01
182160,16,65536,7659.01
182176,16,65536,7659.01
182192,16,65536,7659.01
182208,16,65536,7659.01
182224,16,65536,7659.01
182240,16,65536,7659.01
182256,16,65536,7659.01
182272,16,65536,7659.01
182288,16,65536,7659.01
182304,16,65536,7659.01
182320,16,65536,7659.01
182336,16,65536,7659.01
182352,16,65536,7659.01
182368,16,65536,7659.01
182384,16,65536,7659.01
182400,16,65536,7659.01
182416,16,65536,7659.01
182432,16,65536,7659.01
182448,16,65536,7659.01
182464,16,65536,7659.01
182480,16,65536,7659.01
182496,16,65536,7659.01
182512,16,65536,7659.01
182528,16,65536,7659.01
182544,16,65536,7659.01
182560,16,65536,7659.01
182576,16,65536,7659.01
182592,16,65536,7659.01
182608,16,65536,7659.01
182624,16,65536,7659.01
182640,16,65536,7659.01
182656,16,65536,7659.01
182672,16,65536,7659.01
182688,16,65536,7659.01
182704,16,65536,7659.01
182720,16,65536,7659.01
182736,16,65536,7659.01
182752,16,65536,7659.01
182768,16,65536,7659.01
182784,16,65536,7659.01
182800,16,65536,7659.01
182816,16,65536,7659.01
182832,16,65536,7659.01
182848,16,65536,7659.01
182864,16,65536,7659.01
182880,16,65536,7659.01
182896,16,65536,7659.01
182912,16,65536,7659.01
182928,16,65536,7659.01
182944,16,65536,7659.01
182960,16,65536,7659.01
182976,16,65536,7659.01
182992,16,65536,7659.01
183008,16,65536,7659.01
183024,16,65536,7659.01
183040,16,65536,7659.01
183056,16,65536,7659.01
183072,16,65536,7659.01
183088,16,65536,7659.01
183104,16,65536,7659.01
183120,16,65536,7659.01
183136,16,65536,7659.01
183152,16,65536,7659.01
183168,16,65536,7659.01
183184,16,65536,7659.01
183200,16,65536,7659.01
183216,16,65536,7659.01
183232,16,65536,7659.01
183248,16,65536,7659.01
183264,16,65536,7659.01
183280,16,65536,7659.01
183296,16,65536,7659.01
183312,16,65536,7659.01
183328,16,65536,7659.01
183344,16,65536,7659.01
183360,16,65536,7659.01
183376,16,65536,7659.01
183392,16,65536,7659.01
183408,16,65536,7659.01
183424,16,65536,7659.01
183440,16,65536,7659.01
183456,16,65536,7659.01
183472,16,65536,7659.01
183488,16,65536,7659.01
183504,16,65536,7659.01
183520,16,65536,7659.01
183536,16,65536,7659.01
183552,16,65536,7659.01
183568,16,65536,7659.01
183584,16,65536,7659.01
183600,16,65536,7659.01
183616,16,65536,7659.01
183632,16,65536,7659.01
183648,16,65536,7659.01
183664,16,65536,7659.01
183680,16,65536,7659.01
183696,16,65536,7659.01
183712,16,65536,7659.01
183728,16,65536,7659.01
183744,16,65536,7659.01
183760,16,65536,7659.01
183776,16,65536,7659.01
183792,16,65536,7659.01
183808,16,65536,7659.01
183824,16,65536,7659.01
183840,16,65536,7659.01
183856,16,65536,7659.01
183872,16,65536,7659.01
183888,16,65536,7659.01
183904,16,65536,7659.01
183920,16,65536,7659.01
183936,16,65536,7659.01
183952,16,65536,7659.01
183968,16,65536,7659.01
183984,16,65536,7659.01
184000,16,65536,7659.01
184016,16,65536,7659.01
184032,16,65536,7659.01
184048,16,65536,7659.01
184064,16,65536,7659.01
184080,16,65536,7659.01
184096,16,65536,7659.01
184112,16,65536,7659.01
184128,16,65536,7659.01
184144,16,65536,7659.01
184160,16,65536,7659.01
184176,16,65536,7659.01
184192,16,65536,7659.01
184208,16,65536,7659.01
184224,16,65536,7659.01
184240,16,65536,7659.01
184256,16,65536,7659.01
184272,16,65536,7659.01
184288,16,65536,7659.01
184304,16,65536,7659.01
184320,16,65536,7659.01
184336,16,65536,7659.01
184352,16,65536,7659.01
184368,16,65536,7659.01
184384,16,65536,7659.01
184400,16,65536,7659.01
184416,16,65536,7659.01
184432,16,65536,7659.01
184448,16,65536,7659.01
184464,16,65536,7659.01
184480,16,65536,7659.01
184496,16,65536,7659.01
184512,16,65536,7659.01
184528,16,65536,7659.01
184544,16,65536,7659.01
184560,16,65536,7659.01
184576,16,65536,7659.01
184592,16,65536,7659.01
184608,16,65536,7659.01
184624,16,65536,7659.01
184640,16,65536,7659.01
184656,16,65536,7659.01
184672,16,65536,7659.01
184688,16,65536,7659.01
184704,16,65536,7659.01
184720,16,65536,7659.01
184736,16,65536,7659.01
184752,16,65536,7659.01
184768,16,65536,7659.01
184784,16,65536,7659.01
184800,16,65536,7659.01
184816,16,65536,7659.01
184832,16,65536,7659.01
184848,16,65536,7659.01
184864,16,65536,7659.01
184880,16,65536,7659.01
184896,16,65536,7659.01
184912,16,65536,7659.01
184928,16,65536,7659.01
184944,16,65536,7659.01
184960,16,65536,7659.01
184976,16,65536,7659.01
184992,16,65536,7659.01
185008,16,65536,7659.01
185024,16,65536,7659.01
185040,16,65536,7659.01
185056,16,65536,7659.01
185072,16,65536,7659.01
185088,16,65536,7659.01
185104,16,65536,7659.01
185120,16,65536,7659.01
185136,16,65536,7659.01
185152,16,65536,7659.01
185168,16,65536,7659.01
185184,16,65536,7659.01
185200,16,65536,7659.01
185216,16,65536,7659.01
185232,16,65536,7659.01
185248,16,65536,7659.01
185264,16,65536,7659.01
185280,16,65536,7659.01
185296,16,65536,7659.01
185312,16,65536,7659.01
185328,16,65536,7659.01
185344,16,65536,7659.01
185360,16,65536,7659.01
185376,16,65536,7659.01
185392,16,65536,7659.01
185408,16,65536,7659.01
185424,16,65536,7659.01
185440,16,65536,7659.01
185456,16,65536,7659.01
185472,16,65536,7659.01
185488,16,65536,7659.01
185504,16,65536,7659.01
185520,16,65536,7659.01
185536,16,65536,7659.01
185552,16,65536,7659.01
185568,16,65536,7659.01
185584,16,65536,7659.01
185600,16,65536,7659.01
185616,16,65536,7659.01
185632,16,65536,7659.01
185648,16,65536,7659.01
185664,16,65536,7659.01
185680,16,65536,7659.01
185696,16,65536,7659.01
185712,16,65536,7659.01
185728,16,65536,7659.01
185744,16,65536,7659.01
185760,16,65536,7659.01
185776,16,65536,7659.01
185792,16,65536,7659.01
185808,16,65536,7659.01
185824,16,65536,7659.01
185840,16,65536,7659.01
185856,16,65536,7659.01
185872,16,65536,7659.01
185888,16,65536,7659.01
185904,16,65536,7659.01
185920,16,65536,7659.01
185936,16,65536,7659.01
185952,16,65536,7659.01
185968,16,65536,7659.01
185984,16,65536,7659.01
186000,16,65536,7659.01
186016,16,65536,7659.01
186032,16,65536,7659.01
186048,16,65536,7659.01
186064,16,65536,7659.01
186080,16,65536,7659.01
186096,16,65536,7659.01
186112,16,65536,7659.01
186128,16,65536,7659.01
186144,16,65536,7659.01
186160,16,65536,7659.01
186176,16,65536,7659.01
186192,16,65536,7659.01
186208,16,65536,7659.01
186224,16,65536,7659.01
186240,16,65536,7659.01
186256,16,65536,7659.01
186272,16,65536,7659.01
186288,16,65536,7659.01
186304,16,65536,7659.01
186320,16,65536,7659.01
186336,16,65536,7659.01
186352,16,65536,7659.01
186368,16,65536,7659.01
186384,16,65536,7659.01
186400,16,65536,7659.01
186416,16,65536,7659.01
186432,16,65536,7659.01
186448,16,65536,7659.01
186464,16,65536,7659.01
186480,16,65536,7659.01
186496,16,65536,7659.01
186512,16,65536,7659.01
186528,16,65536,7659.01
186544,16,65536,7659.01
186560,16,65536,7659.01
186576,16,65536,7659.01
186592,16,65536,7659.01
186608,16,65536,7659.01
186624,16,65536,7659.01
186640,16,65536,7659.01
186656,16,65536,7659.01
186672,16,65536,7659.01
186688,16,65536,7659.01
186704,16,65536,7659.01
186720,16,65536,7659.01
186736,16,65536,7659.01
186752,16,65536,7659.01
186768,16,65536,7659.01
186784,16,65536,7659.01
186800,16,65536,7659.01
186816,16,65536,7659.01
186832,16,65536,7659.01
186848,16,65536,7659.01
186864,16,65536,7659.01
186880,16,65536,7659.01
186896,16,65536,7659.01
186912,16,65536,7659.01
186928,16,65536,7659.01
186944,16,65536,7659.01
186960,16,65536,7659.01
186976,16,65536,7659.01
186992,16,65536,7659.01
187008,16,65536,7659.01
187024,16,65536,7659.01
187040,16,65536,7659.01
187056,16,65536,7659.01
187072,16,65536,7659.01
187088,16,65536,7659.01
187104,16,65536,7659.01
187120,16,65536,7659.01
187136,16,65536,7659.01
187152,16,65536,7659.01
187168,16,65536,7659.01
187184,16,65536,7659.01
187200,16,65536,7659.01
187216,16,65536,7659.01
187232,16,65536,7659.01
187248,16,65536,7659.01
187264,16,65536,7659.01
187280,16,65536,7659.01
187296,16,65536,7659.01
187312,16,65536,7659.01
187328,16,65536,7659.01
187344,16,65536,7659.01
187360,16,65536,7659.01
187376,16,65536,7659.01
187392,16,65536,7659.01
187408,16,65536,7659.01
187424,16,65536,7659.01
187440,16,65536,7659.01
187456,16,65536,7659.01
187472,16,65536,7659.01
187488,16,65536,7659.01
187504,16,65536,7659.01
187520,16,65536,7659.01
187536,16,65536,7659.01
187552,16,65536,7659.01
187568,16,65536,7659.01
187584,16,65536,7659.01
187600,16,65536,7659.01
187616,16,65536,7659.01
187632,16,65536,7659.01
187648,16,65536,7659.01
187664,16,65536,7659.01
187680,16,65536,7659.01
187696,16,65536,7659.01
187712,16,65536,7659.01
187728,16,65536,7659.01
187744,16,65536,7659.01
187760,16,65536,7659.01
187776,16,65536,7659.01
187792,16,65536,7659.01
187808,16,65536,7659.01
187824,16,65536,7659.01
187840,16,65536,7659.01
187856,16,65536,7659.01
187872,16,65536,7659.01
187888,16,65536,7659.01
187904,16,65536,7659.01
187920,16,65536,7659.01
187936,16,65536,7659.01
187952,16,65536,7659.01
187968,16,65536,7659.01
187984,16,65536,7659.01
188000,16,65536,7659.01
188016,16,65536,7659.01
188032,16,65536,7659.01
188048,16,65536,7659.01
188064,16,65536,7659.01
188080,16,65536,7659.01
188096,16,65536,7659.01
188112,16,65536,7659.01
188128,16,65536,7659.01
188144,16,65536,7659.01
188160,16,65536,7659.01
188176,16,65536,7659.01
188192,16,65536,7659.01
188208,16,65536,7659.01
188224,16,65536,7659.01
188240,16,65536,7659.01
188256,16,65536,7659.01
188272,16,65536,7659.01
188288,16,65536,7659.01
188304,16,65536,7659.01
188320,16,65536,7659.01
188336,16,65536,7659.01
188352,16,65536,7659.01
188368,16,65536,7659.01
188384,16,65536,7659.01
188400,16,65536,7659.01
188416,16,65536,7659.01
188432,16,65536,7659.01
188448,16,65536,7659.01
188464,16,65536,7659.01
188480,16,65536,7659.01
188496,16,65536,7659.01
188512,16,65536,7659.01
188528,16,65536,7659.01
188544,16,65536,7659.01
188560,16,65536,7659.01
188576,16,65536,7659.01
188592,16,65536,7659.01
188608,16,65536,7659.01
188624,16,65536,7659.01
188640,16,65536,7659.01
188656,16,65536,7659.01
188672,16,65536,7659.01
188688,16,65536,7659.01
188704,16,65536,7659.01
188720,16,65536,7659.01
188736,16,65536,7659.01
188752,16,65536,7659.01
188768,16,65536,7659.01
188784,16,65536,7659.01
188800,16,65536,7659.01
188816,16,65536,7659.01
188832,16,65536,7659.01
188848,16,65536,7659.01
188864,16,65536,7659.01
188880,16,65536,7659.01
188896,16,65536,7659.01
188912,16,65536,7659.01
188928,16,65536,7659.01
188944,16,65536,7659.01
188960,16,65536,7659.01
188976,16,65536,7659.01
188992,16,65536,7659.01
189008,16,65536,7659.01
189024,16,65536,7659.01
189040,16,65536,7659.01
189056,16,65536,7659.01
189072,16,65536,7659.01
189088,16,65536,7659.01
189104,16,65536,7659.01
189120,16,65536,7659.01
189136,16,65536,7659.01
189152,16,65536,7659.01
189168,16,65536,7659.01
189184,16,65536,7659.01
189200,16,65536,7659.01
189216,16,65536,7659.01
189232,16,65536,7659.01
189248,16,65536,7659.01
189264,16,65536,7659.01
189280,16,65536,7659.01
189296,16,65536,7659.01
189312,16,65536,7659.01
189328,16,65536,7659.01
189344,16,65536,7659.01
189360,16,65536,7659.01
189376,16,65536,7659.01
189392,16,65536,7659.01
189408,16,65536,7659.01
189424,16,65536,7659.01
189440,16,65536,7659.01
189456,16,65536,7659.01
189472,16,65536,7659.01
189488,16,65536,7659.01
189504,16,65536,7659.01
189520,16,65536,7659.01
189536,16,65536,7659.01
189552,16,65536,7659.01
189568,16,65536,7659.01
189584,16,65536,7659.01
189600,16,65536,7659.01
189616,16,65536,7659.01
189632,16,65536,7659.01
189648,16,65536,7659.01
189664,16,65536,7659.01
189680,16,65536,7659.01
189696,16,65536,7659.01
189712,16,65536,7659.01
189728,16,65536,7659.01
189744,16,65536,7659.01
189760,16,65536,7659.01
189776,16,65536,7659.01
189792,16,65536,7659.01
189808,16,65536,7659.01
189824,16,65536,7659.01
189840,16,65536,7659.01
189856,16,65536,7659.01
189872,16,65536,7659.01
189888,16,65536,7659.01
189904,16,65536,7659.01
189920,16,65536,7659.01
189936,16,65536,7659.01
189952,16,65536,7659.01
189968,16,65536,7659.01
189984,16,65536,7659.01
190000,16,65536,7659.01
190016,16,65536,7659.01
190032,16,65536,7659.01
190048,16,65536,7659.01
190064,16,65536,7659.01
190080,16,65536,7659.01
190096,16,65536,7659.01
190112,16,65536,7659.01
190128,16,65536,7659.01
190144,16,65536,7659.01
190160,16,65536,7659.01
190176,16,65536,7659.01
190192,16,65536,7659.01
190208,16,65536,7659.01
190224,16,65536,7659.01
190240,16,65536,7659.01
190256,16,65536,7659.01
190272,16,65536,7659.01
190288,16,65536,7659.01
190304,16,65536,7659.01
190320,16,65536,7659.01
190336,16,65536,7659.01
190352,16,65536,7659.01
190368,16,65536,7659.01
190384,16,65536,7659.01
190400,16,65536,7659.01
190416,16,65536,7659.01
190432,16,65536,7659.01
190448,16,65536,7659.01
190464,16,65536,7659.01
190480,16,65536,7659.01
190496,16,65536,7659.01
190512,16,65536,7659.01
190528,16,65536,7659.01
190544,16,65536,7659.01
190560,16,65536,7659.01
190576,16,65536,7659.01
190592,16,65536,7659.01
190608,16,65536,7659.01
190624,16,65536,7659.01
190640,16,65536,7659.01
190656,16,65536,7659.01
190672,16,65536,7659.01
190688,16,65536,7659.01
190704,16,65536,7659.01
190720,16,65536,7659.01
190736,16,65536,7659.01
190752,16,65536,7659.01
190768,16,65536,7659.01
190784,16,65536,7659.01
190800,16,65536,7659.01
190816,16,65536,7659.01
190832,16,65536,7659.01
190848,16,65536,7659.01
190864,16,65536,7659.01
190880,16,65536,7659.01
190896,16,65536,7659.01
190912,16,65536,7659.01
190928,16,65536,7659.01
190944,16,65536,7659.01
190960,16,65536,7659.01
190976,16,65536,7659.01
190992,16,65536,7659.01
191008,16,65536,7659.01
191024,16,65536,7659.01
191040,16,65536,7659.01
191056,16,65536,7659.01
191072,16,65536,7659.01
191088,16,65536,7659.01
191104,16,65536,7659.01
191120,16,65536,7659.01
191136,16,65536,7659.01
191152,16,65536,7659.01
191168,16,65536,7659.01
191184,16,65536,7659.01
191200,16,65536,7659.01
191216,16,65536,7659.01
191232,16,65536,7659.01
191248,16,65536,7659.01
191264,16,65536,7659.01
191280,16,65536,7659.01
191296,16,65536,7659.01
191312,16,65536,7659.01
191328,16,65536,7659.01
191344,16,65536,7659.01
191360,16,65536,7659.01
191376,16,65536,7659.01
191392,16,65536,7659.01
191408,16,65536,7659.01
191424,16,65536,7659.01
191440,16,65536,7659.01
191456,16,65536,7659.01
191472,16,65536,7659.01
191488,16,65536,7659.01
191504,16,65536,7659.01
191520,16,65536,7659.01
191536,16,65536,7659.01
191552,16,65536,7659.01
191568,16,65536,7659.01
191584,16,65536,7659.01
191600,16,65536,7659.01
191616,16,65536,7659.01
191632,16,65536,7659.01
191648,16,65536,7659.01
191664,16,65536,7659.01
191680,16,65536,7659.01
191696,16,65536,7659.01
191712,16,65536,7659.01
191728,16,65536,7659.01
191744,16,65536,7659.01
191760,16,65536,7659.01
191776,16,65536,7659.01
191792,16,65536,7659.01
191808,16,65536,7659.01
191824,16,65536,7659.01
191840,16,65536,7659.01
191856,16,65536,7659.01
191872,16,65536,7659.01
191888,16,65536,7659.01
191904,16,65536,7659.01
191920,16,65536,7659.01
191936,16,65536,7659.01
191952,16,65536,7659.01
191968,16,65536,7659.01
191984,16,65536,7659.01
192000,16,65536,7659.01
192016,16,65536,7659.01
192032,16,65536,7659.01
192048,16,65536,7659.01
192064,16,65536,7659.01
192080,16,65536,7659.01
192096,16,65536,7659.01
192112,16,65536,7659.01
192128,16,65536,7659.01
192144,16,65536,7659.01
192160,16,65536,7659.01
192176,16,65536,7659.01
192192,16,65536,7659.01
192208,16,65536,7659.01
192224,16,65536,7659.01
192240,16,65536,7659.01
192256,16,65536,7659.01
192272,16,65536,7659.01
192288,16,65536,7659.01
192304,16,65536,7659.01
192320,16,65536,7659.01
192336,16,65536,7659.01
192352,16,65536,7659.01
192368,16,65536,7659.01
192384,16,65536,7659.01
192400,16,65536,7659.01
192416,16,65536,7659.01
192432,16,65536,7659.01
192448,16,65536,7659.01
192464,16,65536,7659.01
192480,16,65536,7659.01
192496,16,65536,7659.01
192512,16,65536,7659.01
192528,16,65536,7659.01
192544,16,65536,7659.01
192560,16,65536,7659.01
192576,16,65536,7659.01
192592,16,65536,7659.01
192608,16,65536,7659.01
192624,16,65536,7659.01
192640,16,65536,7659.01
192656,16,65536,7659.01
192672,16,65536,7659.01
192688,16,65536,7659.01
192704,16,65536,7659.01
192720,16,65536,7659.01
192736,16,65536,7659.01
192752,16,65536,7659.01
192768,16,65536,7659.01
192784,16,65536,7659.01
192800,16,65536,7659.01
192816,16,65536,7659.01
192832,16,65536,7659.01
192848,16,65536,7659.01
192864,16,65536,7659.01
192880,16,65536,7659.01
192896,16,65536,7659.01
192912,16,65536,7659.01
192928,16,65536,7659.01
192944,16,65536,7659.01
192960,16,65536,7659.01
192976,16,65536,7659.01
192992,16,65536,7659.01
193008,16,65536,7659.01
193024,16,65536,7659.01
193040,16,65536,7659.01
193056,16,65536,7659.01
193072,16,65536,7659.01
193088,16,65536,7659.01
193104,16,65536,7659.01
193120,16,65536,7659.01
193136,16,65536,7659.01
193152,16,65536,7659.01
193168,16,65536,7659.01
193184,16,65536,7659.01
193200,16,65536,7659.01
193216,16,65536,7659.01
193232,16,65536,7659.01
193248,16,65536,7659.01
193264,16,65536,7659.01
193280,16,65536,7659.01
193296,16,65536,7659.01
193312,16,65536,7659.01
193328,16,65536,7659.01
193344,16,65536,7659.01
193360,16,65536,7659.01
193376,16,65536,7659.01
193392,16,65536,7659.01
193408,16,65536,7659.01
193424,16,65536,7659.01
193440,16,65536,7659.01
193456,16,65536,7659.01
193472,16,65536,7659.01
193488,16,65536,7659.01
193504,16,65536,7659.01
193520,16,65536,7659.01
193536,16,65536,7659.01
193552,16,65536,7659.01
193568,16,65536,7659.01
193584,16,65536,7659.01
193600,16,65536,7659.01
193616,16,65536,7659.01
193632,16,65536,7659.01
193648,16,65536,7659.01
193664,16,65536,7659.01
193680,16,65536,7659.01
193696,16,65536,7659.01
193712,16,65536,7659.01
193728,16,65536,7659.01
193744,16,65536,7659.01
193760,16,65536,7659.01
193776,16,65536,7659.01
193792,16,65536,7659.01
193808,16,65536,7659.01
193824,16,65536,7659.01
193840,16,65536,7659.01
193856,16,65536,7659.01
193872,16,65536,7659.01
193888,16,65536,7659.01
193904,16,65536,7659.01
193920,16,65536,7659.01
193936,16,65536,7659.01
193952,16,65536,7659.01
193968,16,65536,7659.01
193984,16,65536,7659.01
194000,16,65536,7659.01
194016,16,65536,7659.01
194032,16,65536,7659.01
194048,16,65536,7659.01
194064,16,65536,7659.01
194080,16,65536,7659.01
194096,16,65536,7659.01
194112,16,65536,7659.01
194128,16,65536,7659.01
194144,16,65536,7659.01
194160,16,65536,7659.01
194176,16,65536,7659.01
194192,16,65536,7659.01
194208,16,65536,7659.01
194224,16,65536,7659.01
194240,16,65536,7659.01
194256,16,65536,7659.01
194272,16,65536,7659.01
194288,16,65536,7659.01
194304,16,65536,7659.01
194320,16,65536,7659.01
194336,16,65536,7659.01
194352,16,65536,7659.01
194368,16,65536,7659.01
194384,16,65536,7659.01
194400,16,65536,7659.01
194416,16,65536,7659.01
194432,16,65536,7659.01
194448,16,65536,7659.01
194464,16,65536,7659.01
194480,16,65536,7659.01
194496,16,65536,7659.01
194512,16,65536,7659.01
194528,16,65536,7659.01
194544,16,65536,7659.01
194560,16,65536,7659.01
194576,16,65536,7659.01
194592,16,65536,7659.01
194608,16,65536,7659.01
194624,16,65536,7659.01
194640,16,65536,7659.01
194656,16,65536,7659.01
194672,16,65536,7659.01
194688,16,65536,7659.01
194704,16,65536,7659.01
194720,16,65536,7659.01
194736,16,65536,7659.01
194752,16,65536,7659.01
194768,16,65536,7659.01
194784,16,65536,7659.01
194800,16,65536,7659.01
194816,16,65536,7659.01
194832,16,65536,7659.01
194848,16,65536,7659.01
194864,16,65536,7659.01
194880,16,65536,7659.01
194896,16,65536,7659.01
194912,16,65536,7659.01
194928,16,65536,7659.01
194944,16,65536,7659.01
194960,16,65536,7659.01
194976,16,65536,7659.01
194992,16,65536,7659.01
195008,16,65536,7659.01
195024,16,65536,7659.01
195040,16,65536,7659.01
195056,16,65536,7659.01
195072,16,65536,7659.01
195088,16,65536,7659.01
195104,16,65536,7659.01
195120,16,65536,7659.01
195136,16,65536,7659.01
195152,16,65536,7659.01
195168,16,65536,7659.01
195184,16,65536,7659.01
195200,16,65536,7659.01
195216,16,65536,7659.01
195232,16,65536,7659.01
195248,16,65536,7659.01
195264,16,65536,7659.01
195280,16,65536,7659.01
195296,16,65536,7659.01
195312,16,65536,7659.01
195328,16,65536,7659.01
195344,16,65536,7659.01
195360,16,65536,7659.01
195376,16,65536,7659.01
195392,16,65536,7659.01
195408,16,65536,7659.01
195424,16,65536,7659.01
195440,16,65536,7659.01
195456,16,65536,7659.01
195472,16,65536,7659.01
195488,16,65536,7659.01
195504,16,65536,7659.01
195520,16,65536,7659.01
195536,16,65536,7659.01
195552,16,65536,7659.01
195568,16,65536,7659.01
195584,16,65536,7659.01
195600,16,65536,7659.01
195616,16,65536,7659.01
195632,16,65536,7659.01
195648,16,65536,7659.01
195664,16,65536,7659.01
195680,16,65536,7659.01
195696,16,65536,7659.01
195712,16,65536,7659.01
195728,16,65536,7659.01
195744,16,65536,7659.01
195760,16,65536,7659.01
195776,16,65536,7659.01
195792,16,65536,7659.01
195808,16,65536,7659.01
195824,16,65536,7659.01
195840,16,65536,7659.01
195856,16,65536,7659.01
195872,16,65536,7659.01
195888,16,65536,7659.01
195904,16,65536,7659.01
195920,16,65536,7659.01
195936,16,65536,7659.01
195952,16,65536,7659.01
195968,16,65536,7659.01
195984,16,65536,7659.01
196000,16,65536,7659.01
196016,16,65536,7659.01
196032,16,65536,7659.01
196048,16,65536,7659.01
196064,16,65536,7659.01
196080,16,65536,7659.01
196096,16,65536,7659.01
196112,16,65536,7659.01
196128,16,65536,7659.01
196144,16,65536,7659.01
196160,16,65536,7659.01
196176,16,65536,7659.01
196192,16,65536,7659.01
196208,16,65536,7659.01
196224,16,65536,7659.01
196240,16,65536,7659.01
196256,16,65536,7659.01
196272,16,65536,7659.01
196288,16,65536,7659.01
196304,16,65536,7659.01
196320,16,65536,7659.01
196336,16,65536,7659.01
196352,16,65536,7659.01
196368,16,65536,7659.01
196384,16,65536,7659.01
196400,16,65536,7659.01
196416,16,65536,7659.01
196432,16,65536,7659.01
196448,16,65536,7659.01
196464,16,65536,7659.01
196480,16,65536,7659.01
196496,16,65536,7659.01
196512,16,65536,7659.01
196528,16,65536,7659.01
196544,16,65536,7659.01
196560,16,65536,7659.01
196576,16,65536,7659.01
196592,16,65536,7659.01
196608,16,65536,7659.01
196624,16,65536,7659.01
196640,16,65536,7659.01
196656,16,65536,7659.01
196672,16,65536,7659.01
196688,16,65536,7659.01
196704,16,65536,7659.01
196720,16,65536,7659.01
196736,16,65536,7659.01
196752,16,65536,7659.01
196768,16,65536,7659.01
196784,16,65536,7659.01
196800,16,65536,7659.01
196816,16,65536,7659.01
196832,16,65536,7659.01
196848,16,65536,7659.01
196864,16,65536,7659.01
196880,16,65536,7659.01
196896,16,65536,7659.01
196912,16,65536,7659.01
196928,16,65536,7659.01
196944,16,65536,7659.01
196960,16,65536,7659.01
196976,16,65536,7659.01
196992,16,65536,7659.01
197008,16,65536,7659.01
197024,16,65536,7659.01
197040,16,65536,7659.01
197056,16,65536,7659.01
197072,16,65536,7659.01
197088,16,65536,7659.01
197104,16,65536,7659.01
197120,16,65536,7659.01
197136,16,65536,7659.01
197152,16,65536,7659.01
197168,16,65536,7659.01
197184,16,65536,7659.01
197200,16,65536,7659.01
197216,16,65536,7659.01
197232,16,65536,7659.01
197248,16,65536,7659.01
197264,16,65536,7659.01
197280,16,65536,7659.01
197296,16,65536,7659.01
197312,16,65536,7659.01
197328,16,65536,7659.01
197344,16,65536,7659.01
197360,16,65536,7659.01
197376,16,65536,7659.01
197392,16,65536,7659.01
197408,16,65536,7659.01
197424,16,65536,7659.01
197440,16,65536,7659.01
197456,16,65536,7659.01
197472,16,65536,7659.01
197488,16,65536,7659.01
197504,16,65536,7659.01
197520,16,65536,7659.01
197536,16,65536,7659.01
197552,16,65536,7659.01
197568,16,65536,7659.01
197584,16,65536,7659.01
197600,16,65536,7659.01
197616,16,65536,7659.01
197632,16,65536,7659.01
197648,16,65536,7659.01
197664,16,65536,7659.01
197680,16,65536,7659.01
197696,16,65536,7659.01
197712,16,65536,7659.01
197728,16,65536,7659.01
197744,16,65536,7659.01
197760,16,65536,7659.01
197776,16,65536,7659.01
197792,16,65536,7659.01
197808,16,65536,7659.01
197824,16,65536,7659.01
197840,16,65536,7659.01
197856,16,65536,7659.01
197872,16,65536,7659.01
197888,16,65536,7659.01
197904,16,65536,7659.01
197920,16,65536,7659.01
197936,16,65536,7659.01
197952,16,65536,7659.01
197968,16,65536,7659.01
197984,16,65536,7659.01
198000,16,65536,7659.01
198016,16,65536,7659.01
198032,16,65536,7659.01
198048,16,65536,7659.01
198064,16,65536,7659.01
198080,16,65536,7659.01
198096,16,65536,7659.01
198112,16,65536,7659.01
198128,16,65536,7659.01
198144,16,65536,7659.01
198160,16,65536,7659.01
198176,16,65536,7659.01
198192,16,65536,7659.01
198208,16,65536,7659.01
198224,16,65536,7659.01
198240,16,65536,7659.01
198256,16,65536,7659.01
198272,16,65536,7659.01
198288,16,65536,7659.52
198304,16,65536,7659.01
198320,16,65536,7659.01
198336,16,65536,7659.01
198352,16,65536,7659.01
198368,16,65536,7659.01
198384,16,65536,7659.01
198400,16,65536,7659.01
198416,16,65536,7659.01
198432,16,65536,7659.01
198448,16,65536,7659.01
198464,16,65536,7659.01
198480,16,65536,7659.01
198496,16,65536,7659.01
198512,16,65536,7659.01
198528,16,65536,7659.01
198544,16,65536,7659.01
198560,16,65536,7659.01
198576,16,65536,7659.01
198592,16,65536,7659.01
198608,16,65536,7659.01
198624,16,65536,7659.01
198640,16,65536,7659.01
198656,16,65536,7659.01
198672,16,65536,7659.01
198688,16,65536,7659.01
198704,16,65536,7659.01
198720,16,65536,7659.01
198736,16,65536,7659.01
198752,16,65536,7659.01
198768,16,65536,7659.01
198784,16,65536,7659.01
198800,16,65536,7659.01
198816,16,65536,7659.01
198832,16,65536,7659.01
198848,16,65536,7659.01
198864,16,65536,7659.01
198880,16,65536,7659.01
198896,16,65536,7659.01
198912,16,65536,7659.01
198928,16,65536,7659.01
198944,16,65536,7659.01
198960,16,65536,7659.01
198976,16,65536,7659.01
198992,16,65536,7659.01
199008,16,65536,7659.01
199024,16,65536,7659.01
199040,16,65536,7659.01
199056,16,65536,7659.01
199072,16,65536,7659.01
199088,16,65536,7659.01
199104,16,65536,7659.01
199120,16,65536,7659.01
199136,16,65536,7659.01
199152,16,65536,7659.01
199168,16,65536,7659.01
199184,16,65536,7659.01
199200,16,65536,7659.01
199216,16,65536,7659.01
199232,16,65536,7659.01
199248,16,65536,7659.01
199264,16,65536,7659.01
199280,16,65536,7659.01
199296,16,65536,7659.01
199312,16,65536,7659.01
199328,16,65536,7659.01
199344,16,65536,7659.01
199360,16,65536,7659.01
199376,16,65536,7659.01
199392,16,65536,7659.01
199408,16,65536,7659.01
199424,16,65536,7659.01
199440,16,65536,7659.01
199456,16,65536,7659.01
199472,16,65536,7659.01
199488,16,65536,7659.01
199504,16,65536,7659.01
199520,16,65536,7659.01
199536,16,65536,7659.01
199552,16,65536,7659.01
199568,16,65536,7659.01
199584,16,65536,7659.01
199600,16,65536,7659.01
199616,16,65536,7659.01
199632,16,65536,7659.01
199648,16,65536,7659.01
199664,16,65536,7659.01
199680,16,65536,7659.01
199696,16,65536,7659.01
199712,16,65536,7659.01
199728,16,65536,7659.01
199744,16,65536,7659.01
199760,16,65536,7659.01
199776,16,65536,7659.01
199792,16,65536,7659.01
199808,16,65536,7659.01
199824,16,65536,7659.01
199840,16,65536,7659.01
199856,16,65536,7659.01
199872,16,65536,7659.01
199888,16,65536,7659.01
199904,16,65536,7659.01
199920,16,65536,7659.01
199936,16,65536,7659.01
199952,16,65536,7659.01
199968,16,65536,7659.01
199984,16,65536,7659.01
200000,16,65536,7659.01
200016,16,65536,7659.01
200032,16,65536,7659.01
200048,16,65536,7659.01
200064,16,65536,7659.01
200080,16,65536,7659.01
200096,16,65536,7659.01
200112,16,65536,7659.01
200128,16,65536,7659.01
200144,16,65536,7659.01
200160,16,65536,7659.01
200176,16,65536,7659.01
200192,16,65536,7659.01
200208,16,65536,7659.01
200224,16,65536,7659.01
200240,16,65536,7659.01
200256,16,65536,7659.01
200272,16,65536,7659.01
200288,16,65536,7659.01
200304,16,65536,7659.01
200320,16,65536,7659.01
200336,16,65536,7659.01
200352,16,65536,7659.01
200368,16,65536,7659.01
200384,16,65536,7659.01
200400,16,65536,7659.01
200416,16,65536,7659.01
200432,16,65536,7659.01
200448,16,65536,7659.01
200464,16,65536,7659.01
200480,16,65536,7659.01
200496,16,65536,7659.01
200512,16,65536,7659.01
200528,16,65536,7659.01
200544,16,65536,7659.01
200560,16,65536,7659.01
200576,16,65536,7659.01
200592,16,65536,7659.01
200608,16,65536,7659.01
200624,16,65536,7659.01
200640,16,65536,7659.01
200656,16,65536,7659.01
200672,16,65536,7659.01
200688,16,65536,7659.01
200704,16,65536,7659.01
200720,16,65536,7659.01
200736,16,65536,7659.01
200752,16,65536,7659.01
200768,16,65536,7659.01
200784,16,65536,7659.01
200800,16,65536,7659.01
200816,16,65536,7659.01
200832,16,65536,7659.01
200848,16,65536,7659.01
200864,16,65536,7659.01
200880,16,65536,7659.01
200896,16,65536,7659.01
200912,16,65536,7659.01
200928,16,65536,7659.01
200944,16,65536,7659.01
200960,16,65536,7659.01
200976,16,65536,7659.01
200992,16,65536,7659.01
201008,16,65536,7659.01
201024,16,65536,7659.01
201040,16,65536,7659.01
201056,16,65536,7659.01
201072,16,65536,7659.01
201088,16,65536,7659.01
201104,16,65536,7659.01
201120,16,65536,7659.01
201136,16,65536,7659.01
201152,16,65536,7659.01
201168,16,65536,7659.01
201184,16,65536,7659.01
201200,16,65536,7659.01
201216,16,65536,7659.01
201232,16,65536,7659.01
201248,16,65536,7659.01
201264,16,65536,7659.01
201280,16,65536,7659.01
201296,16,65536,7659.01
201312,16,65536,7659.01
201328,16,65536,7659.01
201344,16,65536,7659.01
201360,16,65536,7659.01
201376,16,65536,7659.01
201392,16,65536,7659.01
201408,16,65536,7659.01
201424,16,65536,7659.01
201440,16,65536,7659.01
201456,16,65536,7659.01
201472,16,65536,7659.01
201488,16,65536,7659.01
201504,16,65536,7659.01
201520,16,65536,7659.01
201536,16,65536,7659.01
201552,16,65536,7659.01
201568,16,65536,7659.01
201584,16,65536,7659.01
201600,16,65536,7659.01
201616,16,65536,7659.01
201632,16,65536,7659.01
201648,16,65536,7659.01
201664,16,65536,7659.01
201680,16,65536,7659.01
201696,16,65536,7659.01
201712,16,65536,7659.01
201728,16,65536,7659.01
201744,16,65536,7659.01
201760,16,65536,7659.01
201776,16,65536,7659.01
201792,16,65536,7659.01
201808,16,65536,7659.01
201824,16,65536,7659.01
201840,16,65536,7659.01
201856,16,65536,7659.01
201872,16,65536,7659.01
201888,16,65536,7659.01
201904,16,65536,7659.01
201920,16,65536,7659.01
201936,16,65536,7659.01
201952,16,65536,7659.01
201968,16,65536,7659.01
201984,16,65536,7659.01
202000,16,65536,7659.01
202016,16,65536,7659.01
202032,16,65536,7659.01
202048,16,65536,7659.01
202064,16,65536,7659.01
202080,16,65536,7659.01
202096,16,65536,7659.01
202112,16,65536,7659.01
202128,16,65536,7659.01
202144,16,65536,7659.01
202160,16,65536,7659.01
202176,16,65536,7659.01
202192,16,65536,7659.01
202208,16,65536,7659.01
202224,16,65536,7659.01
202240,16,65536,7659.01
202256,16,65536,7659.01
202272,16,65536,7659.01
202288,16,65536,7659.01
202304,16,65536,7659.01
202320,16,65536,7659.01
202336,16,65536,7659.01
202352,16,65536,7659.01
202368,16,65536,7659.01
202384,16,65536,7659.01
202400,16,65536,7659.01
202416,16,65536,7659.01
202432,16,65536,7659.01
202448,16,65536,7659.01
202464,16,65536,7659.01
202480,16,65536,7659.01
202496,16,65536,7659.01
202512,16,65536,7659.01
202528,16,65536,7659.01
202544,16,65536,7659.01
202560,16,65536,7659.01
202576,16,65536,7659.01
202592,16,65536,7659.01
202608,16,65536,7659.01
202624,16,65536,7659.01
202640,16,65536,7659.01
202656,16,65536,7659.01
202672,16,65536,7659.01
202688,16,65536,7659.01
202704,16,65536,7659.01
202720,16,65536,7659.01
202736,16,65536,7659.01
202752,16,65536,7659.01
202768,16,65536,7659.01
202784,16,65536,7659.01
202800,16,65536,7659.01
202816,16,65536,7659.01
202832,16,65536,7659.01
202848,16,65536,7659.01
202864,16,65536,7659.01
202880,16,65536,7659.01
202896,16,65536,7659.01
202912,16,65536,7659.01
202928,16,65536,7659.01
202944,16,65536,7659.01
202960,16,65536,7659.01
202976,16,65536,7659.01
202992,16,65536,7659.01
203008,16,65536,7659.01
203024,16,65536,7659.01
203040,16,65536,7659.01
203056,16,65536,7659.01
203072,16,65536,7659.01
203088,16,65536,7659.01
203104,16,65536,7659.01
203120,16,65536,7659.01
203136,16,65536,7659.01
203152,16,65536,7659.01
203168,16,65536,7659.01
203184,16,65536,7659.01
203200,16,65536,7659.01
203216,16,65536,7659.01
203232,16,65536,7659.01
203248,16,65536,7659.01
203264,16,65536,7659.01
203280,16,65536,7659.01
203296,16,65536,7659.01
203312,16,65536,7659.01
203328,16,65536,7659.01
203344,16,65536,7659.01
203360,16,65536,7659.01
203376,16,65536,7659.01
203392,16,65536,7659.01
203408,16,65536,7659.01
203424,16,65536,7659.01
203440,16,65536,7659.01
203456,16,65536,7659.01
203472,16,65536,7659.01
203488,16,65536,7659.01
203504,16,65536,7659.01
203520,16,65536,7659.01
203536,16,65536,7659.01
203552,16,65536,7659.01
203568,16,65536,7659.01
203584,16,65536,7659.01
203600,16,65536,7659.01
203616,16,65536,7659.01
203632,16,65536,7659.01
203648,16,65536,7659.01
203664,16,65536,7659.01
203680,16,65536,7659.01
203696,16,65536,7659.01
203712,16,65536,7659.01
203728,16,65536,7659.01
203744,16,65536,7659.01
203760,16,65536,7659.01
203776,16,65536,7659.01
203792,16,65536,7659.01
203808,16,65536,7659.01
203824,16,65536,7659.01
203840,16,65536,7659.01
203856,16,65536,7659.01
203872,16,65536,7659.01
203888,16,65536,7659.01
203904,16,65536,7659.01
203920,16,65536,7659.01
203936,16,65536,7659.01
203952,16,65536,7659.01
203968,16,65536,7659.01
203984,16,65536,7659.01
204000,16,65536,7659.01
204016,16,65536,7659.01
204032,16,65536,7659.01
204048,16,65536,7659.01
204064,16,65536,7659.01
204080,16,65536,7659.01
204096,16,65536,7659.01
204112,16,65536,7659.01
204128,16,65536,7659.01
204144,16,65536,7659.01
204160,16,65536,7659.01
204176,16,65536,7659.01
204192,16,65536,7659.01
204208,16,65536,7659.01
204224,16,65536,7659.01
204240,16,65536,7659.01
204256,16,65536,7659.01
204272,16,65536,7659.01
204288,16,65536,7659.01
204304,16,65536,7659.01
204320,16,65536,7659.01
204336,16,65536,7659.01
204352,16,65536,7659.01
204368,16,65536,7659.01
204384,16,65536,7659.01
204400,16,65536,7659.01
204416,16,65536,7659.01
204432,16,65536,7659.01
204448,16,65536,7659.01
204464,16,65536,7659.01
204480,16,65536,7659.01
204496,16,65536,7659.01
204512,16,65536,7659.01
204528,16,65536,7659.01
204544,16,65536,7659.01
204560,16,65536,7659.01
204576,16,65536,7659.01
204592,16,65536,7659.01
204608,16,65536,7659.01
204624,16,65536,7659.01
204640,16,65536,7659.01
204656,16,65536,7659.01
204672,16,65536,7659.01
204688,16,65536,7659.01
204704,16,65536,7659.01
204720,16,65536,7659.01
204736,16,65536,7659.01
204752,16,65536,7659.01
204768,16,65536,7659.01
204784,16,65536,7659.01
204800,16,65536,7659.01
204816,16,65536,7659.01
204832,16,65536,7659.01
204848,16,65536,7659.01
204864,16,65536,7659.01
204880,16,65536,7659.01
204896,16,65536,7659.01
204912,16,65536,7659.01
204928,16,65536,7659.01
204944,16,65536,7659.01
204960,16,65536,7659.01
204976,16,65536,7659.01
204992,16,65536,7659.01
205008,16,65536,7659.01
205024,16,65536,7659.01
205040,16,65536,7659.01
205056,16,65536,7659.01
205072,16,65536,7659.01
205088,16,65536,7659.01
205104,16,65536,7659.01
205120,16,65536,7659.01
205136,16,65536,7659.01
205152,16,65536,7659.01
205168,16,65536,7659.01
205184,16,65536,7659.01
205200,16,65536,7659.01
205216,16,65536,7659.01
205232,16,65536,7659.01
205248,16,65536,7659.01
205264,16,65536,7659.01
205280,16,65536,7659.01
205296,16,65536,7659.01
205312,16,65536,7659.01
205328,16,65536,7659.01
205344,16,65536,7659.01
205360,16,65536,7659.01
205376,16,65536,7659.01
205392,16,65536,7659.01
205408,16,65536,7659.01
205424,16,65536,7659.01
205440,16,65536,7659.01
205456,16,65536,7659.01
205472,16,65536,7659.01
205488,16,65536,7659.01
205504,16,65536,7659.01
205520,16,65536,7659.01
205536,16,65536,7659.01
205552,16,65536,7659.01
205568,16,65536,7659.01
205584,16,65536,7659.01
205600,16,65536,7659.01
205616,16,65536,7659.01
205632,16,65536,7659.01
205648,16,65536,7659.01
205664,16,65536,7659.01
205680,16,65536,7659.01
205696,16,65536,7659.01
205712,16,65536,7659.01
205728,16,65536,7659.01
205744,16,65536,7659.01
205760,16,65536,7659.01
205776,16,65536,7659.01
205792,16,65536,7659.01
205808,16,65536,7659.01
205824,16,65536,7659.01
205840,16,65536,7659.01
205856,16,65536,7659.01
205872,16,65536,7659.01
205888,16,65536,7659.01
205904,16,65536,7659.01
205920,16,65536,7659.01
205936,16,65536,7659.01
205952,16,65536,7659.01
205968,16,65536,7659.01
205984,16,65536,7659.01
206000,16,65536,7659.01
206016,16,65536,7659.01
206032,16,65536,7659.01
206048,16,65536,7659.01
206064,16,65536,7659.01
206080,16,65536,7659.01
206096,16,65536,7659.01
206112,16,65536,7659.01
206128,16,65536,7659.01
206144,16,65536,7659.01
206160,16,65536,7659.01
206176,16,65536,7659.01
206192,16,65536,7659.01
206208,16,65536,7659.01
206224,16,65536,7659.01
206240,16,65536,7659.01
206256,16,65536,7659.01
206272,16,65536,7659.01
206288,16,65536,7659.01
206304,16,65536,7659.01
206320,16,65536,7659.01
206336,16,65536,7659.01
206352,16,65536,7659.01
206368,16,65536,7659.01
206384,16,65536,7659.01
206400,16,65536,7659.01
206416,16,65536,7659.01
206432,16,65536,7659.01
206448,16,65536,7659.01
206464,16,65536,7659.01
206480,16,65536,7659.01
206496,16,65536,7659.01
206512,16,65536,7659.01
206528,16,65536,7659.01
206544,16,65536,7659.01
206560,16,65536,7659.01
206576,16,65536,7659.01
206592,16,65536,7659.01
206608,16,65536,7659.01
206624,16,65536,7659.01
206640,16,65536,7659.01
206656,16,65536,7659.01
206672,16,65536,7659.01
206688,16,65536,7659.01
206704,16,65536,7659.01
206720,16,65536,7659.01
206736,16,65536,7659.01
206752,16,65536,7659.01
206768,16,65536,7659.01
206784,16,65536,7659.01
206800,16,65536,7659.01
206816,16,65536,7659.01
206832,16,65536,7659.01
206848,16,65536,7659.01
206864,16,65536,7659.01
206880,16,65536,7659.01
206896,16,65536,7659.01
206912,16,65536,7659.01
206928,16,65536,7659.01
206944,16,65536,7659.01
206960,16,65536,7659.01
206976,16,65536,7659.01
206992,16,65536,7659.01
207008,16,65536,7659.01
207024,16,65536,7659.01
207040,16,65536,7659.01
207056,16,65536,7659.01
207072,16,65536,7659.01
207088,16,65536,7659.01
207104,16,65536,7659.01
207120,16,65536,7659.01
207136,16,65536,7659.01
207152,16,65536,7659.01
207168,16,65536,7659.01
207184,16,65536,7659.01
207200,16,65536,7659.01
207216,16,65536,7659.01
207232,16,65536,7659.01
207248,16,65536,7659.01
207264,16,65536,7659.01
207280,16,65536,7659.01
207296,16,65536,7659.01
207312,16,65536,7659.01
207328,16,65536,7659.01
207344,16,65536,7659.01
207360,16,65536,7659.01
207376,16,65536,7659.01
207392,16,65536,7659.01
207408,16,65536,7659.01
207424,16,65536,7659.01
207440,16,65536,7659.01
207456,16,65536,7659.01
207472,16,65536,7659.01
207488,16,65536,7659.01
207504,16,65536,7659.01
207520,16,65536,7659.01
207536,16,65536,7659.01
207552,16,65536,7659.01
207568,16,65536,7659.01
207584,16,65536,7659.01
207600,16,65536,7659.01
207616,16,65536,7659.01
207632,16,65536,7659.01
207648,16,65536,7659.01
207664,16,65536,7659.01
207680,16,65536,7659.01
207696,16,65536,7659.01
207712,16,65536,7659.01
207728,16,65536,7659.01
207744,16,65536,7659.01
207760,16,65536,7659.01
207776,16,65536,7659.01
207792,16,65536,7659.01
207808,16,65536,7659.01
207824,16,65536,7659.01
207840,16,65536,7659.01
207856,16,65536,7659.01
207872,16,65536,7659.01
207888,16,65536,7659.01
207904,16,65536,7659.01
207920,16,65536,7659.01
207936,16,65536,7659.01
207952,16,65536,7659.01
207968,16,65536,7659.01
207984,16,65536,7659.01
208000,16,65536,7659.01
208016,16,65536,7659.01
208032,16,65536,7659.01
208048,16,65536,7659.01
208064,16,65536,7659.01
208080,16,65536,7659.01
208096,16,65536,7659.01
208112,16,65536,7659.01
208128,16,65536,7659.01
208144,16,65536,7659.01
208160,16,65536,7659.01
208176,16,65536,7659.01
208192,16,65536,7659.01
208208,16,65536,7659.01
208224,16,65536,7659.01
208240,16,65536,7659.01
208256,16,65536,7659.01
208272,16,65536,7659.01
208288,16,65536,7659.01
208304,16,65536,7659.01
208320,16,65536,7659.01
208336,16,65536,7659.01
208352,16,65536,7659.01
208368,16,65536,7659.01
208384,16,65536,7659.01
208400,16,65536,7659.01
208416,16,65536,7659.01
208432,16,65536,7659.01
208448,16,65536,7659.01
208464,16,65536,7659.01
208480,16,65536,7659.01
208496,16,65536,7659.01
208512,16,65536,7659.01
208528,16,65536,7659.01
208544,16,65536,7659.01
208560,16,65536,7659.01
208576,16,65536,7659.01
208592,16,65536,7659.01
208608,16,65536,7659.01
208624,16,65536,7659.01
208640,16,65536,7659.01
208656,16,65536,7659.01
208672,16,65536,7659.01
208688,16,65536,7659.01
208704,16,65536,7659.01
208720,16,65536,7659.01
208736,16,65536,7659.01
208752,16,65536,7659.01
208768,16,65536,7659.01
208784,16,65536,7659.01
208800,16,65536,7659.01
208816,16,65536,7659.01
208832,16,65536,7659.01
208848,16,65536,7659.01
208864,16,65536,7659.01
208880,16,65536,7659.01
208896,16,65536,7659.01
208912,16,65536,7659.01
208928,16,65536,7659.01
208944,16,65536,7659.01
208960,16,65536,7659.01
208976,16,65536,7659.01
208992,16,65536,7659.01
209008,16,65536,7659.01
209024,16,65536,7659.01
209040,16,65536,7659.01
209056,16,65536,7659.01
209072,16,65536,7659.01
209088,16,65536,7659.01
209104,16,65536,7659.01
209120,16,65536,7659.01
209136,16,65536,7659.01
209152,16,65536,7659.01
209168,16,65536,7659.01
209184,16,65536,7659.01
209200,16,65536,7659.01
209216,16,65536,7659.01
209232,16,65536,7659.01
209248,16,65536,7659.01
209264,16,65536,7659.01
209280,16,65536,7659.01
209296,16,65536,7659.01
209312,16,65536,7659.01
209328,16,65536,7659.01
209344,16,65536,7659.01
209360,16,65536,7659.01
209376,16,65536,7659.01
209392,16,65536,7659.01
209408,16,65536,7659.01
209424,16,65536,7659.01
209440,16,65536,7659.01
209456,16,65536,7659.01
209472,16,65536,7659.01
209488,16,65536,7659.01
209504,16,65536,7659.01
209520,16,65536,7659.01
209536,16,65536,7659.01
209552,16,65536,7659.01
209568,16,65536,7659.01
209584,16,65536,7659.01
209600,16,65536,7659.01
209616,16,65536,7659.01
209632,16,65536,7659.01
209648,16,65536,7659.01
209664,16,65536,7659.01
209680,16,65536,7659.01
209696,16,65536,7659.01
209712,16,65536,7659.01
209728,16,65536,7659.01
209744,16,65536,7659.01
209760,16,65536,7659.01
209776,16,65536,7659.01
209792,16,65536,7659.01
209808,16,65536,7659.01
209824,16,65536,7659.01
209840,16,65536,7659.01
209856,16,65536,7659.01
209872,16,65536,7659.01
209888,16,65536,7659.01
209904,16,65536,7659.01
209920,16,65536,7659.01
209936,16,65536,7659.01
209952,16,65536,7659.01
209968,16,65536,7659.01
209984,16,65536,7659.01
210000,16,65536,7659.01
210016,16,65536,7659.01
210032,16,65536,7659.01
210048,16,65536,7659.01
210064,16,65536,7659.01
210080,16,65536,7659.01
210096,16,65536,7659.01
210112,16,65536,7659.01
210128,16,65536,7659.01
210144,16,65536,7659.01
210160,16,65536,7659.01
210176,16,65536,7659.01
210192,16,65536,7659.01
210208,16,65536,7659.01
210224,16,65536,7659.01
210240,16,65536,7659.01
210256,16,65536,7659.01
210272,16,65536,7659.01
210288,16,65536,7659.01
210304,16,65536,7659.01
210320,16,65536,7659.01
210336,16,65536,7659.01
210352,16,65536,7659.01
210368,16,65536,7659.01
210384,16,65536,7659.01
210400,16,65536,7659.01
210416,16,65536,7659.01
210432,16,65536,7659.01
210448,16,65536,7659.01
210464,16,65536,7659.01
210480,16,65536,7659.01
210496,16,65536,7659.01
210512,16,65536,7659.01
210528,16,65536,7659.01
210544,16,65536,7659.01
210560,16,65536,7659.01
210576,16,65536,7659.01
210592,16,65536,7659.01
210608,16,65536,7659.01
210624,16,65536,7659.01
210640,16,65536,7659.01
210656,16,65536,7659.01
210672,16,65536,7659.01
210688,16,65536,7659.01
210704,16,65536,7659.01
210720,16,65536,7659.01
210736,16,65536,7659.01
210752,16,65536,7659.01
210768,16,65536,7659.01
210784,16,65536,7659.01
210800,16,65536,7659.01
210816,16,65536,7659.01
210832,16,65536,7659.01
210848,16,65536,7659.01
210864,16,65536,7659.01
210880,16,65536,7659.01
210896,16,65536,7659.01
210912,16,65536,7659.01
210928,16,65536,7659.01
210944,16,65536,7659.01
210960,16,65536,7659.01
210976,16,65536,7659.01
210992,16,65536,7659.01
211008,16,65536,7659.01
211024,16,65536,7659.01
211040,16,65536,7659.01
211056,16,65536,7659.01
211072,16,65536,7659.01
211088,16,65536,7659.01
211104,16,65536,7659.01
211120,16,65536,7659.01
211136,16,65536,7659.01
211152,16,65536,7659.01
211168,16,65536,7659.01
211184,16,65536,7659.01
211200,16,65536,7659.01
211216,16,65536,7659.01
211232,16,65536,7659.01
211248,16,65536,7659.01
211264,16,65536,7659.01
211280,16,65536,7659.01
211296,16,65536,7659.01
211312,16,65536,7659.01
211328,16,65536,7659.01
211344,16,65536,7659.01
211360,16,65536,7659.01
211376,16,65536,7659.01
211392,16,65536,7659.01
211408,16,65536,7659.01
211424,16,65536,7659.01
211440,16,65536,7659.01
211456,16,65536,7659.01
211472,16,65536,7659.01
211488,16,65536,7659.01
211504,16,65536,7659.01
211520,16,65536,7659.01
211536,16,65536,7659.01
211552,16,65536,7659.01
211568,16,65536,7659.01
211584,16,65536,7659.01
211600,16,65536,7659.01
211616,16,65536,7659.01
211632,16,65536,7659.01
211648,16,65536,7659.01
211664,16,65536,7659.01
211680,16,65536,7659.01
211696,16,65536,7659.01
211712,16,65536,7659.01
211728,16,65536,7659.01
211744,16,65536,7659.01
211760,16,65536,7659.01
211776,16,65536,7659.01
211792,16,65536,7659.01
211808,16,65536,7659.01
211824,16,65536,7659.01
211840,16,65536,7659.01
211856,16,65536,7659.01
211872,16,65536,7659.01
211888,16,65536,7659.01
211904,16,65536,7659.01
211920,16,65536,7659.01
211936,16,65536,7659.01
211952,16,65536,7659.01
211968,16,65536,7659.01
211984,16,65536,7659.01
212000,16,65536,7659.01
212016,16,65536,7659.01
212032,16,65536,7659.01
212048,16,65536,7659.01
212064,16,65536,7659.01
212080,16,65536,7659.01
212096,16,65536,7659.01
212112,16,65536,7659.01
212128,16,65536,7659.01
212144,16,65536,7659.01
212160,16,65536,7659.01
212176,16,65536,7659.01
212192,16,65536,7659.01
212208,16,65536,7659.01
212224,16,65536,7659.01
212240,16,65536,7659.01
212256,16,65536,7659.01
212272,16,65536,7659.01
212288,16,65536,7659.01
212304,16,65536,7659.01
212320,16,65536,7659.01
212336,16,65536,7659.01
212352,16,65536,7659.01
212368,16,65536,7659.01
212384,16,65536,7659.01
212400,16,65536,7659.01
212416,16,65536,7659.01
212432,16,65536,7659.01
212448,16,65536,7659.01
212464,16,65536,7659.01
212480,16,65536,7659.01
212496,16,65536,7659.01
212512,16,65536,7659.01
212528,16,65536,7659.01
212544,16,65536,7659.01
212560,16,65536,7659.01
212576,16,65536,7659.01
212592,16,65536,7659.01
212608,16,65536,7659.01
212624,16,65536,7659.01
212640,16,65536,7659.01
212656,16,65536,7659.01
212672,16,65536,7659.01
212688,16,65536,7659.01
212704,16,65536,7659.01
212720,16,65536,7659.01
212736,16,65536,7659.01
212752,16,65536,7659.01
212768,16,65536,7659.01
212784,16,65536,7659.01
212800,16,65536,7659.01
212816,16,65536,7659.01
212832,16,65536,7659.01
212848,16,65536,7659.01
212864,16,65536,7659.01
212880,16,65536,7659.01
212896,16,65536,7659.01
212912,16,65536,7659.01
212928,16,65536,7659.01
212944,16,65536,7659.01
212960,16,65536,7659.01
212976,16,65536,7659.01
212992,16,65536,7659.01
213008,16,65536,7659.01
213024,16,65536,7659.01
213040,16,65536,7659.01
213056,16,65536,7659.01
213072,16,65536,7659.01
213088,16,65536,7659.01
213104,16,65536,7659.01
213120,16,65536,7659.01
213136,16,65536,7659.01
213152,16,65536,7659.01
213168,16,65536,7659.01
213184,16,65536,7659.01
213200,16,65536,7659.01
213216,16,65536,7659.01
213232,16,65536,7659.01
213248,16,65536,7659.01
213264,16,65536,7659.01
213280,16,65536,7659.01
213296,16,65536,7659.01
213312,16,65536,7659.01
213328,16,65536,7659.01
213344,16,65536,7659.01
213360,16,65536,7659.01
213376,16,65536,7659.01
213392,16,65536,7659.01
213408,16,65536,7659.01
213424,16,65536,7659.01
213440,16,65536,7659.01
213456,16,65536,7659.01
213472,16,65536,7659.01
213488,16,65536,7659.01
213504,16,65536,7659.01
213520,16,65536,7659.01
213536,16,65536,7659.01
213552,16,65536,7659.01
213568,16,65536,7659.01
213584,16,65536,7659.01
213600,16,65536,7659.01
213616,16,65536,7659.01
213632,16,65536,7659.01
213648,16,65536,7659.01
213664,16,65536,7659.01
213680,16,65536,7659.01
213696,16,65536,7659.01
213712,16,65536,7659.01
213728,16,65536,7659.01
213744,16,65536,7659.01
213760,16,65536,7659.01
213776,16,65536,7659.01
213792,16,65536,7659.01
213808,16,65536,7659.01
213824,16,65536,7659.01
213840,16,65536,7659.01
213856,16,65536,7659.01
213872,16,65536,7659.01
213888,16,65536,7659.01
213904,16,65536,7659.01
213920,16,65536,7659.01
213936,16,65536,7659.01
213952,16,65536,7659.01
213968,16,65536,7659.01
213984,16,65536,7659.01
214000,16,65536,7659.01
214016,16,65536,7659.01
214032,16,65536,7659.01
214048,16,65536,7659.01
214064,16,65536,7659.01
214080,16,65536,7659.01
214096,16,65536,7659.01
214112,16,65536,7659.01
214128,16,65536,7659.01
214144,16,65536,7659.01
214160,16,65536,7659.01
214176,16,65536,7659.01
214192,16,65536,7659.01
214208,16,65536,7659.01
214224,16,65536,7659.01
214240,16,65536,7659.01
214256,16,65536,7659.01
214272,16,65536,7659.01
214288,16,65536,7659.01
214304,16,65536,7659.01
214320,16,65536,7659.01
214336,16,65536,7659.01
214352,16,65536,7659.01
214368,16,65536,7659.01
214384,16,65536,7659.01
214400,16,65536,7659.01
214416,16,65536,7659.01
214432,16,65536,7659.01
214448,16,65536,7659.01
214464,16,65536,7659.01
214480,16,65536,7659.01
214496,16,65536,7659.01
214512,16,65536,7659.01
214528,16,65536,7659.01
214544,16,65536,7659.01
214560,16,65536,7659.01
214576,16,65536,7659.01
214592,16,65536,7659.01
214608,16,65536,7659.01
214624,16,65536,7659.01
214640,16,65536,7659.01
214656,16,65536,7659.01
214672,16,65536,7659.01
214688,16,65536,7659.01
214704,16,65536,7659.01
214720,16,65536,7659.01
214736,16,65536,7659.01
214752,16,65536,7659.01
214768,16,65536,7659.01
214784,16,65536,7659.01
214800,16,65536,7659.01
214816,16,65536,7659.01
214832,16,65536,7659.01
214848,16,65536,7659.01
214864,16,65536,7659.01
214880,16,65536,7659.01
214896,16,65536,7659.01
214912,16,65536,7659.01
214928,16,65536,7659.01
214944,16,65536,7659.01
214960,16,65536,7659.01
214976,16,65536,7659.01
214992,16,65536,7659.01
215008,16,65536,7659.01
215024,16,65536,7659.01
215040,16,65536,7659.01
215056,16,65536,7659.01
215072,16,65536,7659.01
215088,16,65536,7659.01
215104,16,65536,7659.01
215120,16,65536,7659.01
215136,16,65536,7659.01
215152,16,65536,7659.01
215168,16,65536,7659.01
215184,16,65536,7659.01
215200,16,65536,7659.01
215216,16,65536,7659.01
215232,16,65536,7659.01
215248,16,65536,7659.01
215264,16,65536,7659.01
215280,16,65536,7659.01
215296,16,65536,7659.01
215312,16,65536,7659.01
215328,16,65536,7659.01
215344,16,65536,7659.01
215360,16,65536,7659.01
215376,16,65536,7659.01
215392,16,65536,7659.01
215408,16,65536,7659.01
215424,16,65536,7659.01
215440,16,65536,7659.01
215456,16,65536,7659.01
215472,16,65536,7659.01
215488,16,65536,7659.01
215504,16,65536,7659.01
215520,16,65536,7659.01
215536,16,65536,7659.01
215552,16,65536,7659.01
215568,16,65536,7659.01
215584,16,65536,7659.01
215600,16,65536,7659.01
215616,16,65536,7659.01
215632,16,65536,7659.01
215648,16,65536,7659.01
215664,16,65536,7659.01
215680,16,65536,7659.01
215696,16,65536,7659.01
215712,16,65536,7659.01
215728,16,65536,7659.01
215744,16,65536,7659.01
215760,16,65536,7659.01
215776,16,65536,7659.01
215792,16,65536,7659.01
215808,16,65536,7659.01
215824,16,65536,7659.01
215840,16,65536,7659.01
215856,16,65536,7659.01
215872,16,65536,7659.01
215888,16,65536,7659.01
215904,16,65536,7659.01
215920,16,65536,7659.01
215936,16,65536,7659.01
215952,16,65536,7659.01
215968,16,65536,7659.01
215984,16,65536,7659.01
216000,16,65536,7659.01
216016,16,65536,7659.01
216032,16,65536,7659.01
216048,16,65536,7659.01
216064,16,65536,7659.01
216080,16,65536,7659.01
216096,16,65536,7659.01
216112,16,65536,7659.01
216128,16,65536,7659.01
216144,16,65536,7659.01
216160,16,65536,7659.01
216176,16,65536,7659.01
216192,16,65536,7659.01
216208,16,65536,7659.01
216224,16,65536,7659.01
216240,16,65536,7659.01
216256,16,65536,7659.01
216272,16,65536,7659.01
216288,16,65536,7659.01
216304,16,65536,7659.01
216320,16,65536,7659.01
216336,16,65536,7659.01
216352,16,65536,7659.01
216368,16,65536,7659.01
216384,16,65536,7659.01
216400,16,65536,7659.01
216416,16,65536,7659.01
216432,16,65536,7659.01
216448,16,65536,7659.01
216464,16,65536,7659.01
216480,16,65536,7659.01
216496,16,65536,7659.01
216512,16,65536,7659.01
216528,16,65536,7659.01
216544,16,65536,7659.01
216560,16,65536,7659.01
216576,16,65536,7659.01
216592,16,65536,7659.01
216608,16,65536,7659.01
216624,16,65536,7659.01
216640,16,65536,7659.01
216656,16,65536,7659.01
216672,16,65536,7659.01
216688,16,65536,7659.01
216704,16,65536,7659.01
216720,16,65536,7659.01
216736,16,65536,7659.01
216752,16,65536,7659.01
216768,16,65536,7659.01
216784,16,65536,7659.01
216800,16,65536,7659.01
216816,16,65536,7659.01
216832,16,65536,7659.01
216848,16,65536,7659.01
216864,16,65536,7659.01
216880,16,65536,7659.01
216896,16,65536,7659.01
216912,16,65536,7659.01
216928,16,65536,7659.01
216944,16,65536,7659.01
216960,16,65536,7659.01
216976,16,65536,7659.01
216992,16,65536,7659.01
217008,16,65536,7659.01
217024,16,65536,7659.01
217040,16,65536,7659.01
217056,16,65536,7659.01
217072,16,65536,7659.01
217088,16,65536,7659.01
217104,16,65536,7659.01
217120,16,65536,7659.01
217136,16,65536,7659.01
217152,16,65536,7659.01
217168,16,65536,7659.01
217184,16,65536,7659.01
217200,16,65536,7659.01
217216,16,65536,7659.01
217232,16,65536,7659.01
217248,16,65536,7659.01
217264,16,65536,7659.01
217280,16,65536,7659.01
217296,16,65536,7659.01
217312,16,65536,7659.01
217328,16,65536,7659.01
217344,16,65536,7659.01
217360,16,65536,7659.01
217376,16,65536,7659.01
217392,16,65536,7659.01
217408,16,65536,7659.01
217424,16,65536,7659.01
217440,16,65536,7659.01
217456,16,65536,7659.01
217472,16,65536,7659.01
217488,16,65536,7659.01
217504,16,65536,7659.01
217520,16,65536,7659.01
217536,16,65536,7659.01
217552,16,65536,7659.01
217568,16,65536,7659.01
217584,16,65536,7659.01
217600,16,65536,7659.01
217616,16,65536,7659.01
217632,16,65536,7659.01
217648,16,65536,7659.01
217664,16,65536,7659.01
217680,16,65536,7659.01
217696,16,65536,7659.01
217712,16,65536,7659.01
217728,16,65536,7659.01
217744,16,65536,7659.01
217760,16,65536,7659.01
217776,16,65536,7659.01
217792,16,65536,7659.01
217808,16,65536,7659.01
217824,16,65536,7659.01
217840,16,65536,7659.01
217856,16,65536,7659.01
217872,16,65536,7659.01
217888,16,65536,7659.01
217904,16,65536,7659.01
217920,16,65536,7659.01
217936,16,65536,7659.01
217952,16,65536,7659.01
217968,16,65536,7659.01
217984,16,65536,7659.01
218000,16,65536,7659.01
218016,16,65536,7659.01
218032,16,65536,7659.01
218048,16,65536,7659.01
218064,16,65536,7659.01
218080,16,65536,7659.01
218096,16,65536,7659.01
218112,16,65536,7659.01
218128,16,65536,7659.01
218144,16,65536,7659.01
218160,16,65536,7659.01
218176,16,65536,7659.01
218192,16,65536,7659.01
218208,16,65536,7659.01
218224,16,65536,7659.01
218240,16,65536,7659.01
218256,16,65536,7659.01
218272,16,65536,7659.01
218288,16,65536,7659.01
218304,16,65536,7659.01
218320,16,65536,7659.01
218336,16,65536,7659.01
218352,16,65536,7659.01
218368,16,65536,7659.01
218384,16,65536,7659.01
218400,16,65536,7659.01
218416,16,65536,7659.01
218432,16,65536,7659.01
218448,16,65536,7659.01
218464,16,65536,7659.01
218480,16,65536,7659.01
218496,16,65536,7659.01
218512,16,65536,7659.01
218528,16,65536,7659.01
218544,16,65536,7659.01
218560,16,65536,7659.01
218576,16,65536,7659.01
218592,16,65536,7659.01
218608,16,65536,7659.01
218624,16,65536,7659.01
218640,16,65536,7659.01
218656,16,65536,7659.01
218672,16,65536,7659.01
218688,16,65536,7659.01
218704,16,65536,7659.01
218720,16,65536,7659.01
218736,16,65536,7659.01
218752,16,65536,7659.01
218768,16,65536,7659.01
218784,16,65536,7659.01
218800,16,65536,7659.01
218816,16,65536,7659.01
218832,16,65536,7659.01
218848,16,65536,7659.01
218864,16,65536,7659.01
218880,16,65536,7659.01
218896,16,65536,7659.01
218912,16,65536,7659.01
218928,16,65536,7659.01
218944,16,65536,7659.01
218960,16,65536,7659.01
218976,16,65536,7659.01
218992,16,65536,7659.01
219008,16,65536,7659.01
219024,16,65536,7659.01
219040,16,65536,7659.01
219056,16,65536,7659.01
219072,16,65536,7659.01
219088,16,65536,7659.01
219104,16,65536,7659.01
219120,16,65536,7659.01
219136,16,65536,7659.01
219152,16,65536,7659.01
219168,16,65536,7659.01
219184,16,65536,7659.01
219200,16,65536,7659.01
219216,16,65536,7659.01
219232,16,65536,7659.01
219248,16,65536,7659.01
219264,16,65536,7659.01
219280,16,65536,7659.01
219296,16,65536,7659.01
219312,16,65536,7659.01
219328,16,65536,7659.01
219344,16,65536,7659.01
219360,16,65536,7659.01
219376,16,65536,7659.01
219392,16,65536,7659.01
219408,16,65536,7659.01
219424,16,65536,7659.01
219440,16,65536,7659.01
219456,16,65536,7659.01
219472,16,65536,7659.01
219488,16,65536,7659.01
219504,16,65536,7659.01
219520,16,65536,7659.01
219536,16,65536,7659.01
219552,16,65536,7659.01
219568,16,65536,7659.01
219584,16,65536,7659.01
219600,16,65536,7659.01
219616,16,65536,7659.01
219632,16,65536,7659.01
219648,16,65536,7659.01
219664,16,65536,7659.01
219680,16,65536,7659.01
219696,16,65536,7659.01
219712,16,65536,7659.01
219728,16,65536,7659.01
219744,16,65536,7659.01
219760,16,65536,7659.01
219776,16,65536,7659.01
219792,16,65536,7659.01
219808,16,65536,7659.01
219824,16,65536,7659.01
219840,16,65536,7659.01
219856,16,65536,7659.01
219872,16,65536,7659.01
219888,16,65536,7659.01
219904,16,65536,7659.01
219920,16,65536,7659.01
219936,16,65536,7659.01
219952,16,65536,7659.01
219968,16,65536,7659.01
219984,16,65536,7659.01
220000,16,65536,7659.01
220016,16,65536,7659.01
220032,16,65536,7659.01
220048,16,65536,7659.01
220064,16,65536,7659.01
220080,16,65536,7659.01
220096,16,65536,7659.01
220112,16,65536,7659.01
220128,16,65536,7659.01
220144,16,65536,7659.01
220160,16,65536,7659.01
220176,16,65536,7659.01
220192,16,65536,7659.01
220208,16,65536,7659.01
220224,16,65536,7659.01
220240,16,65536,7659.01
220256,16,65536,7659.01
220272,16,65536,7659.01
220288,16,65536,7659.01
220304,16,65536,7659.01
220320,16,65536,7659.01
220336,16,65536,7659.01
220352,16,65536,7659.01
220368,16,65536,7659.01
220384,16,65536,7659.01
220400,16,65536,7659.01
220416,16,65536,7659.01
220432,16,65536,7659.01
220448,16,65536,7659.01
220464,16,65536,7659.01
220480,16,65536,7659.01
220496,16,65536,7659.01
220512,16,65536,7659.01
220528,16,65536,7659.01
220544,16,65536,7659.01
220560,16,65536,7659.01
220576,16,65536,7659.01
220592,16,65536,7659.01
220608,16,65536,7659.01
220624,16,65536,7659.01
220640,16,65536,7659.01
220656,16,65536,7659.01
220672,16,65536,7659.01
220688,16,65536,7659.01
220704,16,65536,7659.01
220720,16,65536,7659.01
220736,16,65536,7659.01
220752,16,65536,7659.01
220768,16,65536,7659.01
220784,16,65536,7659.01
220800,16,65536,7659.01
220816,16,65536,7659.01
220832,16,65536,7659.01
220848,16,65536,7659.01
220864,16,65536,7659.01
220880,16,65536,7659.01
220896,16,65536,7659.01
220912,16,65536,7659.01
220928,16,65536,7659.01
220944,16,65536,7659.01
220960,16,65536,7659.01
220976,16,65536,7659.01
220992,16,65536,7659.01
221008,16,65536,7659.01
221024,16,65536,7659.01
221040,16,65536,7659.01
221056,16,65536,7659.01
221072,16,65536,7659.01
221088,16,65536,7659.01
221104,16,65536,7659.01
221120,16,65536,7659.01
221136,16,65536,7659.01
221152,16,65536,7659.01
221168,16,65536,7659.01
221184,16,65536,7659.01
221200,16,65536,7659.01
221216,16,65536,7659.01
221232,16,65536,7659.01
221248,16,65536,7659.01
221264,16,65536,7659.01
221280,16,65536,7659.01
221296,16,65536,7659.01
221312,16,65536,7659.01
221328,16,65536,7659.01
221344,16,65536,7659.01
221360,16,65536,7659.01
221376,16,65536,7659.01
221392,16,65536,7659.01
221408,16,65536,7659.01
221424,16,65536,7659.01
221440,16,65536,7659.01
221456,16,65536,7659.01
221472,16,65536,7659.01
221488,16,65536,7659.01
221504,16,65536,7659.01
221520,16,65536,7659.01
221536,16,65536,7659.01
221552,16,65536,7659.01
221568,16,65536,7659.01
221584,16,65536,7659.01
221600,16,65536,7659.01
221616,16,65536,7659.01
221632,16,65536,7659.01
221648,16,65536,7659.01
221664,16,65536,7659.01
221680,16,65536,7659.01
221696,16,65536,7659.01
221712,16,65536,7659.01
221728,16,65536,7659.01
221744,16,65536,7659.01
221760,16,65536,7659.01
221776,16,65536,7659.01
221792,16,65536,7659.01
221808,16,65536,7659.01
221824,16,65536,7659.01
221840,16,65536,7659.01
221856,16,65536,7659.01
221872,16,65536,7659.01
221888,16,65536,7659.01
221904,16,65536,7659.01
221920,16,65536,7659.01
221936,16,65536,7659.01
221952,16,65536,7659.01
221968,16,65536,7659.01
221984,16,65536,7659.01
222000,16,65536,7659.01
222016,16,65536,7659.01
222032,16,65536,7659.01
222048,16,65536,7659.01
222064,16,65536,7659.01
222080,16,65536,7659.01
222096,16,65536,7659.01
222112,16,65536,7659.01
222128,16,65536,7659.01
222144,16,65536,7659.01
222160,16,65536,7659.01
222176,16,65536,7659.01
222192,16,65536,7659.01
222208,16,65536,7659.01
222224,16,65536,7659.01
222240,16,65536,7659.01
222256,16,65536,7659.01
222272,16,65536,7659.01
222288,16,65536,7659.01
222304,16,65536,7659.01
222320,16,65536,7659.01
222336,16,65536,7659.01
222352,16,65536,7659.01
222368,16,65536,7659.01
222384,16,65536,7659.01
222400,16,65536,7659.01
222416,16,65536,7659.01
222432,16,65536,7659.01
222448,16,65536,7659.01
222464,16,65536,7659.01
222480,16,65536,7659.01
222496,16,65536,7659.01
222512,16,65536,7659.01
222528,16,65536,7659.01
222544,16,65536,7659.01
222560,16,65536,7659.01
222576,16,65536,7659.01
222592,16,65536,7659.01
222608,16,65536,7659.01
222624,16,65536,7659.01
222640,16,65536,7659.01
222656,16,65536,7659.01
222672,16,65536,7659.01
222688,16,65536,7659.01
222704,16,65536,7659.01
222720,16,65536,7659.01
222736,16,65536,7659.01
222752,16,65536,7659.01
222768,16,65536,7659.01
222784,16,65536,7659.01
222800,16,65536,7659.01
222816,16,65536,7659.01
222832,16,65536,7659.01
222848,16,65536,7659.01
222864,16,65536,7659.01
222880,16,65536,7659.01
222896,16,65536,7659.01
222912,16,65536,7659.01
222928,16,65536,7659.01
222944,16,65536,7659.01
222960,16,65536,7659.01
222976,16,65536,7659.01
222992,16,65536,7659.01
223008,16,65536,7659.01
223024,16,65536,7659.01
223040,16,65536,7659.01
223056,16,65536,7659.01
223072,16,65536,7659.01
223088,16,65536,7659.01
223104,16,65536,7659.01
223120,16,65536,7659.01
223136,16,65536,7659.01
223152,16,65536,7659.01
223168,16,65536,7659.01
223184,16,65536,7659.01
223200,16,65536,7659.01
223216,16,65536,7659.01
223232,16,65536,7659.01
223248,16,65536,7659.01
223264,16,65536,7659.01
223280,16,65536,7659.01
223296,16,65536,7659.01
223312,16,65536,7659.01
223328,16,65536,7659.01
223344,16,65536,7659.01
223360,16,65536,7659.01
223376,16,65536,7659.01
223392,16,65536,7659.01
223408,16,65536,7659.01
223424,16,65536,7659.01
223440,16,65536,7659.01
223456,16,65536,7659.01
223472,16,65536,7659.01
223488,16,65536,7659.01
223504,16,65536,7659.01
223520,16,65536,7659.01
223536,16,65536,7659.01
223552,16,65536,7659.01
223568,16,65536,7659.01
223584,16,65536,7659.01
223600,16,65536,7659.01
223616,16,65536,7659.01
223632,16,65536,7659.01
223648,16,65536,7659.01
223664,16,65536,7659.01
223680,16,65536,7659.01
223696,16,65536,7659.01
223712,16,65536,7659.01
223728,16,65536,7659.01
223744,16,65536,7659.01
223760,16,65536,7659.01
223776,16,65536,7659.01
223792,16,65536,7659.01
223808,16,65536,7659.01
223824,16,65536,7659.01
223840,16,65536,7659.01
223856,16,65536,7659.01
223872,16,65536,7659.01
223888,16,65536,7659.01
223904,16,65536,7659.01
223920,16,65536,7659.01
223936,16,65536,7659.01
223952,16,65536,7659.01
223968,16,65536,7659.01
223984,16,65536,7659.01
224000,16,65536,7659.01
224016,16,65536,7659.01
224032,16,65536,7659.01
224048,16,65536,7659.01
224064,16,65536,7659.01
224080,16,65536,7659.01
224096,16,65536,7659.01
224112,16,65536,7659.01
224128,16,65536,7659.01
224144,16,65536,7659.01
224160,16,65536,7659.01
224176,16,65536,7659.01
224192,16,65536,7659.01
224208,16,65536,7659.01
224224,16,65536,7659.01
224240,16,65536,7659.01
224256,16,65536,7659.01
224272,16,65536,7659.01
224288,16,65536,7659.01
224304,16,65536,7659.01
224320,16,65536,7659.01
224336,16,65536,7659.01
224352,16,65536,7659.01
224368,16,65536,7659.01
224384,16,65536,7659.01
224400,16,65536,7659.01
224416,16,65536,7659.01
224432,16,65536,7659.01
224448,16,65536,7659.01
224464,16,65536,7659.01
224480,16,65536,7659.01
224496,16,65536,7659.01
224512,16,65536,7659.01
224528,16,65536,7659.01
224544,16,65536,7659.01
224560,16,65536,7659.01
224576,16,65536,7659.01
224592,16,65536,7659.01
224608,16,65536,7659.01
224624,16,65536,7659.01
224640,16,65536,7659.01
224656,16,65536,7659.01
224672,16,65536,7659.01
224688,16,65536,7659.01
224704,16,65536,7659.01
224720,16,65536,7659.01
224736,16,65536,7659.01
224752,16,65536,7659.01
224768,16,65536,7659.01
224784,16,65536,7659.01
224800,16,65536,7659.01
224816,16,65536,7659.01
224832,16,65536,7659.01
224848,16,65536,7659.01
224864,16,65536,7659.01
224880,16,65536,7659.01
224896,16,65536,7659.01
224912,16,65536,7659.01
224928,16,65536,7659.01
224944,16,65536,7659.01
224960,16,65536,7659.01
224976,16,65536,7659.01
224992,16,65536,7659.01
225008,16,65536,7659.01
225024,16,65536,7659.01
225040,16,65536,7659.01
225056,16,65536,7659.01
225072,16,65536,7659.01
225088,16,65536,7659.01
225104,16,65536,7659.01
225120,16,65536,7659.01
225136,16,65536,7659.01
225152,16,65536,7659.01
225168,16,65536,7659.01
225184,16,65536,7659.01
225200,16,65536,7659.01
225216,16,65536,7659.01
225232,16,65536,7659.01
225248,16,65536,7659.01
225264,16,65536,7659.01
225280,16,65536,7659.01
225296,16,65536,7659.01
225312,16,65536,7659.01
225328,16,65536,7659.01
225344,16,65536,7659.01
225360,16,65536,7659.01
225376,16,65536,7659.01
225392,16,65536,7659.01
225408,16,65536,7659.01
225424,16,65536,7659.01
225440,16,65536,7659.01
225456,16,65536,7659.01
225472,16,65536,7659.01
225488,16,65536,7659.01
225504,16,65536,7659.01
225520,16,65536,7659.01
225536,16,65536,7659.01
225552,16,65536,7659.01
225568,16,65536,7659.01
225584,16,65536,7659.01
225600,16,65536,7659.01
225616,16,65536,7659.01
225632,16,65536,7659.01
225648,16,65536,7659.01
225664,16,65536,7659.01
225680,16,65536,7659.01
225696,16,65536,7659.01
225712,16,65536,7659.01
225728,16,65536,7659.01
225744,16,65536,7659.01
225760,16,65536,7659.01
225776,16,65536,7659.01
225792,16,65536,7659.01
225808,16,65536,7659.01
225824,16,65536,7659.01
225840,16,65536,7659.01
225856,16,65536,7659.01
225872,16,65536,7659.01
225888,16,65536,7659.01
225904,16,65536,7659.01
225920,16,65536,7659.01
225936,16,65536,7659.01
225952,16,65536,7659.01
225968,16,65536,7659.01
225984,16,65536,7659.01
226000,16,65536,7659.01
226016,16,65536,7659.01
226032,16,65536,7659.01
226048,16,65536,7659.01
226064,16,65536,7659.01
226080,16,65536,7659.01
226096,16,65536,7659.01
226112,16,65536,7659.01
226128,16,65536,7659.01
226144,16,65536,7659.01
226160,16,65536,7659.01
226176,16,65536,7659.01
226192,16,65536,7659.01
226208,16,65536,7659.01
226224,16,65536,7659.01
226240,16,65536,7659.01
226256,16,65536,7659.01
226272,16,65536,7659.01
226288,16,65536,7659.01
226304,16,65536,7659.01
226320,16,65536,7659.01
226336,16,65536,7659.01
226352,16,65536,7659.01
226368,16,65536,7659.01
226384,16,65536,7659.01
226400,16,65536,7659.01
226416,16,65536,7659.01
226432,16,65536,7659.01
226448,16,65536,7659.01
226464,16,65536,7659.01
226480,16,65536,7659.01
226496,16,65536,7659.01
226512,16,65536,7659.01
226528,16,65536,7659.01
226544,16,65536,7659.01
226560,16,65536,7659.01
226576,16,65536,7659.01
226592,16,65536,7659.01
226608,16,65536,7659.01
226624,16,65536,7659.01
226640,16,65536,7659.01
226656,16,65536,7659.01
226672,16,65536,7659.01
226688,16,65536,7659.01
226704,16,65536,7659.01
226720,16,65536,7659.01
226736,16,65536,7659.01
226752,16,65536,7659.01
226768,16,65536,7659.01
226784,16,65536,7659.01
226800,16,65536,7659.01
226816,16,65536,7659.01
226832,16,65536,7659.01
226848,16,65536,7659.01
226864,16,65536,7659.01
226880,16,65536,7659.01
226896,16,65536,7659.01
226912,16,65536,7659.01
226928,16,65536,7659.01
226944,16,65536,7659.01
226960,16,65536,7659.01
226976,16,65536,7659.01
226992,16,65536,7659.01
227008,16,65536,7659.01
227024,16,65536,7659.01
227040,16,65536,7659.01
227056,16,65536,7659.01
227072,16,65536,7659.01
227088,16,65536,7659.01
227104,16,65536,7659.01
227120,16,65536,7659.01
227136,16,65536,7659.01
227152,16,65536,7659.01
227168,16,65536,7659.01
227184,16,65536,7659.01
227200,16,65536,7659.01
227216,16,65536,7659.01
227232,16,65536,7659.01
227248,16,65536,7659.01
227264,16,65536,7659.01
227280,16,65536,7659.01
227296,16,65536,7659.01
227312,16,65536,7659.01
227328,16,65536,7659.01
227344,16,65536,7659.01
227360,16,65536,7659.01
227376,16,65536,7659.01
227392,16,65536,7659.01
227408,16,65536,7659.01
227424,16,65536,7659.01
227440,16,65536,7659.01
227456,16,65536,7659.01
227472,16,65536,7659.01
227488,16,65536,7659.01
227504,16,65536,7659.01
227520,16,65536,7659.01
227536,16,65536,7659.01
227552,16,65536,7659.01
227568,16,65536,7659.01
227584,16,65536,7659.01
227600,16,65536,7659.01
227616,16,65536,7659.01
227632,16,65536,7659.01
227648,16,65536,7659.01
227664,16,65536,7659.01
227680,16,65536,7659.01
227696,16,65536,7659.01
227712,16,65536,7659.01
227728,16,65536,7659.01
227744,16,65536,7659.01
227760,16,65536,7659.01
227776,16,65536,7659.01
227792,16,65536,7659.01
227808,16,65536,7659.01
227824,16,65536,7659.01
227840,16,65536,7659.01
227856,16,65536,7659.01
227872,16,65536,7659.01
227888,16,65536,7659.01
227904,16,65536,7659.01
227920,16,65536,7659.01
227936,16,65536,7659.01
227952,16,65536,7659.01
227968,16,65536,7659.01
227984,16,65536,7659.01
228000,16,65536,7659.01
228016,16,65536,7659.01
228032,16,65536,7659.01
228048,16,65536,7659.01
228064,16,65536,7659.01
228080,16,65536,7659.01
228096,16,65536,7659.01
228112,16,65536,7659.01
228128,16,65536,7659.01
228144,16,65536,7659.01
228160,16,65536,7659.01
228176,16,65536,7659.01
228192,16,65536,7659.01
228208,16,65536,7659.01
228224,16,65536,7659.01
228240,16,65536,7659.01
228256,16,65536,7659.01
228272,16,65536,7659.01
228288,16,65536,7659.01
228304,16,65536,7659.01
228320,16,65536,7659.01
228336,16,65536,7659.01
228352,16,65536,7659.01
228368,16,65536,7659.01
228384,16,65536,7659.01
228400,16,65536,7659.01
228416,16,65536,7659.01
228432,16,65536,7659.01
228448,16,65536,7659.01
228464,16,65536,7659.01
228480,16,65536,7659.01
228496,16,65536,7659.01
228512,16,65536,7659.01
228528,16,65536,7659.01
228544,16,65536,7659.01
228560,16,65536,7659.01
228576,16,65536,7659.01
228592,16,65536,7659.01
228608,16,65536,7659.01
228624,16,65536,7659.01
228640,16,65536,7659.01
228656,16,65536,7659.01
228672,16,65536,7659.01
228688,16,65536,7659.01
228704,16,65536,7659.01
228720,16,65536,7659.01
228736,16,65536,7659.01
228752,16,65536,7659.01
228768,16,65536,7659.01
228784,16,65536,7659.01
228800,16,65536,7659.01
228816,16,65536,7659.01
228832,16,65536,7659.01
228848,16,65536,7659.01
228864,16,65536,7659.01
228880,16,65536,7659.01
228896,16,65536,7659.01
228912,16,65536,7659.01
228928,16,65536,7659.01
228944,16,65536,7659.01
228960,16,65536,7659.01
228976,16,65536,7659.01
228992,16,65536,7659.01
229008,16,65536,7659.01
229024,16,65536,7659.01
229040,16,65536,7659.01
229056,16,65536,7659.01
229072,16,65536,7659.01
229088,16,65536,7659.01
229104,16,65536,7659.01
229120,16,65536,7659.01
229136,16,65536,7659.01
229152,16,65536,7659.01
229168,16,65536,7659.01
229184,16,65536,7659.01
229200,16,65536,7659.01
229216,16,65536,7659.01
229232,16,65536,7659.01
229248,16,65536,7659.01
229264,16,65536,7659.01
229280,16,65536,7659.01
229296,16,65536,7659.01
229312,16,65536,7659.01
229328,16,65536,7659.01
229344,16,65536,7659.01
229360,16,65536,7659.01
229376,16,65536,7659.01
229392,16,65536,7659.01
229408,16,65536,7659.01
229424,16,65536,7659.01
229440,16,65536,7659.01
229456,16,65536,7659.01
229472,16,65536,7659.01
229488,16,65536,7659.01
229504,16,65536,7659.01
229520,16,65536,7659.01
229536,16,65536,7659.01
229552,16,65536,7659.01
229568,16,65536,7659.01
229584,16,65536,7659.01
229600,16,65536,7659.01
229616,16,65536,7659.01
229632,16,65536,7659.01
229648,16,65536,7659.01
229664,16,65536,7659.01
229680,16,65536,7659.01
229696,16,65536,7659.01
229712,16,65536,7659.01
229728,16,65536,7659.01
229744,16,65536,7659.01
229760,16,65536,7659.01
229776,16,65536,7659.01
229792,16,65536,7659.01
229808,16,65536,7659.01
229824,16,65536,7659.01
229840,16,65536,7659.01
229856,16,65536,7659.01
229872,16,65536,7659.01
229888,16,65536,7659.01
229904,16,65536,7659.01
229920,16,65536,7659.01
229936,16,65536,7659.01
229952,16,65536,7659.01
229968,16,65536,7659.01
229984,16,65536,7659.01
230000,16,65536,7659.01
230016,16,65536,7659.01
230032,16,65536,7659.01
230048,16,65536,7659.01
230064,16,65536,7659.01
230080,16,65536,7659.01
230096,16,65536,7659.01
230112,16,65536,7659.01
230128,16,65536,7659.01
230144,16,65536,7659.01
230160,16,65536,7659.01
230176,16,65536,7659.01
230192,16,65536,7659.01
230208,16,65536,7659.01
230224,16,65536,7659.01
230240,16,65536,7659.01
230256,16,65536,7659.01
230272,16,65536,7659.01
230288,16,65536,7659.01
230304,16,65536,7659.01
230320,16,65536,7659.01
230336,16,65536,7659.01
230352,16,65536,7659.01
230368,16,65536,7659.01
230384,16,65536,7659.01
230400,16,65536,7659.01
230416,16,65536,7659.01
230432,16,65536,7659.01
230448,16,65536,7659.01
230464,16,65536,7659.01
230480,16,65536,7659.01
230496,16,65536,7659.01
230512,16,65536,7659.01
230528,16,65536,7659.01
230544,16,65536,7659.01
230560,16,65536,7659.01
230576,16,65536,7659.01
230592,16,65536,7659.01
230608,16,65536,7659.01
230624,16,65536,7659.01
230640,16,65536,7659.01
230656,16,65536,7659.01
230672,16,65536,7659.01
230688,16,65536,7659.01
230704,16,65536,7659.01
230720,16,65536,7659.01
230736,16,65536,7659.01
230752,16,65536,7659.01
230768,16,65536,7659.01
230784,16,65536,7659.01
230800,16,65536,7659.01
230816,16,65536,7659.01
230832,16,65536,7659.01
230848,16,65536,7659.01
230864,16,65536,7659.01
230880,16,65536,7659.01
230896,16,65536,7659.01
230912,16,65536,7659.01
230928,16,65536,7659.01
230944,16,65536,7659.01
230960,16,65536,7659.01
230976,16,65536,7659.01
230992,16,65536,7659.01
231008,16,65536,7659.01
231024,16,65536,7659.01
231040,16,65536,7659.01
231056,16,65536,7659.01
231072,16,65536,7659.01
231088,16,65536,7659.01
231104,16,65536,7659.01
231120,16,65536,7659.01
231136,16,65536,7659.01
231152,16,65536,7659.01
231168,16,65536,7659.01
231184,16,65536,7659.01
231200,16,65536,7659.01
231216,16,65536,7659.01
231232,16,65536,7659.01
231248,16,65536,7659.01
231264,16,65536,7659.01
231280,16,65536,7659.01
231296,16,65536,7659.01
231312,16,65536,7659.01
231328,16,65536,7659.01
231344,16,65536,7659.01
231360,16,65536,7659.01
231376,16,65536,7659.01
231392,16,65536,7659.01
231408,16,65536,7659.01
231424,16,65536,7659.01
231440,16,65536,7659.01
231456,16,65536,7659.01
231472,16,65536,7659.01
231488,16,65536,7659.01
231504,16,65536,7659.01
231520,16,65536,7659.01
231536,16,65536,7659.01
231552,16,65536,7659.01
231568,16,65536,7659.01
231584,16,65536,7659.01
231600,16,65536,7659.01
231616,16,65536,7659.01
231632,16,65536,7659.01
231648,16,65536,7659.01
231664,16,65536,7659.01
231680,16,65536,7659.01
231696,16,65536,7659.01
231712,16,65536,7659.01
231728,16,65536,7659.01
231744,16,65536,7659.01
231760,16,65536,7659.01
231776,16,65536,7659.01
231792,16,65536,7659.01
231808,16,65536,7659.01
231824,16,65536,7659.01
231840,16,65536,7659.01
231856,16,65536,7659.01
231872,16,65536,7659.01
231888,16,65536,7659.01
231904,16,65536,7659.01
231920,16,65536,7659.01
231936,16,65536,7659.01
231952,16,65536,7659.01
231968,16,65536,7659.01
231984,16,65536,7659.01
232000,16,65536,7659.01
232016,16,65536,7659.01
232032,16,65536,7659.01
232048,16,65536,7659.01
232064,16,65536,7659.01
232080,16,65536,7659.01
232096,16,65536,7659.01
232112,16,65536,7659.01
232128,16,65536,7659.01
232144,16,65536,7659.01
232160,16,65536,7659.01
232176,16,65536,7659.01
232192,16,65536,7659.01
232208,16,65536,7659.01
232224,16,65536,7659.01
232240,16,65536,7659.01
232256,16,65536,7659.01
232272,16,65536,7659.01
232288,16,65536,7659.01
232304,16,65536,7659.01
232320,16,65536,7659.01
232336,16,65536,7659.01
232352,16,65536,7659.01
232368,16,65536,7659.01
232384,16,65536,7659.01
232400,16,65536,7659.01
232416,16,65536,7659.01
232432,16,65536,7659.01
232448,16,65536,7659.01
232464,16,65536,7659.01
232480,16,65536,7659.01
232496,16,65536,7659.01
232512,16,65536,7659.01
232528,16,65536,7659.01
232544,16,65536,7659.01
232560,16,65536,7659.01
232576,16,65536,7659.01
232592,16,65536,7659.01
232608,16,65536,7659.01
232624,16,65536,7659.01
232640,16,65536,7659.01
232656,16,65536,7659.01
232672,16,65536,7659.01
232688,16,65536,7659.01
232704,16,65536,7659.01
232720,16,65536,7659.01
232736,16,65536,7659.01
232752,16,65536,7659.01
232768,16,65536,7659.01
232784,16,65536,7659.01
232800,16,65536,7659.01
232816,16,65536,7659.01
232832,16,65536,7659.01
232848,16,65536,7659.01
232864,16,65536,7659.01
232880,16,65536,7659.01
232896,16,65536,7659.01
232912,16,65536,7659.01
232928,16,65536,7659.01
232944,16,65536,7659.01
232960,16,65536,7659.01
232976,16,65536,7659.01
232992,16,65536,7659.01
233008,16,65536,7659.01
233024,16,65536,7659.01
233040,16,65536,7659.01
233056,16,65536,7659.01
233072,16,65536,7659.01
233088,16,65536,7659.01
233104,16,65536,7659.01
233120,16,65536,7659.01
233136,16,65536,7659.01
233152,16,65536,7659.01
233168,16,65536,7659.01
233184,16,65536,7659.01
233200,16,65536,7659.01
233216,16,65536,7659.01
233232,16,65536,7659.01
233248,16,65536,7659.01
233264,16,65536,7659.01
233280,16,65536,7659.01
233296,16,65536,7659.01
233312,16,65536,7659.01
233328,16,65536,7659.01
233344,16,65536,7659.01
233360,16,65536,7659.01
233376,16,65536,7659.01
233392,16,65536,7659.01
233408,16,65536,7659.01
233424,16,65536,7659.01
233440,16,65536,7659.01
233456,16,65536,7659.01
233472,16,65536,7659.01
233488,16,65536,7659.01
233504,16,65536,7659.01
233520,16,65536,7659.01
233536,16,65536,7659.01
233552,16,65536,7659.01
233568,16,65536,7659.01
233584,16,65536,7659.01
233600,16,65536,7659.01
233616,16,65536,7659.01
233632,16,65536,7659.01
233648,16,65536,7659.01
233664,16,65536,7659.01
233680,16,65536,7659.01
233696,16,65536,7659.01
233712,16,65536,7659.01
233728,16,65536,7659.01
233744,16,65536,7659.01
233760,16,65536,7659.01
233776,16,65536,7659.01
233792,16,65536,7659.01
233808,16,65536,7659.01
233824,16,65536,7659.01
233840,16,65536,7659.01
233856,16,65536,7659.01
233872,16,65536,7659.01
233888,16,65536,7659.01
233904,16,65536,7659.01
233920,16,65536,7659.01
233936,16,65536,7659.01
233952,16,65536,7659.01
233968,16,65536,7659.01
233984,16,65536,7659.01
234000,16,65536,7659.01
234016,16,65536,7659.01
234032,16,65536,7659.01
234048,16,65536,7659.01
234064,16,65536,7659.01
234080,16,65536,7659.01
234096,16,65536,7659.01
234112,16,65536,7659.01
234128,16,65536,7659.01
234144,16,65536,7659.01
234160,16,65536,7659.01
234176,16,65536,7659.01
234192,16,65536,7659.01
234208,16,65536,7659.01
234224,16,65536,7659.01
234240,16,65536,7659.01
234256,16,65536,7659.01
234272,16,65536,7659.01
234288,16,65536,7659.01
234304,16,65536,7659.01
234320,16,65536,7659.01
234336,16,65536,7659.01
234352,16,65536,7659.01
234368,16,65536,7659.01
234384,16,65536,7659.01
234400,16,65536,7659.01
234416,16,65536,7659.01
234432,16,65536,7659.01
234448,16,65536,7659.01
234464,16,65536,7659.01
234480,16,65536,7659.01
234496,16,65536,7659.01
234512,16,65536,7659.01
234528,16,65536,7659.01
234544,16,65536,7659.01
234560,16,65536,7659.01
234576,16,65536,7659.01
234592,16,65536,7659.01
234608,16,65536,7659.01
234624,16,65536,7659.01
234640,16,65536,7659.01
234656,16,65536,7659.01
234672,16,65536,7659.01
234688,16,65536,7659.01
234704,16,65536,7659.01
234720,16,65536,7659.01
234736,16,65536,7659.01
234752,16,65536,7659.01
234768,16,65536,7659.01
234784,16,65536,7659.01
234800,16,65536,7659.01
234816,16,65536,7659.01
234832,16,65536,7659.01
234848,16,65536,7659.01
234864,16,65536,7659.01
234880,16,65536,7659.01
234896,16,65536,7659.01
234912,16,65536,7659.01
234928,16,65536,7659.01
234944,16,65536,7659.01
234960,16,65536,7659.01
234976,16,65536,7659.01
234992,16,65536,7659.01
235008,16,65536,7659.01
235024,16,65536,7659.01
235040,16,65536,7659.01
235056,16,65536,7659.01
235072,16,65536,7659.01
235088,16,65536,7659.01
235104,16,65536,7659.01
235120,16,65536,7659.01
235136,16,65536,7659.01
235152,16,65536,7659.01
235168,16,65536,7659.01
235184,16,65536,7659.01
235200,16,65536,7659.01
235216,16,65536,7659.01
235232,16,65536,7659.01
235248,16,65536,7659.01
235264,16,65536,7659.01
235280,16,65536,7659.01
235296,16,65536,7659.01
235312,16,65536,7659.01
235328,16,65536,7659.01
235344,16,65536,7659.01
235360,16,65536,7659.01
235376,16,65536,7659.01
235392,16,65536,7659.01
235408,16,65536,7659.01
235424,16,65536,7659.01
235440,16,65536,7659.01
235456,16,65536,7659.01
235472,16,65536,7659.01
235488,16,65536,7659.01
235504,16,65536,7659.01
235520,16,65536,7659.01
235536,16,65536,7659.01
235552,16,65536,7659.01
235568,16,65536,7659.01
235584,16,65536,7659.01
235600,16,65536,7659.01
235616,16,65536,7659.01
235632,16,65536,7659.01
235648,16,65536,7659.01
235664,16,65536,7659.01
235680,16,65536,7659.01
235696,16,65536,7659.01
235712,16,65536,7659.01
235728,16,65536,7659.01
235744,16,65536,7659.01
235760,16,65536,7659.01
235776,16,65536,7659.01
235792,16,65536,7659.01
235808,16,65536,7659.01
235824,16,65536,7659.01
235840,16,65536,7659.01
235856,16,65536,7659.01
235872,16,65536,7659.01
235888,16,65536,7659.01
235904,16,65536,7659.01
235920,16,65536,7659.01
235936,16,65536,7659.01
235952,16,65536,7659.01
235968,16,65536,7659.01
235984,16,65536,7659.01
236000,16,65536,7659.01
236016,16,65536,7659.01
236032,16,65536,7659.01
236048,16,65536,7659.01
236064,16,65536,7659.01
236080,16,65536,7659.01
236096,16,65536,7659.01
236112,16,65536,7659.01
236128,16,65536,7659.01
236144,16,65536,7659.01
236160,16,65536,7659.01
236176,16,65536,7659.01
236192,16,65536,7659.01
236208,16,65536,7659.01
236224,16,65536,7659.01
236240,16,65536,7659.01
236256,16,65536,7659.01
236272,16,65536,7659.01
236288,16,65536,7659.01
236304,16,65536,7659.01
236320,16,65536,7659.01
236336,16,65536,7659.01
236352,16,65536,7659.01
236368,16,65536,7659.01
236384,16,65536,7659.01
236400,16,65536,7659.01
236416,16,65536,7659.01
236432,16,65536,7659.01
236448,16,65536,7659.01
236464,16,65536,7659.01
236480,16,65536,7659.01
236496,16,65536,7659.01
236512,16,65536,7659.01
236528,16,65536,7659.01
236544,16,65536,7659.01
236560,16,65536,7659.01
236576,16,65536,7659.01
236592,16,65536,7659.01
236608,16,65536,7659.01
236624,16,65536,7659.01
236640,16,65536,7659.01
236656,16,65536,7659.01
236672,16,65536,7659.01
236688,16,65536,7659.01
236704,16,65536,7659.01
236720,16,65536,7659.01
236736,16,65536,7659.01
236752,16,65536,7659.01
236768,16,65536,7659.01
236784,16,65536,7659.01
236800,16,65536,7659.01
236816,16,65536,7659.01
236832,16,65536,7659.01
236848,16,65536,7659.01
236864,16,65536,7659.01
236880,16,65536,7659.01
236896,16,65536,7659.01
236912,16,65536,7659.01
236928,16,65536,7659.01
236944,16,65536,7659.01
236960,16,65536,7659.01
236976,16,65536,7659.01
236992,16,65536,7659.01
237008,16,65536,7659.01
237024,16,65536,7659.01
237040,16,65536,7659.01
237056,16,65536,7659.01
237072,16,65536,7659.01
237088,16,65536,7659.01
237104,16,65536,7659.01
237120,16,65536,7659.01
237136,16,65536,7659.01
237152,16,65536,7659.01
237168,16,65536,7659.01
237184,16,65536,7659.01
237200,16,65536,7659.01
237216,16,65536,7659.01
237232,16,65536,7659.01
237248,16,65536,7659.01
237264,16,65536,7659.01
237280,16,65536,7659.01
237296,16,65536,7659.01
237312,16,65536,7659.01
237328,16,65536,7659.01
237344,16,65536,7659.01
237360,16,65536,7659.01
237376,16,65536,7659.01
237392,16,65536,7659.01
237408,16,65536,7659.01
237424,16,65536,7659.01
237440,16,65536,7659.01
237456,16,65536,7659.01
237472,16,65536,7659.01
237488,16,65536,7659.01
237504,16,65536,7659.01
237520,16,65536,7659.01
237536,16,65536,7659.01
237552,16,65536,7659.01
237568,16,65536,7659.01
237584,16,65536,7659.01
237600,16,65536,7659.01
237616,16,65536,7659.01
237632,16,65536,7659.01
237648,16,65536,7659.01
237664,16,65536,7659.01
237680,16,65536,7659.01
237696,16,65536,7659.01
237712,16,65536,7659.01
237728,16,65536,7659.01
237744,16,65536,7659.01
237760,16,65536,7659.01
237776,16,65536,7659.01
237792,16,65536,7659.01
237808,16,65536,7659.01
237824,16,65536,7659.01
237840,16,65536,7659.01
237856,16,65536,7659.01
237872,16,65536,7659.01
237888,16,65536,7659.01
237904,16,65536,7659.01
237920,16,65536,7659.01
237936,16,65536,7659.01
237952,16,65536,7659.01
237968,16,65536,7659.01
237984,16,65536,7659.01
238000,16,65536,7659.01
238016,16,65536,7659.01
238032,16,65536,7659.01
238048,16,65536,7659.01
238064,16,65536,7659.01
238080,16,65536,7659.01
238096,16,65536,7659.01
238112,16,65536,7659.01
238128,16,65536,7659.01
238144,16,65536,7659.01
238160,16,65536,7659.01
238176,16,65536,7659.01
238192,16,65536,7659.01
238208,16,65536,7659.01
238224,16,65536,7659.01
238240,16,65536,7659.01
238256,16,65536,7659.01
238272,16,65536,7659.01
238288,16,65536,7659.01
238304,16,65536,7659.01
238320,16,65536,7659.01
238336,16,65536,7659.01
238352,16,65536,7659.01
238368,16,65536,7659.01
238384,16,65536,7659.01
238400,16,65536,7659.01
238416,16,65536,7659.01
238432,16,65536,7659.01
238448,16,65536,7659.01
238464,16,65536,7659.01
238480,16,65536,7659.01
238496,16,65536,7659.01
238512,16,65536,7659.01
238528,16,65536,7659.01
238544,16,65536,7659.01
238560,16,65536,7659.01
238576,16,65536,7659.01
238592,16,65536,7659.01
238608,16,65536,7659.01
238624,16,65536,7659.01
238640,16,65536,7659.01
238656,16,65536,7659.01
238672,16,65536,7659.01
238688,16,65536,7659.01
238704,16,65536,7659.01
238720,16,65536,7659.01
238736,16,65536,7659.01
238752,16,65536,7659.01
238768,16,65536,7659.01
238784,16,65536,7659.01
238800,16,65536,7659.01
238816,16,65536,7659.01
238832,16,65536,7659.01
238848,16,65536,7659.01
238864,16,65536,7659.01
238880,16,65536,7659.01
238896,16,65536,7659.01
238912,16,65536,7659.01
238928,16,65536,7659.01
238944,16,65536,7659.01
238960,16,65536,7659.01
238976,16,65536,7659.01
238992,16,65536,7659.01
239008,16,65536,7659.01
239024,16,65536,7659.01
239040,16,65536,7659.01
239056,16,65536,7659.01
239072,16,65536,7659.01
239088,16,65536,7659.01
239104,16,65536,7659.01
239120,16,65536,7659.01
239136,16,65536,7659.01
239152,16,65536,7659.01
239168,16,65536,7659.01
239184,16,65536,7659.01
239200,16,65536,7659.01
239216,16,65536,7659.01
239232,16,65536,7659.01
239248,16,65536,7659.01
239264,16,65536,7659.01
239280,16,65536,7659.01
239296,16,65536,7659.01
239312,16,65536,7659.01
239328,16,65536,7659.01
239344,16,65536,7659.01
239360,16,65536,7659.01
239376,16,65536,7659.01
239392,16,65536,7659.01
239408,16,65536,7659.01
239424,16,65536,7659.01
239440,16,65536,7659.01
239456,16,65536,7659.01
239472,16,65536,7659.01
239488,16,65536,7659.01
239504,16,65536,7659.01
239520,16,65536,7659.01
239536,16,65536,7659.01
239552,16,65536,7659.01
239568,16,65536,7659.01
239584,16,65536,7659.01
239600,16,65536,7659.01
239616,16,65536,7659.01
239632,16,65536,7659.01
239648,16,65536,7659.01
239664,16,65536,7659.01
239680,16,65536,7659.01
239696,16,65536,7659.01
239712,16,65536,7659.01
239728,16,65536,7659.01
239744,16,65536,7659.01
239760,16,65536,7659.01
239776,16,65536,7659.01
239792,16,65536,7659.01
239808,16,65536,7659.01
239824,16,65536,7659.01
239840,16,65536,7659.01
239856,16,65536,7659.01
239872,16,65536,7659.01
239888,16,65536,7659.01
239904,16,65536,7659.01
239920,16,65536,7659.01
239936,16,65536,7659.01
239952,16,65536,7659.01
239968,16,65536,7659.01
239984,16,65536,7659.01
240000,16,65536,7659.01
240016,16,65536,7659.01
240032,16,65536,7659.01
240048,16,65536,7659.01
240064,16,65536,7659.01
240080,16,65536,7659.01
240096,16,65536,7659.01
240112,16,65536,7659.01
240128,16,65536,7659.01
240144,16,65536,7659.01
240160,16,65536,7659.01
240176,16,65536,7659.01
240192,16,65536,7659.01
240208,16,65536,7659.01
240224,16,65536,7659.01
240240,16,65536,7659.01
240256,16,65536,7659.01
240272,16,65536,7659.01
240288,16,65536,7659.01
240304,16,65536,7659.01
240320,16,65536,7659.01
240336,16,65536,7659.01
240352,16,65536,7659.01
240368,16,65536,7659.01
240384,16,65536,7659.01
240400,16,65536,7659.01
240416,16,65536,7659.01
240432,16,65536,7659.01
240448,16,65536,7659.01
240464,16,65536,7659.01
240480,16,65536,7659.01
240496,16,65536,7659.01
240512,16,65536,7659.01
240528,16,65536,7659.01
240544,16,65536,7659.01
240560,16,65536,7659.01
240576,16,65536,7659.01
240592,16,65536,7659.01
240608,16,65536,7659.01
240624,16,65536,7659.01
240640,16,65536,7659.01
240656,16,65536,7659.01
240672,16,65536,7659.01
240688,16,65536,7659.01
240704,16,65536,7659.01
240720,16,65536,7659.01
240736,16,65536,7659.01
240752,16,65536,7659.01
240768,16,65536,7659.01
240784,16,65536,7659.01
240800,16,65536,7659.01
240816,16,65536,7659.01
240832,16,65536,7659.01
240848,16,65536,7659.01
240864,16,65536,7659.01
240880,16,65536,7659.01
240896,16,65536,7659.01
240912,16,65536,7659.01
240928,16,65536,7659.01
240944,16,65536,7659.01
240960,16,65536,7659.01
240976,16,65536,7659.01
240992,16,65536,7659.01
241008,16,65536,7659.01
241024,16,65536,7659.01
241040,16,65536,7659.01
241056,16,65536,7659.01
241072,16,65536,7659.01
241088,16,65536,7659.01
241104,16,65536,7659.01
241120,16,65536,7659.01
241136,16,65536,7659.01
241152,16,65536,7659.01
241168,16,65536,7659.01
241184,16,65536,7659.01
241200,16,65536,7659.01
241216,16,65536,7659.01
241232,16,65536,7659.01
241248,16,65536,7659.01
241264,16,65536,7659.01
241280,16,65536,7659.01
241296,16,65536,7659.01
241312,16,65536,7659.01
241328,16,65536,7659.01
241344,16,65536,7659.01
241360,16,65536,7659.01
241376,16,65536,7659.01
241392,16,65536,7659.01
241408,16,65536,7659.01
241424,16,65536,7659.01
241440,16,65536,7659.01
241456,16,65536,7659.01
241472,16,65536,7659.01
241488,16,65536,7659.01
241504,16,65536,7659.01
241520,16,65536,7659.01
241536,16,65536,7659.01
241552,16,65536,7659.01
241568,16,65536,7659.01
241584,16,65536,7659.01
241600,16,65536,7659.01
241616,16,65536,7659.01
241632,16,65536,7659.01
241648,16,65536,7659.01
241664,16,65536,7659.01
241680,16,65536,7659.01
241696,16,65536,7659.01
241712,16,65536,7659.01
241728,16,65536,7659.01
241744,16,65536,7659.01
241760,16,65536,7659.01
241776,16,65536,7659.01
241792,16,65536,7659.01
241808,16,65536,7659.01
241824,16,65536,7659.01
241840,16,65536,7659.01
241856,16,65536,7659.01
241872,16,65536,7659.01
241888,16,65536,7659.01
241904,16,65536,7659.01
241920,16,65536,7659.01
241936,16,65536,7659.01
241952,16,65536,7659.01
241968,16,65536,7659.01
241984,16,65536,7659.01
242000,16,65536,7659.01
242016,16,65536,7659.01
242032,16,65536,7659.01
242048,16,65536,7659.01
242064,16,65536,7659.01
242080,16,65536,7659.01
242096,16,65536,7659.01
242112,16,65536,7659.01
242128,16,65536,7659.01
242144,16,65536,7659.01
242160,16,65536,7659.01
242176,16,65536,7659.01
242192,16,65536,7659.01
242208,16,65536,7659.01
242224,16,65536,7659.01
242240,16,65536,7659.01
242256,16,65536,7659.01
242272,16,65536,7659.01
242288,16,65536,7659.01
242304,16,65536,7659.01
242320,16,65536,7659.01
242336,16,65536,7659.01
242352,16,65536,7659.01
242368,16,65536,7659.01
242384,16,65536,7659.01
242400,16,65536,7659.01
242416,16,65536,7659.01
242432,16,65536,7659.01
242448,16,65536,7659.01
242464,16,65536,7659.01
242480,16,65536,7659.01
242496,16,65536,7659.01
242512,16,65536,7659.01
242528,16,65536,7659.01
242544,16,65536,7659.01
242560,16,65536,7659.01
242576,16,65536,7659.01
242592,16,65536,7659.01
242608,16,65536,7659.01
242624,16,65536,7659.01
242640,16,65536,7659.01
242656,16,65536,7659.01
242672,16,65536,7659.01
242688,16,65536,7659.01
242704,16,65536,7659.01
242720,16,65536,7659.01
242736,16,65536,7659.01
242752,16,65536,7659.01
242768,16,65536,7659.01
242784,16,65536,7659.01
242800,16,65536,7659.01
242816,16,65536,7659.01
242832,16,65536,7659.01
242848,16,65536,7659.01
242864,16,65536,7659.01
242880,16,65536,7659.01
242896,16,65536,7659.01
242912,16,65536,7659.01
242928,16,65536,7659.01
242944,16,65536,7659.01
242960,16,65536,7659.01
242976,16,65536,7659.01
242992,16,65536,7659.01
243008,16,65536,7659.01
243024,16,65536,7659.01
243040,16,65536,7659.01
243056,16,65536,7659.01
243072,16,65536,7659.01
243088,16,65536,7659.01
243104,16,65536,7659.01
243120,16,65536,7659.01
243136,16,65536,7659.01
243152,16,65536,7659.01
243168,16,65536,7659.01
243184,16,65536,7659.01
243200,16,65536,7659.01
243216,16,65536,7659.01
243232,16,65536,7659.01
243248,16,65536,7659.01
243264,16,65536,7659.01
243280,16,65536,7659.01
243296,16,65536,7659.01
243312,16,65536,7659.01
243328,16,65536,7659.01
243344,16,65536,7659.01
243360,16,65536,7659.01
243376,16,65536,7659.01
243392,16,65536,7659.01
243408,16,65536,7659.01
243424,16,65536,7659.01
243440,16,65536,7659.01
243456,16,65536,7659.01
243472,16,65536,7659.01
243488,16,65536,7659.01
243504,16,65536,7659.01
243520,16,65536,7659.01
243536,16,65536,7659.01
243552,16,65536,7659.01
243568,16,65536,7659.01
243584,16,65536,7659.01
243600,16,65536,7659.01
243616,16,65536,7659.01
243632,16,65536,7659.01
243648,16,65536,7659.01
243664,16,65536,7659.01
243680,16,65536,7659.01
243696,16,65536,7659.01
243712,16,65536,7659.01
243728,16,65536,7659.01
243744,16,65536,7659.01
243760,16,65536,7659.01
243776,16,65536,7659.01
243792,16,65536,7659.01
243808,16,65536,7659.01
243824,16,65536,7659.01
243840,16,65536,7659.01
243856,16,65536,7659.01
243872,16,65536,7659.01
243888,16,65536,7659.01
243904,16,65536,7659.01
243920,16,65536,7659.01
243936,16,65536,7659.01
243952,16,65536,7659.01
243968,16,65536,7659.01
243984,16,65536,7659.01
244000,16,65536,7659.01
244016,16,65536,7659.01
244032,16,65536,7659.01
244048,16,65536,7659.01
244064,16,65536,7659.01
244080,16,65536,7659.01
244096,16,65536,7659.01
244112,16,65536,7659.01
244128,16,65536,7659.01
244144,16,65536,7659.01
244160,16,65536,7659.01
244176,16,65536,7659.01
244192,16,65536,7659.01
244208,16,65536,7659.01
244224,16,65536,7659.01
244240,16,65536,7659.01
244256,16,65536,7659.01
244272,16,65536,7659.01
244288,16,65536,7659.01
244304,16,65536,7659.01
244320,16,65536,7659.01
244336,16,65536,7659.01
244352,16,65536,7659.01
244368,16,65536,7659.01
244384,16,65536,7659.01
244400,16,65536,7659.01
244416,16,65536,7659.01
244432,16,65536,7659.01
244448,16,65536,7659.01
244464,16,65536,7659.01
244480,16,65536,7659.01
244496,16,65536,7659.01
244512,16,65536,7659.01
244528,16,65536,7659.01
244544,16,65536,7659.01
244560,16,65536,7659.01
244576,16,65536,7659.01
244592,16,65536,7659.01
244608,16,65536,7659.01
244624,16,65536,7659.01
244640,16,65536,7659.01
244656,16,65536,7659.01
244672,16,65536,7659.01
244688,16,65536,7659.01
244704,16,65536,7659.01
244720,16,65536,7659.01
244736,16,65536,7659.01
244752,16,65536,7659.01
244768,16,65536,7659.01
244784,16,65536,7659.01
244800,16,65536,7659.01
244816,16,65536,7659.01
244832,16,65536,7659.01
244848,16,65536,7659.01
244864,16,65536,7659.01
244880,16,65536,7659.01
244896,16,65536,7659.01
244912,16,65536,7659.01
244928,16,65536,7659.01
244944,16,65536,7659.01
244960,16,65536,7659.01
244976,16,65536,7659.01
244992,16,65536,7659.01
245008,16,65536,7659.01
245024,16,65536,7659.01
245040,16,65536,7659.01
245056,16,65536,7659.01
245072,16,65536,7659.01
245088,16,65536,7659.01
245104,16,65536,7659.01
245120,16,65536,7659.01
245136,16,65536,7659.01
245152,16,65536,7659.01
245168,16,65536,7659.01
245184,16,65536,7659.01
245200,16,65536,7659.01
245216,16,65536,7659.01
245232,16,65536,7659.01
245248,16,65536,7659.01
245264,16,65536,7659.01
245280,16,65536,7659.01
245296,16,65536,7659.01
245312,16,65536,7659.01
245328,16,65536,7659.01
245344,16,65536,7659.01
245360,16,65536,7659.01
245376,16,65536,7659.01
245392,16,65536,7659.01
245408,16,65536,7659.01
245424,16,65536,7659.01
245440,16,65536,7659.01
245456,16,65536,7659.01
245472,16,65536,7659.01
245488,16,65536,7659.01
245504,16,65536,7659.01
245520,16,65536,7659.01
245536,16,65536,7659.01
245552,16,65536,7659.01
245568,16,65536,7659.01
245584,16,65536,7659.01
245600,16,65536,7659.01
245616,16,65536,7659.01
245632,16,65536,7659.01
245648,16,65536,7659.01
245664,16,65536,7659.01
245680,16,65536,7659.01
245696,16,65536,7659.01
245712,16,65536,7659.01
245728,16,65536,7659.01
245744,16,65536,7659.01
245760,16,65536,7659.01
245776,16,65536,7659.01
245792,16,65536,7659.01
245808,16,65536,7659.01
245824,16,65536,7659.01
245840,16,65536,7659.01
245856,16,65536,7659.01
245872,16,65536,7659.01
245888,16,65536,7659.01
245904,16,65536,7659.01
245920,16,65536,7659.01
245936,16,65536,7659.01
245952,16,65536,7659.01
245968,16,65536,7659.01
245984,16,65536,7659.01
246000,16,65536,7659.01
246016,16,65536,7659.01
246032,16,65536,7659.01
246048,16,65536,7659.01
246064,16,65536,7659.01
246080,16,65536,7659.01
246096,16,65536,7659.01
246112,16,65536,7659.01
246128,16,65536,7659.01
246144,16,65536,7659.01
246160,16,65536,7659.01
246176,16,65536,7659.01
246192,16,65536,7659.01
246208,16,65536,7659.01
246224,16,65536,7659.01
246240,16,65536,7659.01
246256,16,65536,7659.01
246272,16,65536,7659.01
246288,16,65536,7659.01
246304,16,65536,7659.01
246320,16,65536,7659.01
246336,16,65536,7659.01
246352,16,65536,7659.01
246368,16,65536,7659.01
246384,16,65536,7659.01
246400,16,65536,7659.01
246416,16,65536,7659.01
246432,16,65536,7659.01
246448,16,65536,7659.01
246464,16,65536,7659.01
246480,16,65536,7659.01
246496,16,65536,7659.01
246512,16,65536,7659.01
246528,16,65536,7659.01
246544,16,65536,7659.01
246560,16,65536,7659.01
246576,16,65536,7659.01
246592,16,65536,7659.01
246608,16,65536,7659.01
246624,16,65536,7659.01
246640,16,65536,7659.01
246656,16,65536,7659.01
246672,16,65536,7659.01
246688,16,65536,7659.01
246704,16,65536,7659.01
246720,16,65536,7659.01
246736,16,65536,7659.01
246752,16,65536,7659.01
246768,16,65536,7659.01
246784,16,65536,7659.01
246800,16,65536,7659.01
246816,16,65536,7659.01
246832,16,65536,7659.01
246848,16,65536,7659.01
246864,16,65536,7659.01
246880,16,65536,7659.01
246896,16,65536,7659.01
246912,16,65536,7659.01
246928,16,65536,7659.01
246944,16,65536,7659.01
246960,16,65536,7659.01
246976,16,65536,7659.01
246992,16,65536,7659.01
247008,16,65536,7659.01
247024,16,65536,7659.01
247040,16,65536,7659.01
247056,16,65536,7659.01
247072,16,65536,7659.01
247088,16,65536,7659.01
247104,16,65536,7659.01
247120,16,65536,7659.01
247136,16,65536,7659.01
247152,16,65536,7659.01
247168,16,65536,7659.01
247184,16,65536,7659.01
247200,16,65536,7659.01
247216,16,65536,7659.01
247232,16,65536,7659.01
247248,16,65536,7659.01
247264,16,65536,7659.01
247280,16,65536,7659.01
247296,16,65536,7659.01
247312,16,65536,7659.01
247328,16,65536,7659.01
247344,16,65536,7659.01
247360,16,65536,7659.01
247376,16,65536,7659.01
247392,16,65536,7659.01
247408,16,65536,7659.01
247424,16,65536,7659.01
247440,16,65536,7659.01
247456,16,65536,7659.01
247472,16,65536,7659.01
247488,16,65536,7659.01
247504,16,65536,7659.01
247520,16,65536,7659.01
247536,16,65536,7659.01
247552,16,65536,7659.01
247568,16,65536,7659.01
247584,16,65536,7659.01
247600,16,65536,7659.01
247616,16,65536,7659.01
247632,16,65536,7659.01
247648,16,65536,7659.01
247664,16,65536,7659.01
247680,16,65536,7659.01
247696,16,65536,7659.01
247712,16,65536,7659.01
247728,16,65536,7659.01
247744,16,65536,7659.01
247760,16,65536,7659.01
247776,16,65536,7659.01
247792,16,65536,7659.01
247808,16,65536,7659.01
247824,16,65536,7659.01
247840,16,65536,7659.01
247856,16,65536,7659.01
247872,16,65536,7659.01
247888,16,65536,7659.01
247904,16,65536,7659.01
247920,16,65536,7659.01
247936,16,65536,7659.01
247952,16,65536,7659.01
247968,16,65536,7659.01
247984,16,65536,7659.01
248000,16,65536,7659.01
248016,16,65536,7659.01
248032,16,65536,7659.01
248048,16,65536,7659.01
248064,16,65536,7659.01
248080,16,65536,7659.01
248096,16,65536,7659.01
248112,16,65536,7659.01
248128,16,65536,7659.01
248144,16,65536,7659.01
248160,16,65536,7659.01
248176,16,65536,7659.01
248192,16,65536,7659.01
248208,16,65536,7659.01
248224,16,65536,7659.01
248240,16,65536,7659.01
248256,16,65536,7659.01
248272,16,65536,7659.01
248288,16,65536,7659.01
248304,16,65536,7659.01
248320,16,65536,7659.01
248336,16,65536,7659.01
248352,16,65536,7659.01
248368,16,65536,7659.01
248384,16,65536,7659.01
248400,16,65536,7659.01
248416,16,65536,7659.01
248432,16,65536,7659.01
248448,16,65536,7659.01
248464,16,65536,7659.01
248480,16,65536,7659.01
248496,16,65536,7659.01
248512,16,65536,7659.01
248528,16,65536,7659.01
248544,16,65536,7659.01
248560,16,65536,7659.01
248576,16,65536,7659.01
248592,16,65536,7659.01
248608,16,65536,7659.01
248624,16,65536,7659.01
248640,16,65536,7659.01
248656,16,65536,7659.01
248672,16,65536,7659.01
248688,16,65536,7659.01
248704,16,65536,7659.01
248720,16,65536,7659.01
248736,16,65536,7659.01
248752,16,65536,7659.01
248768,16,65536,7659.01
248784,16,65536,7659.01
248800,16,65536,7659.01
248816,16,65536,7659.01
248832,16,65536,7659.01
248848,16,65536,7659.01
248864,16,65536,7659.01
248880,16,65536,7659.01
248896,16,65536,7659.01
248912,16,65536,7659.01
248928,16,65536,7659.01
248944,16,65536,7659.01
248960,16,65536,7659.01
248976,16,65536,7659.01
248992,16,65536,7659.01
249008,16,65536,7659.01
249024,16,65536,7659.01
249040,16,65536,7659.01
249056,16,65536,7659.01
249072,16,65536,7659.01
249088,16,65536,7659.01
249104,16,65536,7659.01
249120,16,65536,7659.01
249136,16,65536,7659.01
249152,16,65536,7659.01
249168,16,65536,7659.01
249184,16,65536,7659.01
249200,16,65536,7659.01
249216,16,65536,7659.01
249232,16,65536,7659.01
249248,16,65536,7659.01
249264,16,65536,7659.01
249280,16,65536,7659.01
249296,16,65536,7659.01
249312,16,65536,7659.01
249328,16,65536,7659.01
249344,16,65536,7659.01
249360,16,65536,7659.01
249376,16,65536,7659.01
249392,16,65536,7659.01
249408,16,65536,7659.01
249424,16,65536,7659.01
249440,16,65536,7659.01
249456,16,65536,7659.01
249472,16,65536,7659.01
249488,16,65536,7659.01
249504,16,65536,7659.01
249520,16,65536,7659.01
249536,16,65536,7659.01
249552,16,65536,7659.01
249568,16,65536,7659.01
249584,16,65536,7659.01
249600,16,65536,7659.01
249616,16,65536,7659.01
249632,16,65536,7659.01
249648,16,65536,7659.01
249664,16,65536,7659.01
249680,16,65536,7659.01
249696,16,65536,7659.01
249712,16,65536,7659.01
249728,16,65536,7659.01
249744,16,65536,7659.01
249760,16,65536,7659.01
249776,16,65536,7659.01
249792,16,65536,7659.01
249808,16,65536,7659.01
249824,16,65536,7659.01
249840,16,65536,7659.01
249856,16,65536,7659.01
249872,16,65536,7659.01
249888,16,65536,7659.01
249904,16,65536,7659.01
249920,16,65536,7659.01
249936,16,65536,7659.01
249952,16,65536,7659.01
249968,16,65536,7659.01
249984,16,65536,7659.01
250000,16,65536,7659.01
250016,16,65536,7659.01
250032,16,65536,7659.01
250048,16,65536,7659.01
250064,16,65536,7659.01
250080,16,65536,7659.01
250096,16,65536,7659.01
250112,16,65536,7659.01
250128,16,65536,7659.01
250144,16,65536,7659.01
250160,16,65536,7659.01
250176,16,65536,7659.01
250192,16,65536,7659.01
250208,16,65536,7659.01
250224,16,65536,7659.01
250240,16,65536,7659.01
250256,16,65536,7659.01
250272,16,65536,7659.01
250288,16,65536,7659.01
250304,16,65536,7659.01
250320,16,65536,7659.01
250336,16,65536,7659.01
250352,16,65536,7659.01
250368,16,65536,7659.01
250384,16,65536,7659.01
250400,16,65536,7659.01
250416,16,65536,7659.01
250432,16,65536,7659.01
250448,16,65536,7659.01
250464,16,65536,7659.01
250480,16,65536,7659.01
250496,16,65536,7659.01
250512,16,65536,7659.01
250528,16,65536,7659.01
250544,16,65536,7659.01
250560,16,65536,7659.01
250576,16,65536,7659.01
250592,16,65536,7659.01
250608,16,65536,7659.01
250624,16,65536,7659.01
250640,16,65536,7659.01
250656,16,65536,7659.01
250672,16,65536,7659.01
250688,16,65536,7659.01
250704,16,65536,7659.01
250720,16,65536,7659.01
250736,16,65536,7659.01
250752,16,65536,7659.01
250768,16,65536,7659.01
250784,16,65536,7659.01
250800,16,65536,7659.01
250816,16,65536,7659.01
250832,16,65536,7659.01
250848,16,65536,7659.01
250864,16,65536,7659.01
250880,16,65536,7659.01
250896,16,65536,7659.01
250912,16,65536,7659.01
250928,16,65536,7659.01
250944,16,65536,7659.01
250960,16,65536,7659.01
250976,16,65536,7659.01
250992,16,65536,7659.01
251008,16,65536,7659.01
251024,16,65536,7659.01
251040,16,65536,7659.01
251056,16,65536,7659.01
251072,16,65536,7659.01
251088,16,65536,7659.01
251104,16,65536,7659.01
251120,16,65536,7659.01
251136,16,65536,7659.01
251152,16,65536,7659.01
251168,16,65536,7659.01
251184,16,65536,7659.01
251200,16,65536,7659.01
251216,16,65536,7659.01
251232,16,65536,7659.01
251248,16,65536,7659.01
251264,16,65536,7659.01
251280,16,65536,7659.01
251296,16,65536,7659.01
251312,16,65536,7659.01
251328,16,65536,7659.01
251344,16,65536,7659.01
251360,16,65536,7659.01
251376,16,65536,7659.01
251392,16,65536,7659.01
251408,16,65536,7659.01
251424,16,65536,7659.01
251440,16,65536,7659.01
251456,16,65536,7659.01
251472,16,65536,7659.01
251488,16,65536,7659.01
251504,16,65536,7659.01
251520,16,65536,7659.01
251536,16,65536,7659.01
251552,16,65536,7659.01
251568,16,65536,7659.01
251584,16,65536,7659.01
251600,16,65536,7659.01
251616,16,65536,7659.01
251632,16,65536,7659.01
251648,16,65536,7659.01
251664,16,65536,7659.01
251680,16,65536,7659.01
251696,16,65536,7659.01
251712,16,65536,7659.01
251728,16,65536,7659.01
251744,16,65536,7659.01
251760,16,65536,7659.01
251776,16,65536,7659.01
251792,16,65536,7659.01
251808,16,65536,7659.01
251824,16,65536,7659.01
251840,16,65536,7659.01
251856,16,65536,7659.01
251872,16,65536,7659.01
251888,16,65536,7659.01
251904,16,65536,7659.01
251920,16,65536,7659.01
251936,16,65536,7659.01
251952,16,65536,7659.01
251968,16,65536,7659.01
251984,16,65536,7659.01
252000,16,65536,7659.01
252016,16,65536,7659.01
252032,16,65536,7659.01
252048,16,65536,7659.01
252064,16,65536,7659.01
252080,16,65536,7659.01
252096,16,65536,7659.01
252112,16,65536,7659.01
252128,16,65536,7659.01
252144,16,65536,7659.01
252160,16,65536,7659.01
252176,16,65536,7659.01
252192,16,65536,7659.01
252208,16,65536,7659.01
252224,16,65536,7659.01
252240,16,65536,7659.01
252256,16,65536,7659.01
252272,16,65536,7659.01
252288,16,65536,7659.01
252304,16,65536,7659.01
252320,16,65536,7659.01
252336,16,65536,7659.01
252352,16,65536,7659.01
252368,16,65536,7659.01
252384,16,65536,7659.01
252400,16,65536,7659.01
252416,16,65536,7659.01
252432,16,65536,7659.01
252448,16,65536,7659.01
252464,16,65536,7659.01
252480,16,65536,7659.01
252496,16,65536,7659.01
252512,16,65536,7659.01
252528,16,65536,7659.01
252544,16,65536,7659.01
252560,16,65536,7659.01
252576,16,65536,7659.01
252592,16,65536,7659.01
252608,16,65536,7659.01
252624,16,65536,7659.01
252640,16,65536,7659.01
252656,16,65536,7659.01
252672,16,65536,7659.01
252688,16,65536,7659.01
252704,16,65536,7659.01
252720,16,65536,7659.01
252736,16,65536,7659.01
252752,16,65536,7659.01
252768,16,65536,7659.01
252784,16,65536,7659.01
252800,16,65536,7659.01
252816,16,65536,7659.01
252832,16,65536,7659.01
252848,16,65536,7659.01
252864,16,65536,7659.01
252880,16,65536,7659.01
252896,16,65536,7659.01
252912,16,65536,7659.01
252928,16,65536,7659.01
252944,16,65536,7659.01
252960,16,65536,7659.01
252976,16,65536,7659.01
252992,16,65536,7659.01
253008,16,65536,7659.01
253024,16,65536,7659.01
253040,16,65536,7659.01
253056,16,65536,7659.01
253072,16,65536,7659.01
253088,16,65536,7659.01
253104,16,65536,7659.01
253120,16,65536,7659.01
253136,16,65536,7659.01
253152,16,65536,7659.01
253168,16,65536,7659.01
253184,16,65536,7659.01
253200,16,65536,7659.01
253216,16,65536,7659.01
253232,16,65536,7659.01
253248,16,65536,7659.01
253264,16,65536,7659.01
253280,16,65536,7659.01
253296,16,65536,7659.01
253312,16,65536,7659.01
253328,16,65536,7659.01
253344,16,65536,7659.01
253360,16,65536,7659.01
253376,16,65536,7659.01
253392,16,65536,7659.01
253408,16,65536,7659.01
253424,16,65536,7659.01
253440,16,65536,7659.01
253456,16,65536,7659.01
253472,16,65536,7659.01
253488,16,65536,7659.01
253504,16,65536,7659.01
253520,16,65536,7659.01
253536,16,65536,7659.01
253552,16,65536,7659.01
253568,16,65536,7659.01
253584,16,65536,7659.01
253600,16,65536,7659.01
253616,16,65536,7659.01
253632,16,65536,7659.01
253648,16,65536,7659.01
253664,16,65536,7659.01
253680,16,65536,7659.01
253696,16,65536,7659.01
253712,16,65536,7659.01
253728,16,65536,7659.01
253744,16,65536,7659.01
253760,16,65536,7659.01
253776,16,65536,7659.01
253792,16,65536,7659.01
253808,16,65536,7659.01
253824,16,65536,7659.01
253840,16,65536,7659.01
253856,16,65536,7659.01
253872,16,65536,7659.01
253888,16,65536,7659.01
253904,16,65536,7659.01
253920,16,65536,7659.01
253936,16,65536,7659.01
253952,16,65536,7659.01
253968,16,65536,7659.01
253984,16,65536,7659.01
254000,16,65536,7659.01
254016,16,65536,7659.01
254032,16,65536,7659.01
254048,16,65536,7659.01
254064,16,65536,7659.01
254080,16,65536,7659.01
254096,16,65536,7659.01
254112,16,65536,7659.01
254128,16,65536,7659.01
254144,16,65536,7659.01
254160,16,65536,7659.01
254176,16,65536,7659.01
254192,16,65536,7659.01
254208,16,65536,7659.01
254224,16,65536,7659.01
254240,16,65536,7659.01
254256,16,65536,7659.01
254272,16,65536,7659.01
254288,16,65536,7659.01
254304,16,65536,7659.01
254320,16,65536,7659.01
254336,16,65536,7659.01
254352,16,65536,7659.01
254368,16,65536,7659.01
254384,16,65536,7659.01
254400,16,65536,7659.01
254416,16,65536,7659.01
254432,16,65536,7659.01
254448,16,65536,7659.01
254464,16,65536,7659.01
254480,16,65536,7659.01
254496,16,65536,7659.01
254512,16,65536,7659.01
254528,16,65536,7659.01
254544,16,65536,7659.01
254560,16,65536,7659.01
254576,16,65536,7659.01
254592,16,65536,7659.01
254608,16,65536,7659.01
254624,16,65536,7659.01
254640,16,65536,7659.01
254656,16,65536,7659.01
254672,16,65536,7659.01
254688,16,65536,7659.01
254704,16,65536,7659.01
254720,16,65536,7659.01
254736,16,65536,7659.01
254752,16,65536,7659.01
254768,16,65536,7659.01
254784,16,65536,7659.01
254800,16,65536,7659.01
254816,16,65536,7659.01
254832,16,65536,7659.01
254848,16,65536,7659.01
254864,16,65536,7659.01
254880,16,65536,7659.01
254896,16,65536,7659.01
254912,16,65536,7659.01
254928,16,65536,7659.01
254944,16,65536,7659.01
254960,16,65536,7659.01
254976,16,65536,7659.01
254992,16,65536,7659.01
255008,16,65536,7659.01
255024,16,65536,7659.01
255040,16,65536,7659.01
255056,16,65536,7659.01
255072,16,65536,7659.01
255088,16,65536,7659.01
255104,16,65536,7659.01
255120,16,65536,7659.01
255136,16,65536,7659.01
255152,16,65536,7659.01
255168,16,65536,7659.01
255184,16,65536,7659.01
255200,16,65536,7659.01
255216,16,65536,7659.01
255232,16,65536,7659.01
255248,16,65536,7659.01
255264,16,65536,7659.01
255280,16,65536,7659.01
255296,16,65536,7659.01
255312,16,65536,7659.01
255328,16,65536,7659.01
255344,16,65536,7659.01
255360,16,65536,7659.01
255376,16,65536,7659.01
255392,16,65536,7659.01
255408,16,65536,7659.01
255424,16,65536,7659.01
255440,16,65536,7659.01
255456,16,65536,7659.01
255472,16,65536,7659.01
255488,16,65536,7659.01
255504,16,65536,7659.01
255520,16,65536,7659.01
255536,16,65536,7659.01
255552,16,65536,7659.01
255568,16,65536,7659.01
255584,16,65536,7659.01
255600,16,65536,7659.01
255616,16,65536,7659.01
255632,16,65536,7659.01
255648,16,65536,7659.01
255664,16,65536,7659.01
255680,16,65536,7659.01
255696,16,65536,7659.01
255712,16,65536,7659.01
255728,16,65536,7659.01
255744,16,65536,7659.01
255760,16,65536,7659.01
255776,16,65536,7659.01
255792,16,65536,7659.01
255808,16,65536,7659.01
255824,16,65536,7659.01
255840,16,65536,7659.01
255856,16,65536,7659.01
255872,16,65536,7659.01
255888,16,65536,7659.01
255904,16,65536,7659.01
255920,16,65536,7659.01
255936,16,65536,7659.01
255952,16,65536,7659.01
255968,16,65536,7659.01
255984,16,65536,7659.01
256000,16,65536,7659.01
256016,16,65536,7659.01
256032,16,65536,7659.01
256048,16,65536,7659.01
256064,16,65536,7659.01
256080,16,65536,7659.01
256096,16,65536,7659.01
256112,16,65536,7659.01
256128,16,65536,7659.01
256144,16,65536,7659.01
256160,16,65536,7659.01
256176,16,65536,7659.01
256192,16,65536,7659.01
256208,16,65536,7659.01
256224,16,65536,7659.01
256240,16,65536,7659.01
256256,16,65536,7659.01
256272,16,65536,7659.01
256288,16,65536,7659.01
256304,16,65536,7659.01
256320,16,65536,7659.01
256336,16,65536,7659.01
256352,16,65536,7659.01
256368,16,65536,7659.01
256384,16,65536,7659.01
256400,16,65536,7659.01
256416,16,65536,7659.01
256432,16,65536,7659.01
256448,16,65536,7659.01
256464,16,65536,7659.01
256480,16,65536,7659.01
256496,16,65536,7659.01
256512,16,65536,7659.01
256528,16,65536,7659.01
256544,16,65536,7659.01
256560,16,65536,7659.01
256576,16,65536,7659.01
256592,16,65536,7659.01
256608,16,65536,7659.01
256624,16,65536,7659.01
256640,16,65536,7659.01
256656,16,65536,7659.01
256672,16,65536,7659.01
256688,16,65536,7659.01
256704,16,65536,7659.01
256720,16,65536,7659.01
256736,16,65536,7659.01
256752,16,65536,7659.01
256768,16,65536,7659.01
256784,16,65536,7659.01
256800,16,65536,7659.01
256816,16,65536,7659.01
256832,16,65536,7659.01
256848,16,65536,7659.01
256864,16,65536,7659.01
256880,16,65536,7659.01
256896,16,65536,7659.01
256912,16,65536,7659.01
256928,16,65536,7659.01
256944,16,65536,7659.01
256960,16,65536,7659.01
256976,16,65536,7659.01
256992,16,65536,7659.01
257008,16,65536,7659.01
257024,16,65536,7659.01
257040,16,65536,7659.01
257056,16,65536,7659.01
257072,16,65536,7659.01
257088,16,65536,7659.01
257104,16,65536,7659.01
257120,16,65536,7659.01
257136,16,65536,7659.01
257152,16,65536,7659.01
257168,16,65536,7659.01
257184,16,65536,7659.01
257200,16,65536,7659.01
257216,16,65536,7659.01
257232,16,65536,7659.01
257248,16,65536,7659.01
257264,16,65536,7659.01
257280,16,65536,7659.01
257296,16,65536,7659.01
257312,16,65536,7659.01
257328,16,65536,7659.01
257344,16,65536,7659.01
257360,16,65536,7659.01
257376,16,65536,7659.01
257392,16,65536,7659.01
257408,16,65536,7659.01
257424,16,65536,7659.01
257440,16,65536,7659.01
257456,16,65536,7659.01
257472,16,65536,7659.01
257488,16,65536,7659.01
257504,16,65536,7659.01
257520,16,65536,7659.01
257536,16,65536,7659.01
257552,16,65536,7659.01
257568,16,65536,7659.01
257584,16,65536,7659.01
257600,16,65536,7659.01
257616,16,65536,7659.01
257632,16,65536,7659.01
257648,16,65536,7659.01
257664,16,65536,7659.01
257680,16,65536,7659.01
257696,16,65536,7659.01
257712,16,65536,7659.01
257728,16,65536,7659.01
257744,16,65536,7659.01
257760,16,65536,7659.01
257776,16,65536,7659.01
257792,16,65536,7659.01
257808,16,65536,7659.01
257824,16,65536,7659.01
257840,16,65536,7659.01
257856,16,65536,7659.01
257872,16,65536,7659.01
257888,16,65536,7659.01
257904,16,65536,7659.01
257920,16,65536,7659.01
257936,16,65536,7659.01
257952,16,65536,7659.01
257968,16,65536,7659.01
257984,16,65536,7659.01
258000,16,65536,7659.01
258016,16,65536,7659.01
258032,16,65536,7659.01
258048,16,65536,7659.01
258064,16,65536,7659.01
258080,16,65536,7659.01
258096,16,65536,7659.01
258112,16,65536,7659.01
258128,16,65536,7659.01
258144,16,65536,7659.01
258160,16,65536,7659.01
258176,16,65536,7659.01
258192,16,65536,7659.01
258208,16,65536,7659.01
258224,16,65536,7659.01
258240,16,65536,7659.01
258256,16,65536,7659.01
258272,16,65536,7659.01
258288,16,65536,7659.01
258304,16,65536,7659.01
258320,16,65536,7659.01
258336,16,65536,7659.01
258352,16,65536,7659.01
258368,16,65536,7659.01
258384,16,65536,7659.01
258400,16,65536,7659.01
258416,16,65536,7659.01
258432,16,65536,7659.01
258448,16,65536,7659.01
258464,16,65536,7659.01
258480,16,65536,7659.01
258496,16,65536,7659.01
258512,16,65536,7659.01
258528,16,65536,7659.01
258544,16,65536,7659.01
258560,16,65536,7659.01
258576,16,65536,7659.01
258592,16,65536,7659.01
258608,16,65536,7659.01
258624,16,65536,7659.01
258640,16,65536,7659.01
258656,16,65536,7659.01
258672,16,65536,7659.01
258688,16,65536,7659.01
258704,16,65536,7659.01
258720,16,65536,7659.01
258736,16,65536,7659.01
258752,16,65536,7659.01
258768,16,65536,7659.01
258784,16,65536,7659.01
258800,16,65536,7659.01
258816,16,65536,7659.01
258832,16,65536,7659.01
258848,16,65536,7659.01
258864,16,65536,7659.01
258880,16,65536,7659.01
258896,16,65536,7659.01
258912,16,65536,7659.01
258928,16,65536,7659.01
258944,16,65536,7659.01
258960,16,65536,7659.01
258976,16,65536,7659.01
258992,16,65536,7659.01
259008,16,65536,7659.01
259024,16,65536,7659.01
259040,16,65536,7659.01
259056,16,65536,7659.01
259072,16,65536,7659.01
259088,16,65536,7659.01
259104,16,65536,7659.01
259120,16,65536,7659.01
259136,16,65536,7659.01
259152,16,65536,7659.01
259168,16,65536,7659.01
259184,16,65536,7659.01
259200,16,65536,7659.01
259216,16,65536,7659.01
259232,16,65536,7659.01
259248,16,65536,7659.01
259264,16,65536,7659.01
259280,16,65536,7659.01
259296,16,65536,7659.01
259312,16,65536,7659.01
259328,16,65536,7659.01
259344,16,65536,7659.01
259360,16,65536,7659.01
259376,16,65536,7659.01
259392,16,65536,7659.01
259408,16,65536,7659.01
259424,16,65536,7659.01
259440,16,65536,7659.01
259456,16,65536,7659.01
259472,16,65536,7659.01
259488,16,65536,7659.01
259504,16,65536,7659.01
259520,16,65536,7659.01
259536,16,65536,7659.01
259552,16,65536,7659.01
259568,16,65536,7659.01
259584,16,65536,7659.01
259600,16,65536,7659.01
259616,16,65536,7659.01
259632,16,65536,7659.01
259648,16,65536,7659.01
259664,16,65536,7659.01
259680,16,65536,7659.01
259696,16,65536,7659.01
259712,16,65536,7659.01
259728,16,65536,7659.01
259744,16,65536,7659.01
259760,16,65536,7659.01
259776,16,65536,7659.01
259792,16,65536,7659.01
259808,16,65536,7659.01
259824,16,65536,7659.01
259840,16,65536,7659.01
259856,16,65536,7659.01
259872,16,65536,7659.01
259888,16,65536,7659.01
259904,16,65536,7659.01
259920,16,65536,7659.01
259936,16,65536,7659.01
259952,16,65536,7659.01
259968,16,65536,7659.01
259984,16,65536,7659.01
260000,16,65536,7659.01
260016,16,65536,7659.01
260032,16,65536,7659.01
260048,16,65536,7659.01
260064,16,65536,7659.01
260080,16,65536,7659.01
260096,16,65536,7659.01
260112,16,65536,7659.01
260128,16,65536,7659.01
260144,16,65536,7659.01
260160,16,65536,7659.01
260176,16,65536,7659.01
260192,16,65536,7659.01
260208,16,65536,7659.01
260224,16,65536,7659.01
260240,16,65536,7659.01
260256,16,65536,7659.01
260272,16,65536,7659.01
260288,16,65536,7659.01
260304,16,65536,7659.01
260320,16,65536,7659.01
260336,16,65536,7659.01
260352,16,65536,7659.01
260368,16,65536,7659.01
260384,16,65536,7659.01
260400,16,65536,7659.01
260416,16,65536,7659.01
260432,16,65536,7659.01
260448,16,65536,7659.01
260464,16,65536,7659.01
260480,16,65536,7659.01
260496,16,65536,7659.01
260512,16,65536,7659.01
260528,16,65536,7659.01
260544,16,65536,7659.01
260560,16,65536,7659.01
260576,16,65536,7659.01
260592,16,65536,7659.01
260608,16,65536,7659.01
260624,16,65536,7659.01
260640,16,65536,7659.01
260656,16,65536,7659.01
260672,16,65536,7659.01
260688,16,65536,7659.01
260704,16,65536,7659.01
260720,16,65536,7659.01
260736,16,65536,7659.01
260752,16,65536,7659.01
260768,16,65536,7659.01
260784,16,65536,7659.01
260800,16,65536,7659.01
260816,16,65536,7659.01
260832,16,65536,7659.01
260848,16,65536,7659.01
260864,16,65536,7659.01
260880,16,65536,7659.01
260896,16,65536,7659.01
260912,16,65536,7659.01
260928,16,65536,7659.01
260944,16,65536,7659.01
260960,16,65536,7659.01
260976,16,65536,7659.01
260992,16,65536,7659.01
261008,16,65536,7659.01
261024,16,65536,7659.01
261040,16,65536,7659.01
261056,16,65536,7659.01
261072,16,65536,7659.01
261088,16,65536,7659.01
261104,16,65536,7659.01
261120,16,65536,7659.01
261136,16,65536,7659.01
261152,16,65536,7659.01
261168,16,65536,7659.01
261184,16,65536,7659.01
261200,16,65536,7659.01
261216,16,65536,7659.01
261232,16,65536,7659.01
261248,16,65536,7659.01
261264,16,65536,7659.01
261280,16,65536,7659.01
261296,16,65536,7659.01
261312,16,65536,7659.01
261328,16,65536,7659.01
261344,16,65536,7659.01
261360,16,65536,7659.01
261376,16,65536,7659.01
261392,16,65536,7659.01
261408,16,65536,7659.01
261424,16,65536,7659.01
261440,16,65536,7659.01
261456,16,65536,7659.01
261472,16,65536,7659.01
261488,16,65536,7659.01
261504,16,65536,7659.01
261520,16,65536,7659.01
261536,16,65536,7659.01
261552,16,65536,7659.01
261568,16,65536,7659.01
261584,16,65536,7659.01
261600,16,65536,7659.01
261616,16,65536,7659.01
261632,16,65536,7659.01
261648,16,65536,7659.01
261664,16,65536,7659.01
261680,16,65536,7659.01
261696,16,65536,7659.01
261712,16,65536,7659.01
261728,16,65536,7659.01
261744,16,65536,7659.01
261760,16,65536,7659.01
261776,16,65536,7659.01
261792,16,65536,7659.01
261808,16,65536,7659.01
261824,16,65536,7659.01
261840,16,65536,7659.01
261856,16,65536,7659.01
261872,16,65536,7659.01
261888,16,65536,7659.01
261904,16,65536,7659.01
261920,16,65536,7659.01
261936,16,65536,7659.01
261952,16,65536,7659.01
261968,16,65536,7659.01
261984,16,65536,7659.01
262000,16,65536,7659.01
262016,16,65536,7659.01
262032,16,65536,7659.01
262048,16,65536,7659.01
262064,16,65536,7659.01
262080,16,65536,7659.01
262096,16,65536,7659.01
262112,16,65536,7659.01
262128,16,65536,7659.01
262144,16,65536,7659.01
262160,16,65536,7659.01
262176,16,65536,7659.01
262192,16,65536,7659.01
262208,16,65536,7659.01
262224,16,65536,7659.01
262240,16,65536,7659.01
262256,16,65536,7659.01
262272,16,65536,7659.01
262288,16,65536,7659.01
262304,16,65536,7659.01
262320,16,65536,7659.01
262336,16,65536,7657.98
262352,16,65536,7657.98
262368,16,65536,7657.98
262384,16,65536,7657.98
262400,16,65536,7657.98
262416,16,65536,7657.98
262432,16,65536,7657.98
262448,16,65536,7657.98
262464,16,65536,7657.98
262480,16,65536,7657.98
262496,16,65536,7657.98
262512,16,65536,7657.98
262528,16,65536,7657.98
262544,16,65536,7657.98
262560,16,65536,7657.98
262576,16,65536,7657.98
262592,16,65536,7657.98
262608,16,65536,7657.98
262624,16,65536,7657.98
262640,16,65536,7657.98
262656,16,65536,7657.09
262672,16,65536,7657.6
262688,16,65536,7656.96
262704,16,65536,7656.96
262720,16,65536,7657.09
262736,16,65536,7656.96
262752,16,65536,7656.96
262768,16,65536,7656.96
262784,16,65536,7656.96
262800,16,65536,7656.96
262816,16,65536,7656.96
262832,16,65536,7656.96
262848,16,65536,7656.96
262864,16,65536,7656.96
262880,16,65536,7656.96
262896,16,65536,7656.96
262912,16,65536,7656.96
262928,16,65536,7656.96
262944,16,65536,7656.96
262960,16,65536,7656.96
262976,16,65536,7656.06
262992,16,65536,7656.45
263008,16,65536,7656.06
263024,16,65536,7655.94
263040,16,65536,7655.94
263056,16,65536,7655.94
263072,16,65536,7655.94
263088,16,65536,7655.94
263104,16,65536,7655.94
263120,16,65536,7655.94
263136,16,65536,7655.94
263152,16,65536,7655.94
263168,16,65536,7655.94
263184,16,65536,7657.98
263200,16,65536,7657.98
263216,16,65536,7659.01
263232,16,65536,7659.01
263248,16,65536,7659.01
263264,16,65536,7659.01
263280,16,65536,7659.01
263296,16,65536,7659.01
263312,16,65536,7659.01
263328,16,65536,7659.01
263344,16,65536,7659.01
263360,16,65536,7659.01
263376,16,65536,7659.01
263392,16,65536,7659.01
263408,16,65536,7659.01
263424,16,65536,7659.01
263440,16,65536,7659.01
263456,16,65536,7659.01
263472,16,65536,7659.01
263488,16,65536,7659.01
263504,16,65536,7659.01
263520,16,65536,7659.01
263536,16,65536,7659.01
263552,16,65536,7659.01
263568,16,65536,7659.01
263584,16,65536,7659.01
263600,16,65536,7659.01
263616,16,65536,7659.01
263632,16,65536,7659.01
263648,16,65536,7659.01
263664,16,65536,7659.01
263680,16,65536,7659.01
263696,16,65536,7659.01
263712,16,65536,7659.01
263728,16,65536,7659.01
263744,16,65536,7659.01
263760,16,65536,7659.01
263776,16,65536,7659.01
263792,16,65536,7659.01
263808,16,65536,7659.01
263824,16,65536,7659.01
263840,16,65536,7659.01
263856,16,65536,7659.01
263872,16,65536,7659.01
263888,16,65536,7659.01
263904,16,65536,7659.01
263920,16,65536,7659.01
263936,16,65536,7659.01
263952,16,65536,7659.01
263968,16,65536,7659.01
263984,16,65536,7659.01
264000,16,65536,7659.01
264016,16,65536,7659.01
264032,16,65536,7659.01
264048,16,65536,7659.01
264064,16,65536,7659.01
264080,16,65536,7659.01
264096,16,65536,7659.01
264112,16,65536,7659.01
264128,16,65536,7659.01
264144,16,65536,7659.01
264160,16,65536,7659.01
264176,16,65536,7659.01
264192,16,65536,7659.01
264208,16,65536,7659.01
264224,16,65536,7659.01
264240,16,65536,7659.01
264256,16,65536,7659.01
264272,16,65536,7659.01
264288,16,65536,7659.01
264304,16,65536,7659.01
264320,16,65536,7659.01
264336,16,65536,7659.01
264352,16,65536,7659.01
264368,16,65536,7659.01
264384,16,65536,7659.01
264400,16,65536,7659.01
264416,16,65536,7659.01
264432,16,65536,7659.01
264448,16,65536,7659.01
264464,16,65536,7659.01
264480,16,65536,7659.01
264496,16,65536,7659.01
264512,16,65536,7659.01
264528,16,65536,7659.01
264544,16,65536,7659.01
264560,16,65536,7659.01
264576,16,65536,7659.01
264592,16,65536,7659.01
264608,16,65536,7659.01
264624,16,65536,7659.01
264640,16,65536,7659.01
264656,16,65536,7659.01
264672,16,65536,7659.01
264688,16,65536,7659.01
264704,16,65536,7659.01
264720,16,65536,7659.01
264736,16,65536,7659.01
264752,16,65536,7659.01
264768,16,65536,7659.01
264784,16,65536,7659.01
264800,16,65536,7659.01
264816,16,65536,7659.01
264832,16,65536,7659.01
264848,16,65536,7659.01
264864,16,65536,7659.01
264880,16,65536,7659.01
264896,16,65536,7659.01
264912,16,65536,7659.01
264928,16,65536,7659.01
264944,16,65536,7659.01
264960,16,65536,7659.01
264976,16,65536,7659.01
264992,16,65536,7659.01
265008,16,65536,7659.01
265024,16,65536,7659.01
265040,16,65536,7659.01
265056,16,65536,7659.01
265072,16,65536,7659.01
265088,16,65536,7659.01
265104,16,65536,7659.01
265120,16,65536,7659.01
265136,16,65536,7659.01
265152,16,65536,7659.01
265168,16,65536,7659.01
265184,16,65536,7659.01
265200,16,65536,7659.01
265216,16,65536,7659.01
265232,16,65536,7659.01
265248,16,65536,7659.01
265264,16,65536,7659.01
265280,16,65536,7659.01
265296,16,65536,7659.01
265312,16,65536,7659.01
265328,16,65536,7659.01
265344,16,65536,7659.01
265360,16,65536,7659.01
265376,16,65536,7659.01
265392,16,65536,7659.01
265408,16,65536,7659.01
265424,16,65536,7659.01
265440,16,65536,7659.01
265456,16,65536,7659.01
265472,16,65536,7659.01
265488,16,65536,7659.01
265504,16,65536,7659.01
265520,16,65536,7659.01
265536,16,65536,7659.01
265552,16,65536,7659.01
265568,16,65536,7659.01
265584,16,65536,7659.01
265600,16,65536,7659.01
265616,16,65536,7659.01
265632,16,65536,7659.01
265648,16,65536,7659.01
265664,16,65536,7659.01
265680,16,65536,7659.01
265696,16,65536,7659.01
265712,16,65536,7659.01
265728,16,65536,7659.01
265744,16,65536,7659.01
265760,16,65536,7659.01
265776,16,65536,7659.01
265792,16,65536,7659.01
265808,16,65536,7659.01
265824,16,65536,7659.01
265840,16,65536,7659.01
265856,16,65536,7659.01
265872,16,65536,7659.01
265888,16,65536,7659.01
265904,16,65536,7659.01
265920,16,65536,7659.01
265936,16,65536,7659.01
265952,16,65536,7659.01
265968,16,65536,7659.01
265984,16,65536,7659.01
266000,16,65536,7659.01
266016,16,65536,7659.01
266032,16,65536,7659.01
266048,16,65536,7659.01
266064,16,65536,7659.01
266080,16,65536,7659.01
266096,16,65536,7659.01
266112,16,65536,7659.01
266128,16,65536,7659.01
266144,16,65536,7659.01
266160,16,65536,7659.01
266176,16,65536,7659.01
266192,16,65536,7659.01
266208,16,65536,7659.01
266224,16,65536,7659.01
266240,16,65536,7659.01
266256,16,65536,7659.01
266272,16,65536,7659.01
266288,16,65536,7659.01
266304,16,65536,7659.01
266320,16,65536,7659.01
266336,16,65536,7659.01
266352,16,65536,7659.01
266368,16,65536,7659.01
266384,16,65536,7659.01
266400,16,65536,7659.01
266416,16,65536,7659.01
266432,16,65536,7659.01
266448,16,65536,7659.01
266464,16,65536,7659.01
266480,16,65536,7659.01
266496,16,65536,7659.01
266512,16,65536,7659.01
266528,16,65536,7659.01
266544,16,65536,7659.01
266560,16,65536,7659.01
266576,16,65536,7659.01
266592,16,65536,7659.01
266608,16,65536,7659.01
266624,16,65536,7659.01
266640,16,65536,7659.01
266656,16,65536,7659.01
266672,16,65536,7659.01
266688,16,65536,7659.01
266704,16,65536,7659.01
266720,16,65536,7659.01
266736,16,65536,7659.01
266752,16,65536,7659.01
266768,16,65536,7659.01
266784,16,65536,7659.01
266800,16,65536,7659.01
266816,16,65536,7659.01
266832,16,65536,7659.01
266848,16,65536,7659.01
266864,16,65536,7659.01
266880,16,65536,7659.01
266896,16,65536,7659.01
266912,16,65536,7659.01
266928,16,65536,7659.01
266944,16,65536,7659.01
266960,16,65536,7659.01
266976,16,65536,7659.01
266992,16,65536,7659.01
267008,16,65536,7659.01
267024,16,65536,7659.01
267040,16,65536,7659.01
267056,16,65536,7659.01
267072,16,65536,7659.01
267088,16,65536,7659.01
267104,16,65536,7659.01
267120,16,65536,7659.01
267136,16,65536,7659.01
267152,16,65536,7659.01
267168,16,65536,7659.01
267184,16,65536,7659.01
267200,16,65536,7659.01
267216,16,65536,7659.01
267232,16,65536,7659.01
267248,16,65536,7659.01
267264,16,65536,7659.01
267280,16,65536,7659.01
267296,16,65536,7659.01
267312,16,65536,7659.01
267328,16,65536,7659.01
267344,16,65536,7659.01
267360,16,65536,7659.01
267376,16,65536,7659.01
267392,16,65536,7659.01
267408,16,65536,7659.01
267424,16,65536,7659.01
267440,16,65536,7659.01
267456,16,65536,7659.01
267472,16,65536,7659.01
267488,16,65536,7659.01
267504,16,65536,7659.01
267520,16,65536,7659.01
267536,16,65536,7659.01
267552,16,65536,7659.01
267568,16,65536,7659.01
267584,16,65536,7659.01
267600,16,65536,7659.01
267616,16,65536,7659.01
267632,16,65536,7659.01
267648,16,65536,7659.01
267664,16,65536,7659.01
267680,16,65536,7659.01
267696,16,65536,7659.01
267712,16,65536,7659.01
267728,16,65536,7659.01
267744,16,65536,7659.01
267760,16,65536,7659.01
267776,16,65536,7659.01
267792,16,65536,7659.01
267808,16,65536,7659.01
267824,16,65536,7659.01
267840,16,65536,7659.01
267856,16,65536,7659.01
267872,16,65536,7659.01
267888,16,65536,7659.01
267904,16,65536,7659.01
267920,16,65536,7659.01
267936,16,65536,7659.01
267952,16,65536,7659.01
267968,16,65536,7659.01
267984,16,65536,7659.01
268000,16,65536,7659.01
268016,16,65536,7659.01
268032,16,65536,7659.01
268048,16,65536,7659.01
268064,16,65536,7659.01
268080,16,65536,7659.01
268096,16,65536,7659.01
268112,16,65536,7659.01
268128,16,65536,7659.01
268144,16,65536,7659.01
268160,16,65536,7659.01
268176,16,65536,7659.01
268192,16,65536,7659.01
268208,16,65536,7659.01
268224,16,65536,7659.01
268240,16,65536,7659.01
268256,16,65536,7659.01
268272,16,65536,7659.01
268288,16,65536,7659.01
268304,16,65536,7659.01
268320,16,65536,7659.01
268336,16,65536,7659.01
268352,16,65536,7659.01
268368,16,65536,7659.01
268384,16,65536,7659.01
268400,16,65536,7659.01
268416,16,65536,7659.01
268432,16,65536,7659.01
268448,16,65536,7659.01
268464,16,65536,7659.01
268480,16,65536,7659.01
268496,16,65536,7659.01
268512,16,65536,7659.01
268528,16,65536,7659.01
268544,16,65536,7659.01
268560,16,65536,7659.01
268576,16,65536,7659.01
268592,16,65536,7659.01
268608,16,65536,7659.01
268624,16,65536,7659.01
268640,16,65536,7659.01
268656,16,65536,7659.01
268672,16,65536,7659.01
268688,16,65536,7659.01
268704,16,65536,7659.01
268720,16,65536,7659.01
268736,16,65536,7659.01
268752,16,65536,7659.01
268768,16,65536,7659.01
268784,16,65536,7659.01
268800,16,65536,7659.01
268816,16,65536,7659.01
268832,16,65536,7659.01
268848,16,65536,7659.01
268864,16,65536,7659.01
268880,16,65536,7659.01
268896,16,65536,7659.01
268912,16,65536,7659.01
268928,16,65536,7659.01
268944,16,65536,7659.01
268960,16,65536,7659.01
268976,16,65536,7659.01
268992,16,65536,7659.01
269008,16,65536,7659.01
269024,16,65536,7659.01
269040,16,65536,7659.01
269056,16,65536,7659.01
269072,16,65536,7659.01
269088,16,65536,7659.01
269104,16,65536,7659.01
269120,16,65536,7659.01
269136,16,65536,7659.01
269152,16,65536,7659.01
269168,16,65536,7659.01
269184,16,65536,7659.01
269200,16,65536,7659.01
269216,16,65536,7659.01
269232,16,65536,7659.01
269248,16,65536,7659.01
269264,16,65536,7659.01
269280,16,65536,7659.01
269296,16,65536,7659.01
269312,16,65536,7659.01
269328,16,65536,7659.01
269344,16,65536,7659.01
269360,16,65536,7659.01
269376,16,65536,7659.01
269392,16,65536,7659.01
269408,16,65536,7659.01
269424,16,65536,7659.01
269440,16,65536,7659.01
269456,16,65536,7659.01
269472,16,65536,7659.01
269488,16,65536,7659.01
269504,16,65536,7659.01
269520,16,65536,7659.01
269536,16,65536,7659.01
269552,16,65536,7659.01
269568,16,65536,7659.01
269584,16,65536,7659.01
269600,16,65536,7659.01
269616,16,65536,7659.01
269632,16,65536,7659.01
269648,16,65536,7659.01
269664,16,65536,7659.01
269680,16,65536,7659.01
269696,16,65536,7659.01
269712,16,65536,7659.01
269728,16,65536,7659.01
269744,16,65536,7659.01
269760,16,65536,7659.01
269776,16,65536,7659.01
269792,16,65536,7659.01
269808,16,65536,7659.01
269824,16,65536,7659.01
269840,16,65536,7659.01
269856,16,65536,7659.01
269872,16,65536,7659.01
269888,16,65536,7659.01
269904,16,65536,7659.01
269920,16,65536,7659.01
269936,16,65536,7659.01
269952,16,65536,7659.01
269968,16,65536,7659.01
269984,16,65536,7659.01
270000,16,65536,7659.01
270016,16,65536,7659.01
270032,16,65536,7659.01
270048,16,65536,7659.01
270064,16,65536,7659.01
270080,16,65536,7659.01
270096,16,65536,7659.01
270112,16,65536,7659.01
270128,16,65536,7659.01
270144,16,65536,7659.01
270160,16,65536,7659.01
270176,16,65536,7659.01
270192,16,65536,7659.01
270208,16,65536,7659.01
270224,16,65536,7659.01
270240,16,65536,7659.01
270256,16,65536,7659.01
270272,16,65536,7659.01
270288,16,65536,7659.01
270304,16,65536,7659.01
270320,16,65536,7659.01
270336,16,65536,7659.01
270352,16,65536,7659.01
270368,16,65536,7659.01
270384,16,65536,7659.01
270400,16,65536,7659.01
270416,16,65536,7659.01
270432,16,65536,7659.01
270448,16,65536,7659.01
270464,16,65536,7659.01
270480,16,65536,7659.01
270496,16,65536,7659.01
270512,16,65536,7659.01
270528,16,65536,7659.01
270544,16,65536,7659.01
270560,16,65536,7659.01
270576,16,65536,7659.01
270592,16,65536,7659.01
270608,16,65536,7659.01
270624,16,65536,7659.01
270640,16,65536,7659.01
270656,16,65536,7659.01
270672,16,65536,7659.01
270688,16,65536,7659.01
270704,16,65536,7659.01
270720,16,65536,7659.01
270736,16,65536,7659.01
270752,16,65536,7659.01
270768,16,65536,7659.01
270784,16,65536,7659.01
270800,16,65536,7659.01
270816,16,65536,7659.01
270832,16,65536,7659.01
270848,16,65536,7659.01
270864,16,65536,7659.01
270880,16,65536,7659.01
270896,16,65536,7659.01
270912,16,65536,7659.01
270928,16,65536,7659.01
270944,16,65536,7659.01
270960,16,65536,7659.01
270976,16,65536,7659.01
270992,16,65536,7659.01
271008,16,65536,7659.01
271024,16,65536,7659.01
271040,16,65536,7659.01
271056,16,65536,7659.01
271072,16,65536,7659.01
271088,16,65536,7659.01
271104,16,65536,7659.01
271120,16,65536,7659.01
271136,16,65536,7659.01
271152,16,65536,7659.01
271168,16,65536,7659.01
271184,16,65536,7659.01
271200,16,65536,7659.01
271216,16,65536,7659.01
271232,16,65536,7659.01
271248,16,65536,7659.01
271264,16,65536,7659.01
271280,16,65536,7659.01
271296,16,65536,7659.01
271312,16,65536,7659.01
271328,16,65536,7659.01
271344,16,65536,7659.01
271360,16,65536,7659.01
271376,16,65536,7659.01
271392,16,65536,7659.01
271408,16,65536,7659.01
271424,16,65536,7659.01
271440,16,65536,7659.01
271456,16,65536,7659.01
271472,16,65536,7659.01
271488,16,65536,7659.01
271504,16,65536,7659.01
271520,16,65536,7659.01
271536,16,65536,7659.01
271552,16,65536,7659.01
271568,16,65536,7659.01
271584,16,65536,7659.01
271600,16,65536,7659.01
271616,16,65536,7659.01
271632,16,65536,7659.01
271648,16,65536,7659.01
271664,16,65536,7659.01
271680,16,65536,7659.01
271696,16,65536,7659.01
271712,16,65536,7659.01
271728,16,65536,7659.01
271744,16,65536,7659.01
271760,16,65536,7659.01
271776,16,65536,7659.01
271792,16,65536,7659.01
271808,16,65536,7659.01
271824,16,65536,7659.01
271840,16,65536,7659.01
271856,16,65536,7659.01
271872,16,65536,7659.01
271888,16,65536,7659.01
271904,16,65536,7659.01
271920,16,65536,7659.01
271936,16,65536,7659.01
271952,16,65536,7659.01
271968,16,65536,7659.01
271984,16,65536,7659.01
272000,16,65536,7659.01
272016,16,65536,7659.01
272032,16,65536,7659.01
272048,16,65536,7659.01
272064,16,65536,7659.01
272080,16,65536,7659.01
272096,16,65536,7659.01
272112,16,65536,7659.01
272128,16,65536,7659.01
272144,16,65536,7659.01
272160,16,65536,7659.01
272176,16,65536,7659.01
272192,16,65536,7659.01
272208,16,65536,7659.01
272224,16,65536,7659.01
272240,16,65536,7659.01
272256,16,65536,7659.01
272272,16,65536,7659.01
272288,16,65536,7659.01
272304,16,65536,7659.01
272320,16,65536,7659.01
272336,16,65536,7659.01
272352,16,65536,7659.01
272368,16,65536,7659.01
272384,16,65536,7659.01
272400,16,65536,7659.01
272416,16,65536,7659.01
272432,16,65536,7659.01
272448,16,65536,7659.01
272464,16,65536,7659.01
272480,16,65536,7659.01
272496,16,65536,7659.01
272512,16,65536,7659.01
272528,16,65536,7659.01
272544,16,65536,7659.01
272560,16,65536,7659.01
272576,16,65536,7659.01
272592,16,65536,7659.01
272608,16,65536,7659.01
272624,16,65536,7659.01
272640,16,65536,7659.01
272656,16,65536,7659.01
272672,16,65536,7659.01
272688,16,65536,7659.01
272704,16,65536,7659.01
272720,16,65536,7659.01
272736,16,65536,7659.01
272752,16,65536,7659.01
272768,16,65536,7659.01
272784,16,65536,7659.01
272800,16,65536,7659.01
272816,16,65536,7659.01
272832,16,65536,7659.01
272848,16,65536,7659.01
272864,16,65536,7659.01
272880,16,65536,7659.01
272896,16,65536,7659.01
272912,16,65536,7659.01
272928,16,65536,7659.01
272944,16,65536,7659.01
272960,16,65536,7659.01
272976,16,65536,7659.01
272992,16,65536,7659.01
273008,16,65536,7659.01
273024,16,65536,7659.01
273040,16,65536,7659.01
273056,16,65536,7659.01
273072,16,65536,7659.01
273088,16,65536,7659.01
273104,16,65536,7659.01
273120,16,65536,7659.01
273136,16,65536,7659.01
273152,16,65536,7659.01
273168,16,65536,7659.01
273184,16,65536,7659.01
273200,16,65536,7659.01
273216,16,65536,7659.01
273232,16,65536,7659.01
273248,16,65536,7659.01
273264,16,65536,7659.01
273280,16,65536,7659.01
273296,16,65536,7659.01
273312,16,65536,7659.01
273328,16,65536,7659.01
273344,16,65536,7659.01
273360,16,65536,7659.01
273376,16,65536,7659.01
273392,16,65536,7659.01
273408,16,65536,7659.01
273424,16,65536,7659.01
273440,16,65536,7659.01
273456,16,65536,7659.01
273472,16,65536,7659.01
273488,16,65536,7659.01
273504,16,65536,7659.01
273520,16,65536,7659.01
273536,16,65536,7659.01
273552,16,65536,7659.01
273568,16,65536,7659.01
273584,16,65536,7659.01
273600,16,65536,7659.01
273616,16,65536,7659.01
273632,16,65536,7659.01
273648,16,65536,7659.01
273664,16,65536,7659.01
273680,16,65536,7659.01
273696,16,65536,7659.01
273712,16,65536,7659.01
273728,16,65536,7659.01
273744,16,65536,7659.01
273760,16,65536,7659.01
273776,16,65536,7659.01
273792,16,65536,7659.01
273808,16,65536,7659.01
273824,16,65536,7659.01
273840,16,65536,7659.01
273856,16,65536,7659.01
273872,16,65536,7659.01
273888,16,65536,7659.01
273904,16,65536,7659.01
273920,16,65536,7659.01
273936,16,65536,7659.01
273952,16,65536,7659.01
273968,16,65536,7659.01
273984,16,65536,7659.01
274000,16,65536,7659.01
274016,16,65536,7659.01
274032,16,65536,7659.01
274048,16,65536,7659.01
274064,16,65536,7659.01
274080,16,65536,7659.01
274096,16,65536,7659.01
274112,16,65536,7659.01
274128,16,65536,7659.01
274144,16,65536,7659.01
274160,16,65536,7659.01
274176,16,65536,7659.01
274192,16,65536,7659.01
274208,16,65536,7659.01
274224,16,65536,7659.01
274240,16,65536,7659.01
274256,16,65536,7659.01
274272,16,65536,7659.01
274288,16,65536,7659.01
274304,16,65536,7659.01
274320,16,65536,7659.01
274336,16,65536,7659.01
274352,16,65536,7659.01
274368,16,65536,7659.01
274384,16,65536,7659.01
274400,16,65536,7659.01
274416,16,65536,7659.01
274432,16,65536,7659.01
274448,16,65536,7659.01
274464,16,65536,7659.01
274480,16,65536,7659.01
274496,16,65536,7659.01
274512,16,65536,7659.01
274528,16,65536,7659.01
274544,16,65536,7659.01
274560,16,65536,7659.01
274576,16,65536,7659.01
274592,16,65536,7659.01
274608,16,65536,7659.01
274624,16,65536,7659.01
274640,16,65536,7659.01
274656,16,65536,7659.01
274672,16,65536,7659.01
274688,16,65536,7659.01
274704,16,65536,7659.01
274720,16,65536,7659.01
274736,16,65536,7659.01
274752,16,65536,7659.01
274768,16,65536,7659.01
274784,16,65536,7659.01
274800,16,65536,7659.01
274816,16,65536,7659.01
274832,16,65536,7659.01
274848,16,65536,7659.01
274864,16,65536,7659.01
274880,16,65536,7659.01
274896,16,65536,7659.01
274912,16,65536,7659.01
274928,16,65536,7659.01
274944,16,65536,7659.01
274960,16,65536,7659.01
274976,16,65536,7659.01
274992,16,65536,7659.01
275008,16,65536,7659.01
275024,16,65536,7659.01
275040,16,65536,7659.01
275056,16,65536,7659.01
275072,16,65536,7659.01
275088,16,65536,7659.01
275104,16,65536,7659.01
275120,16,65536,7659.01
275136,16,65536,7659.01
275152,16,65536,7659.01
275168,16,65536,7659.01
275184,16,65536,7659.01
275200,16,65536,7659.01
275216,16,65536,7659.01
275232,16,65536,7659.01
275248,16,65536,7659.01
275264,16,65536,7659.01
275280,16,65536,7659.01
275296,16,65536,7659.01
275312,16,65536,7659.01
275328,16,65536,7659.01
275344,16,65536,7659.01
275360,16,65536,7659.01
275376,16,65536,7659.01
275392,16,65536,7659.01
275408,16,65536,7659.01
275424,16,65536,7659.01
275440,16,65536,7659.01
275456,16,65536,7659.01
275472,16,65536,7659.01
275488,16,65536,7659.01
275504,16,65536,7659.01
275520,16,65536,7659.01
275536,16,65536,7659.01
275552,16,65536,7659.01
275568,16,65536,7659.01
275584,16,65536,7659.01
275600,16,65536,7659.01
275616,16,65536,7659.01
275632,16,65536,7659.01
275648,16,65536,7659.01
275664,16,65536,7659.01
275680,16,65536,7659.01
275696,16,65536,7659.01
275712,16,65536,7659.01
275728,16,65536,7659.01
275744,16,65536,7659.01
275760,16,65536,7659.01
275776,16,65536,7659.01
275792,16,65536,7659.01
275808,16,65536,7659.01
275824,16,65536,7659.01
275840,16,65536,7659.01
275856,16,65536,7659.01
275872,16,65536,7659.01
275888,16,65536,7659.01
275904,16,65536,7659.01
275920,16,65536,7659.01
275936,16,65536,7659.01
275952,16,65536,7659.01
275968,16,65536,7659.01
275984,16,65536,7659.01
276000,16,65536,7659.01
276016,16,65536,7659.01
276032,16,65536,7659.01
276048,16,65536,7659.01
276064,16,65536,7659.01
276080,16,65536,7659.01
276096,16,65536,7659.01
276112,16,65536,7659.01
276128,16,65536,7659.01
276144,16,65536,7659.01
276160,16,65536,7659.01
276176,16,65536,7659.01
276192,16,65536,7659.01
276208,16,65536,7659.01
276224,16,65536,7659.01
276240,16,65536,7659.01
276256,16,65536,7659.01
276272,16,65536,7659.01
276288,16,65536,7659.01
276304,16,65536,7659.01
276320,16,65536,7659.01
276336,16,65536,7659.01
276352,16,65536,7659.01
276368,16,65536,7659.01
276384,16,65536,7659.01
276400,16,65536,7659.01
276416,16,65536,7659.01
276432,16,65536,7659.01
276448,16,65536,7659.01
276464,16,65536,7659.01
276480,16,65536,7659.01
276496,16,65536,7659.01
276512,16,65536,7659.01
276528,16,65536,7659.01
276544,16,65536,7659.01
276560,16,65536,7659.01
276576,16,65536,7659.01
276592,16,65536,7659.01
276608,16,65536,7659.01
276624,16,65536,7659.01
276640,16,65536,7659.01
276656,16,65536,7659.01
276672,16,65536,7659.01
276688,16,65536,7659.01
276704,16,65536,7659.01
276720,16,65536,7659.01
276736,16,65536,7659.01
276752,16,65536,7659.01
276768,16,65536,7659.01
276784,16,65536,7659.01
276800,16,65536,7659.01
276816,16,65536,7659.01
276832,16,65536,7659.01
276848,16,65536,7659.01
276864,16,65536,7659.01
276880,16,65536,7659.01
276896,16,65536,7659.01
276912,16,65536,7659.01
276928,16,65536,7659.01
276944,16,65536,7659.01
276960,16,65536,7659.01
276976,16,65536,7659.01
276992,16,65536,7659.01
277008,16,65536,7659.01
277024,16,65536,7659.01
277040,16,65536,7659.01
277056,16,65536,7659.01
277072,16,65536,7659.01
277088,16,65536,7659.01
277104,16,65536,7659.01
277120,16,65536,7659.01
277136,16,65536,7659.01
277152,16,65536,7659.01
277168,16,65536,7659.01
277184,16,65536,7659.01
277200,16,65536,7659.01
277216,16,65536,7659.01
277232,16,65536,7659.01
277248,16,65536,7659.01
277264,16,65536,7659.01
277280,16,65536,7659.01
277296,16,65536,7659.01
277312,16,65536,7659.01
277328,16,65536,7659.01
277344,16,65536,7659.01
277360,16,65536,7659.01
277376,16,65536,7659.01
277392,16,65536,7659.01
277408,16,65536,7659.01
277424,16,65536,7659.01
277440,16,65536,7659.01
277456,16,65536,7659.01
277472,16,65536,7659.01
277488,16,65536,7659.01
277504,16,65536,7659.01
277520,16,65536,7659.01
277536,16,65536,7659.01
277552,16,65536,7659.01
277568,16,65536,7659.01
277584,16,65536,7659.01
277600,16,65536,7659.01
277616,16,65536,7659.01
277632,16,65536,7659.01
277648,16,65536,7659.01
277664,16,65536,7659.01
277680,16,65536,7659.01
277696,16,65536,7659.01
277712,16,65536,7659.01
277728,16,65536,7659.01
277744,16,65536,7659.01
277760,16,65536,7659.01
277776,16,65536,7659.01
277792,16,65536,7659.01
277808,16,65536,7659.01
277824,16,65536,7659.01
277840,16,65536,7659.01
277856,16,65536,7659.01
277872,16,65536,7659.01
277888,16,65536,7659.01
277904,16,65536,7659.01
277920,16,65536,7659.01
277936,16,65536,7659.01
277952,16,65536,7659.01
277968,16,65536,7659.01
277984,16,65536,7659.01
278000,16,65536,7659.01
278016,16,65536,7659.01
278032,16,65536,7659.01
278048,16,65536,7659.01
278064,16,65536,7659.01
278080,16,65536,7659.01
278096,16,65536,7659.01
278112,16,65536,7659.01
278128,16,65536,7659.01
278144,16,65536,7659.01
278160,16,65536,7659.01
278176,16,65536,7659.01
278192,16,65536,7659.01
278208,16,65536,7659.01
278224,16,65536,7659.01
278240,16,65536,7659.01
278256,16,65536,7659.01
278272,16,65536,7659.01
278288,16,65536,7659.01
278304,16,65536,7659.01
278320,16,65536,7659.01
278336,16,65536,7659.01
278352,16,65536,7659.01
278368,16,65536,7659.01
278384,16,65536,7659.01
278400,16,65536,7659.01
278416,16,65536,7659.01
278432,16,65536,7659.01
278448,16,65536,7659.01
278464,16,65536,7659.01
278480,16,65536,7659.01
278496,16,65536,7659.01
278512,16,65536,7659.01
278528,16,65536,7659.01
278544,16,65536,7659.01
278560,16,65536,7659.01
278576,16,65536,7659.01
278592,16,65536,7659.01
278608,16,65536,7659.01
278624,16,65536,7659.01
278640,16,65536,7659.01
278656,16,65536,7659.01
278672,16,65536,7659.01
278688,16,65536,7659.01
278704,16,65536,7659.01
278720,16,65536,7659.01
278736,16,65536,7659.01
278752,16,65536,7659.01
278768,16,65536,7659.01
278784,16,65536,7659.01
278800,16,65536,7659.01
278816,16,65536,7659.01
278832,16,65536,7659.01
278848,16,65536,7659.01
278864,16,65536,7659.01
278880,16,65536,7659.01
278896,16,65536,7659.01
278912,16,65536,7659.01
278928,16,65536,7659.01
278944,16,65536,7659.01
278960,16,65536,7659.01
278976,16,65536,7659.01
278992,16,65536,7659.01
279008,16,65536,7659.01
279024,16,65536,7659.01
279040,16,65536,7659.01
279056,16,65536,7659.01
279072,16,65536,7659.01
279088,16,65536,7659.01
279104,16,65536,7659.01
279120,16,65536,7659.01
279136,16,65536,7659.01
279152,16,65536,7659.01
279168,16,65536,7659.01
279184,16,65536,7659.01
279200,16,65536,7659.01
279216,16,65536,7659.01
279232,16,65536,7659.01
279248,16,65536,7659.01
279264,16,65536,7659.01
279280,16,65536,7659.01
279296,16,65536,7659.01
279312,16,65536,7659.01
279328,16,65536,7659.01
279344,16,65536,7659.01
279360,16,65536,7659.01
279376,16,65536,7659.01
279392,16,65536,7659.01
279408,16,65536,7659.01
279424,16,65536,7659.01
279440,16,65536,7659.01
279456,16,65536,7659.01
279472,16,65536,7659.01
279488,16,65536,7659.01
279504,16,65536,7659.01
279520,16,65536,7659.01
279536,16,65536,7659.01
279552,16,65536,7659.01
279568,16,65536,7659.01
279584,16,65536,7659.01
279600,16,65536,7659.01
279616,16,65536,7659.01
279632,16,65536,7659.01
279648,16,65536,7659.01
279664,16,65536,7659.01
279680,16,65536,7659.01
279696,16,65536,7659.01
279712,16,65536,7659.01
279728,16,65536,7659.01
279744,16,65536,7659.01
279760,16,65536,7659.01
279776,16,65536,7659.01
279792,16,65536,7659.01
279808,16,65536,7659.01
279824,16,65536,7659.01
279840,16,65536,7659.01
279856,16,65536,7659.01
279872,16,65536,7659.01
279888,16,65536,7659.01
279904,16,65536,7659.01
279920,16,65536,7659.01
279936,16,65536,7659.01
279952,16,65536,7659.01
279968,16,65536,7659.01
279984,16,65536,7659.01
280000,16,65536,7659.01
280016,16,65536,7659.01
280032,16,65536,7659.01
280048,16,65536,7659.01
280064,16,65536,7659.01
280080,16,65536,7659.01
280096,16,65536,7659.01
280112,16,65536,7659.01
280128,16,65536,7659.01
280144,16,65536,7659.01
280160,16,65536,7659.01
280176,16,65536,7659.01
280192,16,65536,7659.01
280208,16,65536,7659.01
280224,16,65536,7659.01
280240,16,65536,7659.01
280256,16,65536,7659.01
280272,16,65536,7659.01
280288,16,65536,7659.01
280304,16,65536,7659.01
280320,16,65536,7659.01
280336,16,65536,7659.01
280352,16,65536,7659.01
280368,16,65536,7659.01
280384,16,65536,7659.01
280400,16,65536,7659.01
280416,16,65536,7659.01
280432,16,65536,7659.01
280448,16,65536,7659.01
280464,16,65536,7659.01
280480,16,65536,7659.01
280496,16,65536,7659.01
280512,16,65536,7659.01
280528,16,65536,7659.01
280544,16,65536,7659.01
280560,16,65536,7659.01
280576,16,65536,7659.01
280592,16,65536,7659.01
280608,16,65536,7659.01
280624,16,65536,7659.01
280640,16,65536,7659.01
280656,16,65536,7659.01
280672,16,65536,7659.01
280688,16,65536,7659.01
280704,16,65536,7659.01
280720,16,65536,7659.01
280736,16,65536,7659.01
280752,16,65536,7659.01
280768,16,65536,7659.01
280784,16,65536,7659.01
280800,16,65536,7659.01
280816,16,65536,7659.01
280832,16,65536,7659.01
280848,16,65536,7659.01
280864,16,65536,7659.01
280880,16,65536,7659.01
280896,16,65536,7659.01
280912,16,65536,7659.01
280928,16,65536,7659.01
280944,16,65536,7659.01
280960,16,65536,7659.01
280976,16,65536,7659.01
280992,16,65536,7659.01
281008,16,65536,7659.01
281024,16,65536,7659.01
281040,16,65536,7659.01
281056,16,65536,7659.01
281072,16,65536,7659.01
281088,16,65536,7659.01
281104,16,65536,7659.01
281120,16,65536,7659.01
281136,16,65536,7659.01
281152,16,65536,7659.01
281168,16,65536,7659.01
281184,16,65536,7659.01
281200,16,65536,7659.01
281216,16,65536,7659.01
281232,16,65536,7659.01
281248,16,65536,7659.01
281264,16,65536,7659.01
281280,16,65536,7659.01
281296,16,65536,7659.01
281312,16,65536,7659.01
281328,16,65536,7659.01
281344,16,65536,7659.01
281360,16,65536,7659.01
281376,16,65536,7659.01
281392,16,65536,7659.01
281408,16,65536,7659.01
281424,16,65536,7659.01
281440,16,65536,7659.01
281456,16,65536,7659.01
281472,16,65536,7659.01
281488,16,65536,7659.01
281504,16,65536,7659.01
281520,16,65536,7659.01
281536,16,65536,7659.01
281552,16,65536,7659.01
281568,16,65536,7659.01
281584,16,65536,7659.01
281600,16,65536,7659.01
281616,16,65536,7659.01
281632,16,65536,7659.01
281648,16,65536,7659.01
281664,16,65536,7659.01
281680,16,65536,7659.01
281696,16,65536,7659.01
281712,16,65536,7659.01
281728,16,65536,7659.01
281744,16,65536,7659.01
281760,16,65536,7659.01
281776,16,65536,7659.01
281792,16,65536,7659.01
281808,16,65536,7659.01
281824,16,65536,7659.01
281840,16,65536,7659.01
281856,16,65536,7659.01
281872,16,65536,7659.01
281888,16,65536,7659.01
281904,16,65536,7659.01
281920,16,65536,7659.01
281936,16,65536,7659.01
281952,16,65536,7659.01
281968,16,65536,7659.01
281984,16,65536,7659.01
282000,16,65536,7659.01
282016,16,65536,7659.01
282032,16,65536,7659.01
282048,16,65536,7659.01
282064,16,65536,7659.01
282080,16,65536,7659.01
282096,16,65536,7659.01
282112,16,65536,7659.01
282128,16,65536,7659.01
282144,16,65536,7659.01
282160,16,65536,7659.01
282176,16,65536,7659.01
282192,16,65536,7659.01
282208,16,65536,7659.01
282224,16,65536,7659.01
282240,16,65536,7659.01
282256,16,65536,7659.01
282272,16,65536,7659.01
282288,16,65536,7659.01
282304,16,65536,7659.01
282320,16,65536,7659.01
282336,16,65536,7659.01
282352,16,65536,7659.01
282368,16,65536,7659.01
282384,16,65536,7659.01
282400,16,65536,7659.01
282416,16,65536,7659.01
282432,16,65536,7659.01
282448,16,65536,7659.01
282464,16,65536,7659.01
282480,16,65536,7659.01
282496,16,65536,7659.01
282512,16,65536,7659.01
282528,16,65536,7659.01
282544,16,65536,7659.01
282560,16,65536,7659.01
282576,16,65536,7659.01
282592,16,65536,7659.01
282608,16,65536,7659.01
282624,16,65536,7659.01
282640,16,65536,7659.01
282656,16,65536,7659.01
282672,16,65536,7659.01
282688,16,65536,7659.01
282704,16,65536,7659.01
282720,16,65536,7659.01
282736,16,65536,7659.01
282752,16,65536,7659.01
282768,16,65536,7659.01
282784,16,65536,7659.01
282800,16,65536,7659.01
282816,16,65536,7659.01
282832,16,65536,7659.01
282848,16,65536,7659.01
282864,16,65536,7659.01
282880,16,65536,7659.01
282896,16,65536,7659.01
282912,16,65536,7659.01
282928,16,65536,7659.01
282944,16,65536,7659.01
282960,16,65536,7659.01
282976,16,65536,7659.01
282992,16,65536,7659.01
283008,16,65536,7659.01
283024,16,65536,7659.01
283040,16,65536,7659.01
283056,16,65536,7659.01
283072,16,65536,7659.01
283088,16,65536,7659.01
283104,16,65536,7659.01
283120,16,65536,7659.01
283136,16,65536,7659.01
283152,16,65536,7659.01
283168,16,65536,7659.01
283184,16,65536,7659.01
283200,16,65536,7659.01
283216,16,65536,7659.01
283232,16,65536,7659.01
283248,16,65536,7659.01
283264,16,65536,7659.01
283280,16,65536,7659.01
283296,16,65536,7659.01
283312,16,65536,7659.01
283328,16,65536,7659.01
283344,16,65536,7659.01
283360,16,65536,7659.01
283376,16,65536,7659.01
283392,16,65536,7659.01
283408,16,65536,7659.01
283424,16,65536,7659.01
283440,16,65536,7659.01
283456,16,65536,7659.01
283472,16,65536,7659.01
283488,16,65536,7659.01
283504,16,65536,7659.01
283520,16,65536,7659.01
283536,16,65536,7659.01
283552,16,65536,7659.01
283568,16,65536,7659.01
283584,16,65536,7659.01
283600,16,65536,7659.01
283616,16,65536,7659.01
283632,16,65536,7659.01
283648,16,65536,7659.01
283664,16,65536,7659.01
283680,16,65536,7659.01
283696,16,65536,7659.01
283712,16,65536,7659.01
283728,16,65536,7659.01
283744,16,65536,7659.01
283760,16,65536,7659.01
283776,16,65536,7659.01
283792,16,65536,7659.01
283808,16,65536,7659.01
283824,16,65536,7659.01
283840,16,65536,7659.01
283856,16,65536,7659.01
283872,16,65536,7659.01
283888,16,65536,7659.01
283904,16,65536,7659.01
283920,16,65536,7659.01
283936,16,65536,7659.01
283952,16,65536,7659.01
283968,16,65536,7659.01
283984,16,65536,7659.01
284000,16,65536,7659.01
284016,16,65536,7659.01
284032,16,65536,7659.01
284048,16,65536,7659.01
284064,16,65536,7659.01
284080,16,65536,7659.01
284096,16,65536,7659.01
284112,16,65536,7659.01
284128,16,65536,7659.01
284144,16,65536,7659.01
284160,16,65536,7659.01
284176,16,65536,7659.01
284192,16,65536,7659.01
284208,16,65536,7659.01
284224,16,65536,7659.01
284240,16,65536,7659.01
284256,16,65536,7659.01
284272,16,65536,7659.01
284288,16,65536,7659.01
284304,16,65536,7659.01
284320,16,65536,7659.01
284336,16,65536,7659.01
284352,16,65536,7659.01
284368,16,65536,7659.01
284384,16,65536,7659.01
284400,16,65536,7659.01
284416,16,65536,7659.01
284432,16,65536,7659.01
284448,16,65536,7659.01
284464,16,65536,7659.01
284480,16,65536,7659.01
284496,16,65536,7659.01
284512,16,65536,7659.01
284528,16,65536,7659.01
284544,16,65536,7659.01
284560,16,65536,7659.01
284576,16,65536,7659.01
284592,16,65536,7659.01
284608,16,65536,7659.01
284624,16,65536,7659.01
284640,16,65536,7659.01
284656,16,65536,7659.01
284672,16,65536,7659.01
284688,16,65536,7659.01
284704,16,65536,7659.01
284720,16,65536,7659.01
284736,16,65536,7659.01
284752,16,65536,7659.01
284768,16,65536,7659.01
284784,16,65536,7659.01
284800,16,65536,7659.01
284816,16,65536,7659.01
284832,16,65536,7659.01
284848,16,65536,7659.01
284864,16,65536,7659.01
284880,16,65536,7659.01
284896,16,65536,7659.01
284912,16,65536,7659.01
284928,16,65536,7659.01
284944,16,65536,7659.01
284960,16,65536,7659.01
284976,16,65536,7659.01
284992,16,65536,7659.01
285008,16,65536,7659.01
285024,16,65536,7659.01
285040,16,65536,7659.01
285056,16,65536,7659.01
285072,16,65536,7659.01
285088,16,65536,7659.01
285104,16,65536,7659.01
285120,16,65536,7659.01
285136,16,65536,7659.01
285152,16,65536,7659.01
285168,16,65536,7659.01
285184,16,65536,7659.01
285200,16,65536,7659.01
285216,16,65536,7659.01
285232,16,65536,7659.01
285248,16,65536,7659.01
285264,16,65536,7659.01
285280,16,65536,7659.01
285296,16,65536,7659.01
285312,16,65536,7659.01
285328,16,65536,7659.01
285344,16,65536,7659.01
285360,16,65536,7659.01
285376,16,65536,7659.01
285392,16,65536,7659.01
285408,16,65536,7659.01
285424,16,65536,7659.01
285440,16,65536,7659.01
285456,16,65536,7659.01
285472,16,65536,7659.01
285488,16,65536,7659.01
285504,16,65536,7659.01
285520,16,65536,7659.01
285536,16,65536,7659.01
285552,16,65536,7659.01
285568,16,65536,7659.01
285584,16,65536,7659.01
285600,16,65536,7659.01
285616,16,65536,7659.01
285632,16,65536,7659.01
285648,16,65536,7659.01
285664,16,65536,7659.01
285680,16,65536,7659.01
285696,16,65536,7659.01
285712,16,65536,7659.01
285728,16,65536,7659.01
285744,16,65536,7659.01
285760,16,65536,7659.01
285776,16,65536,7659.01
285792,16,65536,7659.01
285808,16,65536,7659.01
285824,16,65536,7659.01
285840,16,65536,7659.01
285856,16,65536,7659.01
285872,16,65536,7659.01
285888,16,65536,7659.01
285904,16,65536,7659.01
285920,16,65536,7659.01
285936,16,65536,7659.01
285952,16,65536,7659.01
285968,16,65536,7659.01
285984,16,65536,7659.01
286000,16,65536,7659.01
286016,16,65536,7659.01
286032,16,65536,7659.01
286048,16,65536,7659.01
286064,16,65536,7659.01
286080,16,65536,7659.01
286096,16,65536,7659.01
286112,16,65536,7659.01
286128,16,65536,7659.01
286144,16,65536,7659.01
286160,16,65536,7659.01
286176,16,65536,7659.01
286192,16,65536,7659.01
286208,16,65536,7659.01
286224,16,65536,7659.01
286240,16,65536,7659.01
286256,16,65536,7659.01
286272,16,65536,7659.01
286288,16,65536,7659.01
286304,16,65536,7659.01
286320,16,65536,7659.01
286336,16,65536,7659.01
286352,16,65536,7659.01
286368,16,65536,7659.01
286384,16,65536,7659.01
286400,16,65536,7659.01
286416,16,65536,7659.01
286432,16,65536,7659.01
286448,16,65536,7659.01
286464,16,65536,7659.01
286480,16,65536,7659.01
286496,16,65536,7659.01
286512,16,65536,7659.01
286528,16,65536,7659.01
286544,16,65536,7659.01
286560,16,65536,7659.01
286576,16,65536,7659.01
286592,16,65536,7659.01
286608,16,65536,7659.01
286624,16,65536,7659.01
286640,16,65536,7659.01
286656,16,65536,7659.01
286672,16,65536,7659.01
286688,16,65536,7659.01
286704,16,65536,7659.01
286720,16,65536,7659.01
286736,16,65536,7659.01
286752,16,65536,7659.01
286768,16,65536,7659.01
286784,16,65536,7659.01
286800,16,65536,7659.01
286816,16,65536,7659.01
286832,16,65536,7659.01
286848,16,65536,7659.01
286864,16,65536,7659.01
286880,16,65536,7659.01
286896,16,65536,7659.01
286912,16,65536,7659.01
286928,16,65536,7659.01
286944,16,65536,7659.01
286960,16,65536,7659.01
286976,16,65536,7659.01
286992,16,65536,7659.01
287008,16,65536,7659.01
287024,16,65536,7659.01
287040,16,65536,7659.01
287056,16,65536,7659.01
287072,16,65536,7659.01
287088,16,65536,7659.01
287104,16,65536,7659.01
287120,16,65536,7659.01
287136,16,65536,7659.01
287152,16,65536,7659.01
287168,16,65536,7659.01
287184,16,65536,7659.01
287200,16,65536,7659.01
287216,16,65536,7659.01
287232,16,65536,7659.01
287248,16,65536,7659.01
287264,16,65536,7659.01
287280,16,65536,7659.01
287296,16,65536,7659.01
287312,16,65536,7659.01
287328,16,65536,7659.01
287344,16,65536,7659.01
287360,16,65536,7659.01
287376,16,65536,7659.01
287392,16,65536,7659.01
287408,16,65536,7659.01
287424,16,65536,7659.01
287440,16,65536,7659.01
287456,16,65536,7659.01
287472,16,65536,7659.01
287488,16,65536,7659.01
287504,16,65536,7659.01
287520,16,65536,7659.01
287536,16,65536,7659.01
287552,16,65536,7659.01
287568,16,65536,7659.01
287584,16,65536,7659.01
287600,16,65536,7659.01
287616,16,65536,7659.01
287632,16,65536,7659.01
287648,16,65536,7659.01
287664,16,65536,7659.01
287680,16,65536,7659.01
287696,16,65536,7659.01
287712,16,65536,7659.01
287728,16,65536,7659.01
287744,16,65536,7659.01
287760,16,65536,7659.01
287776,16,65536,7659.01
287792,16,65536,7659.01
287808,16,65536,7659.01
287824,16,65536,7659.01
287840,16,65536,7659.01
287856,16,65536,7659.01
287872,16,65536,7659.01
287888,16,65536,7659.01
287904,16,65536,7659.01
287920,16,65536,7659.01
287936,16,65536,7659.01
287952,16,65536,7659.01
287968,16,65536,7659.01
287984,16,65536,7659.01
288000,16,65536,7659.01
288016,16,65536,7659.01
288032,16,65536,7659.01
288048,16,65536,7659.01
288064,16,65536,7659.01
288080,16,65536,7659.01
288096,16,65536,7659.01
288112,16,65536,7659.01
288128,16,65536,7659.01
288144,16,65536,7659.01
288160,16,65536,7659.01
288176,16,65536,7659.01
288192,16,65536,7659.01
288208,16,65536,7659.01
288224,16,65536,7659.01
288240,16,65536,7659.01
288256,16,65536,7659.01
288272,16,65536,7659.01
288288,16,65536,7659.01
288304,16,65536,7659.01
288320,16,65536,7659.01
288336,16,65536,7659.01
288352,16,65536,7659.01
288368,16,65536,7659.01
288384,16,65536,7659.01
288400,16,65536,7659.01
288416,16,65536,7659.01
288432,16,65536,7659.01
288448,16,65536,7659.01
288464,16,65536,7659.01
288480,16,65536,7659.01
288496,16,65536,7659.01
288512,16,65536,7659.01
288528,16,65536,7659.01
288544,16,65536,7659.01
288560,16,65536,7659.01
288576,16,65536,7659.01
288592,16,65536,7659.01
288608,16,65536,7659.01
288624,16,65536,7659.01
288640,16,65536,7659.01
288656,16,65536,7659.01
288672,16,65536,7659.01
288688,16,65536,7659.01
288704,16,65536,7659.01
288720,16,65536,7659.01
288736,16,65536,7659.01
288752,16,65536,7659.01
288768,16,65536,7659.01
288784,16,65536,7659.01
288800,16,65536,7659.01
288816,16,65536,7659.01
288832,16,65536,7659.01
288848,16,65536,7659.01
288864,16,65536,7659.01
288880,16,65536,7659.01
288896,16,65536,7659.01
288912,16,65536,7659.01
288928,16,65536,7659.01
288944,16,65536,7659.01
288960,16,65536,7659.01
288976,16,65536,7659.01
288992,16,65536,7659.01
289008,16,65536,7659.01
289024,16,65536,7659.01
289040,16,65536,7659.01
289056,16,65536,7659.01
289072,16,65536,7659.01
289088,16,65536,7659.01
289104,16,65536,7659.01
289120,16,65536,7659.01
289136,16,65536,7659.01
289152,16,65536,7659.01
289168,16,65536,7659.01
289184,16,65536,7659.01
289200,16,65536,7659.01
289216,16,65536,7659.01
289232,16,65536,7659.01
289248,16,65536,7659.01
289264,16,65536,7659.01
289280,16,65536,7659.01
289296,16,65536,7659.01
289312,16,65536,7659.01
289328,16,65536,7659.01
289344,16,65536,7659.01
289360,16,65536,7659.01
289376,16,65536,7659.01
289392,16,65536,7659.01
289408,16,65536,7659.01
289424,16,65536,7659.01
289440,16,65536,7659.01
289456,16,65536,7659.01
289472,16,65536,7659.01
289488,16,65536,7659.01
289504,16,65536,7659.01
289520,16,65536,7659.01
289536,16,65536,7659.01
289552,16,65536,7659.01
289568,16,65536,7659.01
289584,16,65536,7659.01
289600,16,65536,7659.01
289616,16,65536,7659.01
289632,16,65536,7659.01
289648,16,65536,7659.01
289664,16,65536,7659.01
289680,16,65536,7659.01
289696,16,65536,7659.01
289712,16,65536,7659.01
289728,16,65536,7659.01
289744,16,65536,7659.01
289760,16,65536,7659.01
289776,16,65536,7659.01
289792,16,65536,7659.01
289808,16,65536,7659.01
289824,16,65536,7659.01
289840,16,65536,7659.01
289856,16,65536,7659.01
289872,16,65536,7659.01
289888,16,65536,7659.01
289904,16,65536,7659.01
289920,16,65536,7659.01
289936,16,65536,7659.01
289952,16,65536,7659.01
289968,16,65536,7659.01
289984,16,65536,7659.01
290000,16,65536,7659.01
290016,16,65536,7659.01
290032,16,65536,7659.01
290048,16,65536,7659.01
290064,16,65536,7659.01
290080,16,65536,7659.01
290096,16,65536,7659.01
290112,16,65536,7659.01
290128,16,65536,7659.01
290144,16,65536,7659.01
290160,16,65536,7659.01
290176,16,65536,7659.01
290192,16,65536,7659.01
290208,16,65536,7659.01
290224,16,65536,7659.01
290240,16,65536,7659.01
290256,16,65536,7659.01
290272,16,65536,7659.01
290288,16,65536,7659.01
290304,16,65536,7659.01
290320,16,65536,7659.01
290336,16,65536,7659.01
290352,16,65536,7659.01
290368,16,65536,7659.01
290384,16,65536,7659.01
290400,16,65536,7659.01
290416,16,65536,7659.01
290432,16,65536,7659.01
290448,16,65536,7659.01
290464,16,65536,7659.01
290480,16,65536,7659.01
290496,16,65536,7659.01
290512,16,65536,7659.01
290528,16,65536,7659.01
290544,16,65536,7659.01
290560,16,65536,7659.01
290576,16,65536,7659.01
290592,16,65536,7659.01
290608,16,65536,7659.01
290624,16,65536,7659.01
290640,16,65536,7659.01
290656,16,65536,7659.01
290672,16,65536,7659.01
290688,16,65536,7659.01
290704,16,65536,7659.01
290720,16,65536,7659.01
290736,16,65536,7659.01
290752,16,65536,7659.01
290768,16,65536,7659.01
290784,16,65536,7659.01
290800,16,65536,7659.01
290816,16,65536,7659.01
290832,16,65536,7659.01
290848,16,65536,7659.01
290864,16,65536,7659.01
290880,16,65536,7659.01
290896,16,65536,7659.01
290912,16,65536,7659.01
290928,16,65536,7659.01
290944,16,65536,7659.01
290960,16,65536,7659.01
290976,16,65536,7659.01
290992,16,65536,7659.01
291008,16,65536,7659.01
291024,16,65536,7659.01
291040,16,65536,7659.01
291056,16,65536,7659.01
291072,16,65536,7659.01
291088,16,65536,7659.01
291104,16,65536,7659.01
291120,16,65536,7659.01
291136,16,65536,7659.01
291152,16,65536,7659.01
291168,16,65536,7659.01
291184,16,65536,7659.01
291200,16,65536,7659.01
291216,16,65536,7659.01
291232,16,65536,7659.01
291248,16,65536,7659.01
291264,16,65536,7659.01
291280,16,65536,7659.01
291296,16,65536,7659.01
291312,16,65536,7659.01
291328,16,65536,7659.01
291344,16,65536,7659.01
291360,16,65536,7659.01
291376,16,65536,7659.01
291392,16,65536,7659.01
291408,16,65536,7659.01
291424,16,65536,7659.01
291440,16,65536,7659.01
291456,16,65536,7659.01
291472,16,65536,7659.01
291488,16,65536,7659.01
291504,16,65536,7659.01
291520,16,65536,7659.01
291536,16,65536,7659.01
291552,16,65536,7659.01
291568,16,65536,7659.01
291584,16,65536,7659.01
291600,16,65536,7659.01
291616,16,65536,7659.01
291632,16,65536,7659.01
291648,16,65536,7659.01
291664,16,65536,7659.01
291680,16,65536,7659.01
291696,16,65536,7659.01
291712,16,65536,7659.01
291728,16,65536,7659.01
291744,16,65536,7659.01
291760,16,65536,7659.01
291776,16,65536,7659.01
291792,16,65536,7659.01
291808,16,65536,7659.01
291824,16,65536,7659.01
291840,16,65536,7659.01
291856,16,65536,7659.01
291872,16,65536,7659.01
291888,16,65536,7659.01
291904,16,65536,7659.01
291920,16,65536,7659.01
291936,16,65536,7659.01
291952,16,65536,7659.01
291968,16,65536,7659.01
291984,16,65536,7659.01
292000,16,65536,7659.01
292016,16,65536,7659.01
292032,16,65536,7659.01
292048,16,65536,7659.01
292064,16,65536,7659.01
292080,16,65536,7659.01
292096,16,65536,7659.01
292112,16,65536,7659.01
292128,16,65536,7659.01
292144,16,65536,7659.01
292160,16,65536,7659.01
292176,16,65536,7659.01
292192,16,65536,7659.01
292208,16,65536,7659.01
292224,16,65536,7659.01
292240,16,65536,7659.01
292256,16,65536,7659.01
292272,16,65536,7659.01
292288,16,65536,7659.01
292304,16,65536,7659.01
292320,16,65536,7659.01
292336,16,65536,7659.01
292352,16,65536,7659.01
292368,16,65536,7659.01
292384,16,65536,7659.01
292400,16,65536,7659.01
292416,16,65536,7659.01
292432,16,65536,7659.01
292448,16,65536,7659.01
292464,16,65536,7659.01
292480,16,65536,7659.01
292496,16,65536,7659.01
292512,16,65536,7659.01
292528,16,65536,7659.01
292544,16,65536,7659.01
292560,16,65536,7659.01
292576,16,65536,7659.01
292592,16,65536,7659.01
292608,16,65536,7659.01
292624,16,65536,7659.01
292640,16,65536,7659.01
292656,16,65536,7659.01
292672,16,65536,7659.01
292688,16,65536,7659.01
292704,16,65536,7659.01
292720,16,65536,7659.01
292736,16,65536,7659.01
292752,16,65536,7659.01
292768,16,65536,7659.01
292784,16,65536,7659.01
292800,16,65536,7659.01
292816,16,65536,7659.01
292832,16,65536,7659.01
292848,16,65536,7659.01
292864,16,65536,7659.01
292880,16,65536,7659.01
292896,16,65536,7659.01
292912,16,65536,7659.01
292928,16,65536,7659.01
292944,16,65536,7659.01
292960,16,65536,7659.01
292976,16,65536,7659.01
292992,16,65536,7659.01
293008,16,65536,7659.01
293024,16,65536,7659.01
293040,16,65536,7659.01
293056,16,65536,7659.01
293072,16,65536,7659.01
293088,16,65536,7659.01
293104,16,65536,7659.01
293120,16,65536,7659.01
293136,16,65536,7659.01
293152,16,65536,7659.01
293168,16,65536,7659.01
293184,16,65536,7659.01
293200,16,65536,7659.01
293216,16,65536,7659.01
293232,16,65536,7659.01
293248,16,65536,7659.01
293264,16,65536,7659.01
293280,16,65536,7659.01
293296,16,65536,7659.01
293312,16,65536,7659.01
293328,16,65536,7659.01
293344,16,65536,7659.01
293360,16,65536,7659.01
293376,16,65536,7659.01
293392,16,65536,7659.01
293408,16,65536,7659.01
293424,16,65536,7659.01
293440,16,65536,7659.01
293456,16,65536,7659.01
293472,16,65536,7659.01
293488,16,65536,7659.01
293504,16,65536,7659.01
293520,16,65536,7659.01
293536,16,65536,7659.01
293552,16,65536,7659.01
293568,16,65536,7659.01
293584,16,65536,7659.01
293600,16,65536,7659.01
293616,16,65536,7659.01
293632,16,65536,7659.01
293648,16,65536,7659.01
293664,16,65536,7659.01
293680,16,65536,7659.01
293696,16,65536,7659.01
293712,16,65536,7659.01
293728,16,65536,7659.01
293744,16,65536,7659.01
293760,16,65536,7659.01
293776,16,65536,7659.01
293792,16,65536,7659.01
293808,16,65536,7659.01
293824,16,65536,7659.01
293840,16,65536,7659.01
293856,16,65536,7659.01
293872,16,65536,7659.01
293888,16,65536,7659.01
293904,16,65536,7659.01
293920,16,65536,7659.01
293936,16,65536,7659.01
293952,16,65536,7659.01
293968,16,65536,7659.01
293984,16,65536,7659.01
294000,16,65536,7659.01
294016,16,65536,7659.01
294032,16,65536,7659.01
294048,16,65536,7659.01
294064,16,65536,7659.01
294080,16,65536,7659.01
294096,16,65536,7659.01
294112,16,65536,7659.01
294128,16,65536,7659.01
294144,16,65536,7659.01
294160,16,65536,7659.01
294176,16,65536,7659.01
294192,16,65536,7659.01
294208,16,65536,7659.01
294224,16,65536,7659.01
294240,16,65536,7659.01
294256,16,65536,7659.01
294272,16,65536,7659.01
294288,16,65536,7659.01
294304,16,65536,7659.01
294320,16,65536,7659.01
294336,16,65536,7659.01
294352,16,65536,7659.01
294368,16,65536,7659.01
294384,16,65536,7659.01
294400,16,65536,7659.01
294416,16,65536,7659.01
294432,16,65536,7659.01
294448,16,65536,7659.01
294464,16,65536,7659.01
294480,16,65536,7659.01
294496,16,65536,7659.01
294512,16,65536,7659.01
294528,16,65536,7659.01
294544,16,65536,7659.01
294560,16,65536,7659.01
294576,16,65536,7659.01
294592,16,65536,7659.01
294608,16,65536,7659.01
294624,16,65536,7659.01
294640,16,65536,7659.01
294656,16,65536,7659.01
294672,16,65536,7659.01
294688,16,65536,7659.01
294704,16,65536,7659.01
294720,16,65536,7659.01
294736,16,65536,7659.01
294752,16,65536,7659.01
294768,16,65536,7659.01
294784,16,65536,7659.01
294800,16,65536,7659.01
294816,16,65536,7659.01
294832,16,65536,7659.01
294848,16,65536,7659.01
294864,16,65536,7659.01
294880,16,65536,7659.01
294896,16,65536,7659.01
294912,16,65536,7659.01
294928,16,65536,7659.01
294944,16,65536,7659.01
294960,16,65536,7659.01
294976,16,65536,7659.01
294992,16,65536,7659.01
295008,16,65536,7659.01
295024,16,65536,7659.01
295040,16,65536,7659.01
295056,16,65536,7659.01
295072,16,65536,7659.01
295088,16,65536,7659.01
295104,16,65536,7659.01
295120,16,65536,7659.01
295136,16,65536,7659.01
295152,16,65536,7659.01
295168,16,65536,7659.01
295184,16,65536,7659.01
295200,16,65536,7659.01
295216,16,65536,7659.01
295232,16,65536,7659.01
295248,16,65536,7659.01
295264,16,65536,7659.01
295280,16,65536,7659.01
295296,16,65536,7659.01
295312,16,65536,7659.01
295328,16,65536,7659.01
295344,16,65536,7659.01
295360,16,65536,7659.01
295376,16,65536,7659.01
295392,16,65536,7659.01
295408,16,65536,7659.01
295424,16,65536,7659.01
295440,16,65536,7659.01
295456,16,65536,7659.01
295472,16,65536,7659.01
295488,16,65536,7659.01
295504,16,65536,7659.01
295520,16,65536,7659.01
295536,16,65536,7659.01
295552,16,65536,7659.01
295568,16,65536,7659.01
295584,16,65536,7659.01
295600,16,65536,7659.01
295616,16,65536,7659.01
295632,16,65536,7659.01
295648,16,65536,7659.01
295664,16,65536,7659.01
295680,16,65536,7659.01
295696,16,65536,7659.01
295712,16,65536,7659.01
295728,16,65536,7659.01
295744,16,65536,7659.01
295760,16,65536,7659.01
295776,16,65536,7659.01
295792,16,65536,7659.01
295808,16,65536,7659.01
295824,16,65536,7659.01
295840,16,65536,7659.01
295856,16,65536,7659.01
295872,16,65536,7659.01
295888,16,65536,7659.01
295904,16,65536,7659.01
295920,16,65536,7659.01
295936,16,65536,7659.01
295952,16,65536,7659.01
295968,16,65536,7659.01
295984,16,65536,7659.01
296000,16,65536,7659.01
296016,16,65536,7659.01
296032,16,65536,7659.01
296048,16,65536,7659.01
296064,16,65536,7659.01
296080,16,65536,7659.01
296096,16,65536,7659.01
296112,16,65536,7659.01
296128,16,65536,7659.01
296144,16,65536,7659.01
296160,16,65536,7659.01
296176,16,65536,7659.01
296192,16,65536,7659.01
296208,16,65536,7659.01
296224,16,65536,7659.01
296240,16,65536,7659.01
296256,16,65536,7659.01
296272,16,65536,7659.01
296288,16,65536,7659.01
296304,16,65536,7659.01
296320,16,65536,7659.01
296336,16,65536,7659.01
296352,16,65536,7659.01
296368,16,65536,7659.01
296384,16,65536,7659.01
296400,16,65536,7659.01
296416,16,65536,7659.01
296432,16,65536,7659.01
296448,16,65536,7659.01
296464,16,65536,7659.01
296480,16,65536,7659.01
296496,16,65536,7659.01
296512,16,65536,7659.01
296528,16,65536,7659.01
296544,16,65536,7659.01
296560,16,65536,7659.01
296576,16,65536,7659.01
296592,16,65536,7659.01
296608,16,65536,7659.01
296624,16,65536,7659.01
296640,16,65536,7659.01
296656,16,65536,7659.01
296672,16,65536,7659.01
296688,16,65536,7659.01
296704,16,65536,7659.01
296720,16,65536,7659.01
296736,16,65536,7659.01
296752,16,65536,7659.01
296768,16,65536,7659.01
296784,16,65536,7659.01
296800,16,65536,7659.01
296816,16,65536,7659.01
296832,16,65536,7659.01
296848,16,65536,7659.01
296864,16,65536,7659.01
296880,16,65536,7659.01
296896,16,65536,7659.01
296912,16,65536,7659.01
296928,16,65536,7659.01
296944,16,65536,7659.01
296960,16,65536,7659.01
296976,16,65536,7659.01
296992,16,65536,7659.01
297008,16,65536,7659.01
297024,16,65536,7659.01
297040,16,65536,7659.01
297056,16,65536,7659.01
297072,16,65536,7659.01
297088,16,65536,7659.01
297104,16,65536,7659.01
297120,16,65536,7659.01
297136,16,65536,7659.01
297152,16,65536,7659.01
297168,16,65536,7659.01
297184,16,65536,7659.01
297200,16,65536,7659.01
297216,16,65536,7659.01
297232,16,65536,7659.01
297248,16,65536,7659.01
297264,16,65536,7659.01
297280,16,65536,7659.01
297296,16,65536,7659.01
297312,16,65536,7659.01
297328,16,65536,7659.01
297344,16,65536,7659.01
297360,16,65536,7659.01
297376,16,65536,7659.01
297392,16,65536,7659.01
297408,16,65536,7659.01
297424,16,65536,7659.01
297440,16,65536,7659.01
297456,16,65536,7659.01
297472,16,65536,7659.01
297488,16,65536,7659.01
297504,16,65536,7659.01
297520,16,65536,7659.01
297536,16,65536,7659.01
297552,16,65536,7659.01
297568,16,65536,7659.01
297584,16,65536,7659.01
297600,16,65536,7659.01
297616,16,65536,7659.01
297632,16,65536,7659.01
297648,16,65536,7659.01
297664,16,65536,7659.01
297680,16,65536,7659.01
297696,16,65536,7659.01
297712,16,65536,7659.01
297728,16,65536,7659.01
297744,16,65536,7659.01
297760,16,65536,7659.01
297776,16,65536,7659.01
297792,16,65536,7659.01
297808,16,65536,7659.01
297824,16,65536,7659.01
297840,16,65536,7659.01
297856,16,65536,7659.01
297872,16,65536,7659.01
297888,16,65536,7659.01
297904,16,65536,7659.01
297920,16,65536,7659.01
297936,16,65536,7659.01
297952,16,65536,7659.01
297968,16,65536,7659.01
297984,16,65536,7659.01
298000,16,65536,7659.01
298016,16,65536,7659.01
298032,16,65536,7659.01
298048,16,65536,7659.01
298064,16,65536,7659.01
298080,16,65536,7659.01
298096,16,65536,7659.01
298112,16,65536,7659.01
298128,16,65536,7659.01
298144,16,65536,7659.01
298160,16,65536,7659.01
298176,16,65536,7659.01
298192,16,65536,7659.01
298208,16,65536,7659.01
298224,16,65536,7659.01
298240,16,65536,7659.01
298256,16,65536,7659.01
298272,16,65536,7659.01
298288,16,65536,7659.01
298304,16,65536,7659.01
298320,16,65536,7659.01
298336,16,65536,7659.01
298352,16,65536,7659.01
298368,16,65536,7659.01
298384,16,65536,7659.01
298400,16,65536,7659.01
298416,16,65536,7659.01
298432,16,65536,7659.01
298448,16,65536,7659.01
298464,16,65536,7659.01
298480,16,65536,7659.01
298496,16,65536,7659.01
298512,16,65536,7659.01
298528,16,65536,7659.01
298544,16,65536,7659.01
298560,16,65536,7659.01
298576,16,65536,7659.01
298592,16,65536,7659.01
298608,16,65536,7659.01
298624,16,65536,7659.01
298640,16,65536,7659.01
298656,16,65536,7659.01
298672,16,65536,7659.01
298688,16,65536,7659.01
298704,16,65536,7659.01
298720,16,65536,7659.01
298736,16,65536,7659.01
298752,16,65536,7659.01
298768,16,65536,7659.01
298784,16,65536,7659.01
298800,16,65536,7659.01
298816,16,65536,7659.01
298832,16,65536,7659.01
298848,16,65536,7659.01
298864,16,65536,7659.01
298880,16,65536,7659.01
298896,16,65536,7659.01
298912,16,65536,7659.01
298928,16,65536,7659.01
298944,16,65536,7659.01
298960,16,65536,7659.01
298976,16,65536,7659.01
298992,16,65536,7659.01
299008,16,65536,7659.01
299024,16,65536,7659.01
299040,16,65536,7659.01
299056,16,65536,7659.01
299072,16,65536,7659.01
299088,16,65536,7659.01
299104,16,65536,7659.01
299120,16,65536,7659.01
299136,16,65536,7659.01
299152,16,65536,7659.01
299168,16,65536,7659.01
299184,16,65536,7659.01
299200,16,65536,7659.01
299216,16,65536,7659.01
299232,16,65536,7659.01
299248,16,65536,7659.01
299264,16,65536,7659.01
299280,16,65536,7659.01
299296,16,65536,7659.01
299312,16,65536,7659.01
299328,16,65536,7659.01
299344,16,65536,7659.01
299360,16,65536,7659.01
299376,16,65536,7659.01
299392,16,65536,7659.01
299408,16,65536,7659.01
299424,16,65536,7659.01
299440,16,65536,7659.01
299456,16,65536,7659.01
299472,16,65536,7659.01
299488,16,65536,7659.01
299504,16,65536,7659.01
299520,16,65536,7659.01
299536,16,65536,7659.01
299552,16,65536,7659.01
299568,16,65536,7659.01
299584,16,65536,7659.01
299600,16,65536,7659.01
299616,16,65536,7659.01
299632,16,65536,7659.01
299648,16,65536,7659.01
299664,16,65536,7659.01
299680,16,65536,7659.01
299696,16,65536,7659.01
299712,16,65536,7659.01
299728,16,65536,7659.01
299744,16,65536,7659.01
299760,16,65536,7659.01
299776,16,65536,7659.01
299792,16,65536,7659.01
299808,16,65536,7659.01
299824,16,65536,7659.01
299840,16,65536,7659.01
299856,16,65536,7659.01
299872,16,65536,7659.01
299888,16,65536,7659.01
299904,16,65536,7659.01
299920,16,65536,7659.01
299936,16,65536,7659.01
299952,16,65536,7659.01
299968,16,65536,7659.01
299984,16,65536,7659.01
300000,16,65536,7659.01
300016,16,65536,7659.01
300032,16,65536,7659.01
300048,16,65536,7659.01
300064,16,65536,7659.01
300080,16,65536,7659.01
300096,16,65536,7659.01
300112,16,65536,7659.01
300128,16,65536,7659.01
300144,16,65536,7659.01
300160,16,65536,7659.01
300176,16,65536,7659.01
300192,16,65536,7659.01
300208,16,65536,7659.01
300224,16,65536,7659.01
300240,16,65536,7659.01
300256,16,65536,7659.01
300272,16,65536,7659.01
300288,16,65536,7659.01
300304,16,65536,7659.01
300320,16,65536,7659.01
300336,16,65536,7659.01
300352,16,65536,7659.01
300368,16,65536,7659.01
300384,16,65536,7659.01
300400,16,65536,7659.01
300416,16,65536,7659.01
300432,16,65536,7659.01
300448,16,65536,7659.01
300464,16,65536,7659.01
300480,16,65536,7659.01
300496,16,65536,7659.01
300512,16,65536,7659.01
300528,16,65536,7659.01
300544,16,65536,7659.01
300560,16,65536,7659.01
300576,16,65536,7659.01
300592,16,65536,7659.01
300608,16,65536,7659.01
300624,16,65536,7659.01
300640,16,65536,7659.01
300656,16,65536,7659.01
300672,16,65536,7659.01
300688,16,65536,7659.01
300704,16,65536,7659.01
300720,16,65536,7659.01
300736,16,65536,7659.01
300752,16,65536,7659.01
300768,16,65536,7659.01
300784,16,65536,7659.01
300800,16,65536,7659.01
300816,16,65536,7659.01
300832,16,65536,7659.01
300848,16,65536,7659.01
300864,16,65536,7659.01
300880,16,65536,7659.01
300896,16,65536,7659.01
300912,16,65536,7659.01
300928,16,65536,7659.01
300944,16,65536,7659.01
300960,16,65536,7659.01
300976,16,65536,7659.01
300992,16,65536,7659.01
301008,16,65536,7659.01
301024,16,65536,7659.01
301040,16,65536,7659.01
301056,16,65536,7659.01
301072,16,65536,7659.01
301088,16,65536,7659.01
301104,16,65536,7659.01
301120,16,65536,7659.01
301136,16,65536,7659.01
301152,16,65536,7659.01
301168,16,65536,7659.01
301184,16,65536,7659.01
301200,16,65536,7659.01
301216,16,65536,7659.01
301232,16,65536,7659.01
301248,16,65536,7659.01
301264,16,65536,7659.01
301280,16,65536,7659.01
301296,16,65536,7659.01
301312,16,65536,7659.01
301328,16,65536,7659.01
301344,16,65536,7659.01
301360,16,65536,7659.01
301376,16,65536,7659.01
301392,16,65536,7659.01
301408,16,65536,7659.01
301424,16,65536,7659.01
301440,16,65536,7659.01
301456,16,65536,7659.01
301472,16,65536,7659.01
301488,16,65536,7659.01
301504,16,65536,7659.01
301520,16,65536,7659.01
301536,16,65536,7659.01
301552,16,65536,7659.01
301568,16,65536,7659.01
301584,16,65536,7659.01
301600,16,65536,7659.01
301616,16,65536,7659.01
301632,16,65536,7659.01
301648,16,65536,7659.01
301664,16,65536,7659.01
301680,16,65536,7659.01
301696,16,65536,7659.01
301712,16,65536,7659.01
301728,16,65536,7659.01
301744,16,65536,7659.01
301760,16,65536,7659.01
301776,16,65536,7659.01
301792,16,65536,7659.01
301808,16,65536,7659.01
301824,16,65536,7659.01
301840,16,65536,7659.01
301856,16,65536,7659.01
301872,16,65536,7659.01
301888,16,65536,7659.01
301904,16,65536,7659.01
301920,16,65536,7659.01
301936,16,65536,7659.01
301952,16,65536,7659.01
301968,16,65536,7659.01
301984,16,65536,7659.01
302000,16,65536,7659.01
302016,16,65536,7659.01
302032,16,65536,7659.01
302048,16,65536,7659.01
302064,16,65536,7659.01
302080,16,65536,7659.01
302096,16,65536,7659.01
302112,16,65536,7659.01
302128,16,65536,7659.01
302144,16,65536,7659.01
302160,16,65536,7659.01
302176,16,65536,7659.01
302192,16,65536,7659.01
302208,16,65536,7659.01
302224,16,65536,7659.01
302240,16,65536,7659.01
302256,16,65536,7659.01
302272,16,65536,7659.01
302288,16,65536,7659.01
302304,16,65536,7659.01
302320,16,65536,7659.01
302336,16,65536,7659.01
302352,16,65536,7659.01
302368,16,65536,7659.01
302384,16,65536,7659.01
302400,16,65536,7659.01
302416,16,65536,7659.01
302432,16,65536,7659.01
302448,16,65536,7659.01
302464,16,65536,7659.01
302480,16,65536,7659.01
302496,16,65536,7659.01
302512,16,65536,7659.01
302528,16,65536,7659.01
302544,16,65536,7659.01
302560,16,65536,7659.01
302576,16,65536,7659.01
302592,16,65536,7659.01
302608,16,65536,7659.01
302624,16,65536,7659.01
302640,16,65536,7659.01
302656,16,65536,7659.01
302672,16,65536,7659.01
302688,16,65536,7659.01
302704,16,65536,7659.01
302720,16,65536,7659.01
302736,16,65536,7659.01
302752,16,65536,7659.01
302768,16,65536,7659.01
302784,16,65536,7659.01
302800,16,65536,7659.01
302816,16,65536,7659.01
302832,16,65536,7659.01
302848,16,65536,7659.01
302864,16,65536,7659.01
302880,16,65536,7659.01
302896,16,65536,7659.01
302912,16,65536,7659.01
302928,16,65536,7659.01
302944,16,65536,7659.01
302960,16,65536,7659.01
302976,16,65536,7659.01
302992,16,65536,7659.01
303008,16,65536,7659.01
303024,16,65536,7659.01
303040,16,65536,7659.01
303056,16,65536,7659.01
303072,16,65536,7659.01
303088,16,65536,7659.01
303104,16,65536,7659.01
303120,16,65536,7659.01
303136,16,65536,7659.01
303152,16,65536,7659.01
303168,16,65536,7659.01
303184,16,65536,7659.01
303200,16,65536,7659.01
303216,16,65536,7659.01
303232,16,65536,7659.01
303248,16,65536,7659.01
303264,16,65536,7659.01
303280,16,65536,7659.01
303296,16,65536,7659.01
303312,16,65536,7659.01
303328,16,65536,7659.01
303344,16,65536,7659.01
303360,16,65536,7659.01
303376,16,65536,7659.01
303392,16,65536,7659.01
303408,16,65536,7659.01
303424,16,65536,7659.01
303440,16,65536,7659.01
303456,16,65536,7659.01
303472,16,65536,7659.01
303488,16,65536,7659.01
303504,16,65536,7659.01
303520,16,65536,7659.01
303536,16,65536,7659.01
303552,16,65536,7659.01
303568,16,65536,7659.01
303584,16,65536,7659.01
303600,16,65536,7659.01
303616,16,65536,7659.01
303632,16,65536,7659.01
303648,16,65536,7659.01
303664,16,65536,7659.01
303680,16,65536,7659.01
303696,16,65536,7659.01
303712,16,65536,7659.01
303728,16,65536,7659.01
303744,16,65536,7659.01
303760,16,65536,7659.01
303776,16,65536,7659.01
303792,16,65536,7659.01
303808,16,65536,7659.01
303824,16,65536,7659.01
303840,16,65536,7659.01
303856,16,65536,7659.01
303872,16,65536,7659.01
303888,16,65536,7659.01
303904,16,65536,7659.01
303920,16,65536,7659.01
303936,16,65536,7659.01
303952,16,65536,7659.01
303968,16,65536,7659.01
303984,16,65536,7659.01
304000,16,65536,7659.01
304016,16,65536,7659.01
304032,16,65536,7659.01
304048,16,65536,7659.01
304064,16,65536,7659.01
304080,16,65536,7659.01
304096,16,65536,7659.01
304112,16,65536,7659.01
304128,16,65536,7659.01
304144,16,65536,7659.01
304160,16,65536,7659.01
304176,16,65536,7659.01
304192,16,65536,7659.01
304208,16,65536,7659.01
304224,16,65536,7659.01
304240,16,65536,7659.01
304256,16,65536,7659.01
304272,16,65536,7659.01
304288,16,65536,7659.01
304304,16,65536,7659.01
304320,16,65536,7659.01
304336,16,65536,7659.01
304352,16,65536,7659.01
304368,16,65536,7659.01
304384,16,65536,7659.01
304400,16,65536,7659.01
304416,16,65536,7659.01
304432,16,65536,7659.01
304448,16,65536,7659.01
304464,16,65536,7659.01
304480,16,65536,7659.01
304496,16,65536,7659.01
304512,16,65536,7659.01
304528,16,65536,7659.01
304544,16,65536,7659.01
304560,16,65536,7659.01
304576,16,65536,7659.01
304592,16,65536,7659.01
304608,16,65536,7659.01
304624,16,65536,7659.01
304640,16,65536,7659.01
304656,16,65536,7659.01
304672,16,65536,7659.01
304688,16,65536,7659.01
304704,16,65536,7659.01
304720,16,65536,7659.01
304736,16,65536,7659.01
304752,16,65536,7659.01
304768,16,65536,7659.01
304784,16,65536,7659.01
304800,16,65536,7659.01
304816,16,65536,7659.01
304832,16,65536,7659.01
304848,16,65536,7659.01
304864,16,65536,7659.01
304880,16,65536,7659.01
304896,16,65536,7659.01
304912,16,65536,7659.01
304928,16,65536,7659.01
304944,16,65536,7659.01
304960,16,65536,7659.01
304976,16,65536,7659.01
304992,16,65536,7659.01
305008,16,65536,7659.01
305024,16,65536,7659.01
305040,16,65536,7659.01
305056,16,65536,7659.01
305072,16,65536,7659.01
305088,16,65536,7659.01
305104,16,65536,7659.01
305120,16,65536,7659.01
305136,16,65536,7659.01
305152,16,65536,7659.01
305168,16,65536,7659.01
305184,16,65536,7659.01
305200,16,65536,7659.01
305216,16,65536,7659.01
305232,16,65536,7659.01
305248,16,65536,7659.01
305264,16,65536,7659.01
305280,16,65536,7659.01
305296,16,65536,7659.01
305312,16,65536,7659.01
305328,16,65536,7659.01
305344,16,65536,7659.01
305360,16,65536,7659.01
305376,16,65536,7659.01
305392,16,65536,7659.01
305408,16,65536,7659.01
305424,16,65536,7659.01
305440,16,65536,7659.01
305456,16,65536,7659.01
305472,16,65536,7659.01
305488,16,65536,7659.01
305504,16,65536,7659.01
305520,16,65536,7659.01
305536,16,65536,7659.01
305552,16,65536,7659.01
305568,16,65536,7659.01
305584,16,65536,7659.01
305600,16,65536,7659.01
305616,16,65536,7659.01
305632,16,65536,7659.01
305648,16,65536,7659.01
305664,16,65536,7659.01
305680,16,65536,7659.01
305696,16,65536,7659.01
305712,16,65536,7659.01
305728,16,65536,7659.01
305744,16,65536,7659.01
305760,16,65536,7659.01
305776,16,65536,7659.01
305792,16,65536,7659.01
305808,16,65536,7659.01
305824,16,65536,7659.01
305840,16,65536,7659.01
305856,16,65536,7659.01
305872,16,65536,7659.01
305888,16,65536,7659.01
305904,16,65536,7659.01
305920,16,65536,7659.01
305936,16,65536,7659.01
305952,16,65536,7659.01
305968,16,65536,7659.01
305984,16,65536,7659.01
306000,16,65536,7659.01
306016,16,65536,7659.01
306032,16,65536,7659.01
306048,16,65536,7659.01
306064,16,65536,7659.01
306080,16,65536,7659.01
306096,16,65536,7659.01
306112,16,65536,7659.01
306128,16,65536,7659.01
306144,16,65536,7659.01
306160,16,65536,7659.01
306176,16,65536,7659.01
306192,16,65536,7659.01
306208,16,65536,7659.01
306224,16,65536,7659.01
306240,16,65536,7659.01
306256,16,65536,7659.01
306272,16,65536,7659.01
306288,16,65536,7659.01
306304,16,65536,7659.01
306320,16,65536,7659.01
306336,16,65536,7659.01
306352,16,65536,7659.01
306368,16,65536,7659.01
306384,16,65536,7659.01
306400,16,65536,7659.01
306416,16,65536,7659.01
306432,16,65536,7659.01
306448,16,65536,7659.01
306464,16,65536,7659.01
306480,16,65536,7659.01
306496,16,65536,7659.01
306512,16,65536,7659.01
306528,16,65536,7659.01
306544,16,65536,7659.01
306560,16,65536,7659.01
306576,16,65536,7659.01
306592,16,65536,7659.01
306608,16,65536,7659.01
306624,16,65536,7659.01
306640,16,65536,7659.01
306656,16,65536,7659.01
306672,16,65536,7659.01
306688,16,65536,7659.01
306704,16,65536,7659.01
306720,16,65536,7659.01
306736,16,65536,7659.01
306752,16,65536,7659.01
306768,16,65536,7659.01
306784,16,65536,7659.01
306800,16,65536,7659.01
306816,16,65536,7659.01
306832,16,65536,7659.01
306848,16,65536,7659.01
306864,16,65536,7659.01
306880,16,65536,7659.01
306896,16,65536,7659.01
306912,16,65536,7659.01
306928,16,65536,7659.01
306944,16,65536,7659.01
306960,16,65536,7659.01
306976,16,65536,7659.01
306992,16,65536,7659.01
307008,16,65536,7659.01
307024,16,65536,7659.01
307040,16,65536,7659.01
307056,16,65536,7659.01
307072,16,65536,7659.01
307088,16,65536,7659.01
307104,16,65536,7659.01
307120,16,65536,7659.01
307136,16,65536,7659.01
307152,16,65536,7659.01
307168,16,65536,7659.01
307184,16,65536,7659.01
307200,16,65536,7659.01
307216,16,65536,7659.01
307232,16,65536,7659.01
307248,16,65536,7659.01
307264,16,65536,7659.01
307280,16,65536,7659.01
307296,16,65536,7659.01
307312,16,65536,7659.01
307328,16,65536,7659.01
307344,16,65536,7659.01
307360,16,65536,7659.01
307376,16,65536,7659.01
307392,16,65536,7659.01
307408,16,65536,7659.01
307424,16,65536,7659.01
307440,16,65536,7659.01
307456,16,65536,7659.01
307472,16,65536,7659.01
307488,16,65536,7659.01
307504,16,65536,7659.01
307520,16,65536,7659.01
307536,16,65536,7659.01
307552,16,65536,7659.01
307568,16,65536,7659.01
307584,16,65536,7659.01
307600,16,65536,7659.01
307616,16,65536,7659.01
307632,16,65536,7659.01
307648,16,65536,7659.01
307664,16,65536,7659.01
307680,16,65536,7659.01
307696,16,65536,7659.01
307712,16,65536,7659.01
307728,16,65536,7659.01
307744,16,65536,7659.01
307760,16,65536,7659.01
307776,16,65536,7659.01
307792,16,65536,7659.01
307808,16,65536,7659.01
307824,16,65536,7659.01
307840,16,65536,7659.01
307856,16,65536,7659.01
307872,16,65536,7659.01
307888,16,65536,7659.01
307904,16,65536,7659.01
307920,16,65536,7659.01
307936,16,65536,7659.01
307952,16,65536,7659.01
307968,16,65536,7659.01
307984,16,65536,7659.01
308000,16,65536,7659.01
308016,16,65536,7659.01
308032,16,65536,7659.01
308048,16,65536,7659.01
308064,16,65536,7659.01
308080,16,65536,7659.01
308096,16,65536,7659.01
308112,16,65536,7659.01
308128,16,65536,7659.01
308144,16,65536,7659.01
308160,16,65536,7659.01
308176,16,65536,7659.01
308192,16,65536,7659.01
308208,16,65536,7659.01
308224,16,65536,7659.01
308240,16,65536,7659.01
308256,16,65536,7659.01
308272,16,65536,7659.01
308288,16,65536,7659.01
308304,16,65536,7659.01
308320,16,65536,7659.01
308336,16,65536,7659.01
308352,16,65536,7659.01
308368,16,65536,7659.01
308384,16,65536,7659.01
308400,16,65536,7659.01
308416,16,65536,7659.01
308432,16,65536,7659.01
308448,16,65536,7659.01
308464,16,65536,7659.01
308480,16,65536,7659.01
308496,16,65536,7659.01
308512,16,65536,7659.01
308528,16,65536,7659.01
308544,16,65536,7659.01
308560,16,65536,7659.01
308576,16,65536,7659.01
308592,16,65536,7659.01
308608,16,65536,7659.01
308624,16,65536,7659.01
308640,16,65536,7659.01
308656,16,65536,7659.01
308672,16,65536,7659.01
308688,16,65536,7659.01
308704,16,65536,7659.01
308720,16,65536,7659.01
308736,16,65536,7659.01
308752,16,65536,7659.01
308768,16,65536,7659.01
308784,16,65536,7659.01
308800,16,65536,7659.01
308816,16,65536,7659.01
308832,16,65536,7659.01
308848,16,65536,7659.01
308864,16,65536,7659.01
308880,16,65536,7659.01
308896,16,65536,7659.01
308912,16,65536,7659.01
308928,16,65536,7659.01
308944,16,65536,7659.01
308960,16,65536,7659.01
308976,16,65536,7659.01
308992,16,65536,7659.01
309008,16,65536,7659.01
309024,16,65536,7659.01
309040,16,65536,7659.01
309056,16,65536,7659.01
309072,16,65536,7659.01
309088,16,65536,7659.01
309104,16,65536,7659.01
309120,16,65536,7659.01
309136,16,65536,7659.01
309152,16,65536,7659.01
309168,16,65536,7659.01
309184,16,65536,7659.01
309200,16,65536,7659.01
309216,16,65536,7659.01
309232,16,65536,7659.01
309248,16,65536,7659.01
309264,16,65536,7659.01
309280,16,65536,7659.01
309296,16,65536,7659.01
309312,16,65536,7659.01
309328,16,65536,7659.01
309344,16,65536,7659.01
309360,16,65536,7659.01
309376,16,65536,7659.01
309392,16,65536,7659.01
309408,16,65536,7659.01
309424,16,65536,7659.01
309440,16,65536,7659.01
309456,16,65536,7659.01
309472,16,65536,7659.01
309488,16,65536,7659.01
309504,16,65536,7659.01
309520,16,65536,7659.01
309536,16,65536,7659.01
309552,16,65536,7659.01
309568,16,65536,7659.01
309584,16,65536,7659.01
309600,16,65536,7659.01
309616,16,65536,7659.01
309632,16,65536,7659.01
309648,16,65536,7659.01
309664,16,65536,7659.01
309680,16,65536,7659.01
309696,16,65536,7659.01
309712,16,65536,7659.01
309728,16,65536,7659.01
309744,16,65536,7659.01
309760,16,65536,7659.01
309776,16,65536,7659.01
309792,16,65536,7659.01
309808,16,65536,7659.01
309824,16,65536,7659.01
309840,16,65536,7659.01
309856,16,65536,7659.01
309872,16,65536,7659.01
309888,16,65536,7659.01
309904,16,65536,7659.01
309920,16,65536,7659.01
309936,16,65536,7659.01
309952,16,65536,7659.01
309968,16,65536,7659.01
309984,16,65536,7659.01
310000,16,65536,7659.01
310016,16,65536,7659.01
310032,16,65536,7659.01
310048,16,65536,7659.01
310064,16,65536,7659.01
310080,16,65536,7659.01
310096,16,65536,7659.01
310112,16,65536,7659.01
310128,16,65536,7659.01
310144,16,65536,7659.01
310160,16,65536,7659.01
310176,16,65536,7659.01
310192,16,65536,7659.01
310208,16,65536,7659.01
310224,16,65536,7659.01
310240,16,65536,7659.01
310256,16,65536,7659.01
310272,16,65536,7659.01
310288,16,65536,7659.01
310304,16,65536,7659.01
310320,16,65536,7659.01
310336,16,65536,7659.01
310352,16,65536,7659.01
310368,16,65536,7659.01
310384,16,65536,7659.01
310400,16,65536,7659.01
310416,16,65536,7659.01
310432,16,65536,7659.01
310448,16,65536,7659.01
310464,16,65536,7659.01
310480,16,65536,7659.01
310496,16,65536,7659.01
310512,16,65536,7659.01
310528,16,65536,7659.01
310544,16,65536,7659.01
310560,16,65536,7659.01
310576,16,65536,7659.01
310592,16,65536,7659.01
310608,16,65536,7659.01
310624,16,65536,7659.01
310640,16,65536,7659.01
310656,16,65536,7659.01
310672,16,65536,7659.01
310688,16,65536,7659.01
310704,16,65536,7659.01
310720,16,65536,7659.01
310736,16,65536,7659.01
310752,16,65536,7659.01
310768,16,65536,7659.01
310784,16,65536,7659.01
310800,16,65536,7659.01
310816,16,65536,7659.01
310832,16,65536,7659.01
310848,16,65536,7659.01
310864,16,65536,7659.01
310880,16,65536,7659.01
310896,16,65536,7659.01
310912,16,65536,7659.01
310928,16,65536,7659.01
310944,16,65536,7659.01
310960,16,65536,7659.01
310976,16,65536,7659.01
310992,16,65536,7659.01
311008,16,65536,7659.01
311024,16,65536,7659.01
311040,16,65536,7659.01
311056,16,65536,7659.01
311072,16,65536,7659.01
311088,16,65536,7659.01
311104,16,65536,7659.01
311120,16,65536,7659.01
311136,16,65536,7659.01
311152,16,65536,7659.01
311168,16,65536,7659.01
311184,16,65536,7659.01
311200,16,65536,7659.01
311216,16,65536,7659.01
311232,16,65536,7659.01
311248,16,65536,7659.01
311264,16,65536,7659.01
311280,16,65536,7659.01
311296,16,65536,7659.01
311312,16,65536,7659.01
311328,16,65536,7659.01
311344,16,65536,7659.01
311360,16,65536,7659.01
311376,16,65536,7659.01
311392,16,65536,7659.01
311408,16,65536,7659.01
311424,16,65536,7659.01
311440,16,65536,7659.01
311456,16,65536,7659.01
311472,16,65536,7659.01
311488,16,65536,7659.01
311504,16,65536,7659.01
311520,16,65536,7659.01
311536,16,65536,7659.01
311552,16,65536,7659.01
311568,16,65536,7659.01
311584,16,65536,7659.01
311600,16,65536,7659.01
311616,16,65536,7659.01
311632,16,65536,7659.01
311648,16,65536,7659.01
311664,16,65536,7659.01
311680,16,65536,7659.01
311696,16,65536,7659.01
311712,16,65536,7659.01
311728,16,65536,7659.01
311744,16,65536,7659.01
311760,16,65536,7659.01
311776,16,65536,7659.01
311792,16,65536,7659.01
311808,16,65536,7659.01
311824,16,65536,7659.01
311840,16,65536,7659.01
311856,16,65536,7659.01
311872,16,65536,7659.01
311888,16,65536,7659.01
311904,16,65536,7659.01
311920,16,65536,7659.01
311936,16,65536,7659.01
311952,16,65536,7659.01
311968,16,65536,7659.01
311984,16,65536,7659.01
312000,16,65536,7659.01
312016,16,65536,7659.01
312032,16,65536,7659.01
312048,16,65536,7659.01
312064,16,65536,7659.01
312080,16,65536,7659.01
312096,16,65536,7659.01
312112,16,65536,7659.01
312128,16,65536,7659.01
312144,16,65536,7659.01
312160,16,65536,7659.01
312176,16,65536,7659.01
312192,16,65536,7659.01
312208,16,65536,7659.01
312224,16,65536,7659.01
312240,16,65536,7659.01
312256,16,65536,7659.01
312272,16,65536,7659.01
312288,16,65536,7659.01
312304,16,65536,7659.01
312320,16,65536,7659.01
312336,16,65536,7659.01
312352,16,65536,7659.01
312368,16,65536,7659.01
312384,16,65536,7659.01
312400,16,65536,7659.01
312416,16,65536,7659.01
312432,16,65536,7659.01
312448,16,65536,7659.01
312464,16,65536,7659.01
312480,16,65536,7659.01
312496,16,65536,7659.01
312512,16,65536,7659.01
312528,16,65536,7659.01
312544,16,65536,7659.01
312560,16,65536,7659.01
312576,16,65536,7659.01
312592,16,65536,7659.01
312608,16,65536,7659.01
312624,16,65536,7659.01
312640,16,65536,7659.01
312656,16,65536,7659.01
312672,16,65536,7659.01
312688,16,65536,7659.01
312704,16,65536,7659.01
312720,16,65536,7659.01
312736,16,65536,7659.01
312752,16,65536,7659.01
312768,16,65536,7659.01
312784,16,65536,7659.01
312800,16,65536,7659.01
312816,16,65536,7659.01
312832,16,65536,7659.01
312848,16,65536,7659.01
312864,16,65536,7659.01
312880,16,65536,7659.01
312896,16,65536,7659.01
312912,16,65536,7659.01
312928,16,65536,7659.01
312944,16,65536,7659.01
312960,16,65536,7659.01
312976,16,65536,7659.01
312992,16,65536,7659.01
313008,16,65536,7659.01
313024,16,65536,7659.01
313040,16,65536,7659.01
313056,16,65536,7659.01
313072,16,65536,7659.01
313088,16,65536,7659.01
313104,16,65536,7659.01
313120,16,65536,7659.01
313136,16,65536,7659.01
313152,16,65536,7659.01
313168,16,65536,7659.01
313184,16,65536,7659.01
313200,16,65536,7659.01
313216,16,65536,7659.01
313232,16,65536,7659.01
313248,16,65536,7659.01
313264,16,65536,7659.01
313280,16,65536,7659.01
313296,16,65536,7659.01
313312,16,65536,7659.01
313328,16,65536,7659.01
313344,16,65536,7659.01
313360,16,65536,7659.01
313376,16,65536,7659.01
313392,16,65536,7659.01
313408,16,65536,7659.01
313424,16,65536,7659.01
313440,16,65536,7659.01
313456,16,65536,7659.01
313472,16,65536,7659.01
313488,16,65536,7659.01
313504,16,65536,7659.01
313520,16,65536,7659.01
313536,16,65536,7659.01
313552,16,65536,7659.01
313568,16,65536,7659.01
313584,16,65536,7659.01
313600,16,65536,7659.01
313616,16,65536,7659.01
313632,16,65536,7659.01
313648,16,65536,7659.01
313664,16,65536,7659.01
313680,16,65536,7659.01
313696,16,65536,7659.01
313712,16,65536,7659.01
313728,16,65536,7659.01
313744,16,65536,7659.01
313760,16,65536,7659.01
313776,16,65536,7659.01
313792,16,65536,7659.01
313808,16,65536,7659.01
313824,16,65536,7659.01
313840,16,65536,7659.01
313856,16,65536,7659.01
313872,16,65536,7659.01
313888,16,65536,7659.01
313904,16,65536,7659.01
313920,16,65536,7659.01
313936,16,65536,7659.01
313952,16,65536,7659.01
313968,16,65536,7659.01
313984,16,65536,7659.01
314000,16,65536,7659.01
314016,16,65536,7659.01
314032,16,65536,7659.01
314048,16,65536,7659.01
314064,16,65536,7659.01
314080,16,65536,7659.01
314096,16,65536,7659.01
314112,16,65536,7659.01
314128,16,65536,7659.01
314144,16,65536,7659.01
314160,16,65536,7659.01
314176,16,65536,7659.01
314192,16,65536,7659.01
314208,16,65536,7659.01
314224,16,65536,7659.01
314240,16,65536,7659.01
314256,16,65536,7659.01
314272,16,65536,7659.01
314288,16,65536,7659.01
314304,16,65536,7659.01
314320,16,65536,7659.01
314336,16,65536,7659.01
314352,16,65536,7659.01
314368,16,65536,7659.01
314384,16,65536,7659.01
314400,16,65536,7659.01
314416,16,65536,7659.01
314432,16,65536,7659.01
314448,16,65536,7659.01
314464,16,65536,7659.01
314480,16,65536,7659.01
314496,16,65536,7659.01
314512,16,65536,7659.01
314528,16,65536,7659.01
314544,16,65536,7659.01
314560,16,65536,7659.01
314576,16,65536,7659.01
314592,16,65536,7659.01
314608,16,65536,7659.01
314624,16,65536,7659.01
314640,16,65536,7659.01
314656,16,65536,7659.01
314672,16,65536,7659.01
314688,16,65536,7659.01
314704,16,65536,7659.01
314720,16,65536,7659.01
314736,16,65536,7659.01
314752,16,65536,7659.01
314768,16,65536,7659.01
314784,16,65536,7659.01
314800,16,65536,7659.01
314816,16,65536,7659.01
314832,16,65536,7659.01
314848,16,65536,7659.01
314864,16,65536,7659.01
314880,16,65536,7659.01
314896,16,65536,7659.01
314912,16,65536,7659.01
314928,16,65536,7659.01
314944,16,65536,7659.01
314960,16,65536,7659.01
314976,16,65536,7659.01
314992,16,65536,7659.01
315008,16,65536,7659.01
315024,16,65536,7659.01
315040,16,65536,7659.01
315056,16,65536,7659.01
315072,16,65536,7659.01
315088,16,65536,7659.01
315104,16,65536,7659.01
315120,16,65536,7659.01
315136,16,65536,7659.01
315152,16,65536,7659.01
315168,16,65536,7659.01
315184,16,65536,7659.01
315200,16,65536,7659.01
315216,16,65536,7659.01
315232,16,65536,7659.01
315248,16,65536,7659.01
315264,16,65536,7659.01
315280,16,65536,7659.01
315296,16,65536,7659.01
315312,16,65536,7659.01
315328,16,65536,7659.01
315344,16,65536,7659.01
315360,16,65536,7659.01
315376,16,65536,7659.01
315392,16,65536,7659.01
315408,16,65536,7659.01
315424,16,65536,7659.01
315440,16,65536,7659.01
315456,16,65536,7659.01
315472,16,65536,7659.01
315488,16,65536,7659.01
315504,16,65536,7659.01
315520,16,65536,7659.01
315536,16,65536,7659.01
315552,16,65536,7659.01
315568,16,65536,7659.01
315584,16,65536,7659.01
315600,16,65536,7659.01
315616,16,65536,7659.01
315632,16,65536,7659.01
315648,16,65536,7659.01
315664,16,65536,7659.01
315680,16,65536,7659.01
315696,16,65536,7659.01
315712,16,65536,7659.01
315728,16,65536,7659.01
315744,16,65536,7659.01
315760,16,65536,7659.01
315776,16,65536,7659.01
315792,16,65536,7659.01
315808,16,65536,7659.01
315824,16,65536,7659.01
315840,16,65536,7659.01
315856,16,65536,7659.01
315872,16,65536,7659.01
315888,16,65536,7659.01
315904,16,65536,7659.01
315920,16,65536,7659.01
315936,16,65536,7659.01
315952,16,65536,7659.01
315968,16,65536,7659.01
315984,16,65536,7659.01
316000,16,65536,7659.01
316016,16,65536,7659.01
316032,16,65536,7659.01
316048,16,65536,7659.01
316064,16,65536,7659.01
316080,16,65536,7659.01
316096,16,65536,7659.01
316112,16,65536,7659.01
316128,16,65536,7659.01
316144,16,65536,7659.01
316160,16,65536,7659.01
316176,16,65536,7659.01
316192,16,65536,7659.01
316208,16,65536,7659.01
316224,16,65536,7659.01
316240,16,65536,7659.01
316256,16,65536,7659.01
316272,16,65536,7659.01
316288,16,65536,7659.01
316304,16,65536,7659.01
316320,16,65536,7659.01
316336,16,65536,7659.01
316352,16,65536,7659.01
316368,16,65536,7659.01
316384,16,65536,7659.01
316400,16,65536,7659.01
316416,16,65536,7659.01
316432,16,65536,7659.01
316448,16,65536,7659.01
316464,16,65536,7659.01
316480,16,65536,7659.01
316496,16,65536,7659.01
316512,16,65536,7659.01
316528,16,65536,7659.01
316544,16,65536,7659.01
316560,16,65536,7659.01
316576,16,65536,7659.01
316592,16,65536,7659.01
316608,16,65536,7659.01
316624,16,65536,7659.01
316640,16,65536,7659.01
316656,16,65536,7659.01
316672,16,65536,7659.01
316688,16,65536,7659.01
316704,16,65536,7659.01
316720,16,65536,7659.01
316736,16,65536,7659.01
316752,16,65536,7659.01
316768,16,65536,7659.01
316784,16,65536,7659.01
316800,16,65536,7659.01
316816,16,65536,7659.01
316832,16,65536,7659.01
316848,16,65536,7659.01
316864,16,65536,7659.01
316880,16,65536,7659.01
316896,16,65536,7659.01
316912,16,65536,7659.01
316928,16,65536,7659.01
316944,16,65536,7659.01
316960,16,65536,7659.01
316976,16,65536,7659.01
316992,16,65536,7659.01
317008,16,65536,7659.01
317024,16,65536,7659.01
317040,16,65536,7659.01
317056,16,65536,7659.01
317072,16,65536,7659.01
317088,16,65536,7659.01
317104,16,65536,7659.01
317120,16,65536,7659.01
317136,16,65536,7659.01
317152,16,65536,7659.01
317168,16,65536,7659.01
317184,16,65536,7659.01
317200,16,65536,7659.01
317216,16,65536,7659.01
317232,16,65536,7659.01
317248,16,65536,7659.01
317264,16,65536,7659.01
317280,16,65536,7659.01
317296,16,65536,7659.01
317312,16,65536,7659.01
317328,16,65536,7659.01
317344,16,65536,7659.01
317360,16,65536,7659.01
317376,16,65536,7659.01
317392,16,65536,7659.01
317408,16,65536,7659.01
317424,16,65536,7659.01
317440,16,65536,7659.01
317456,16,65536,7659.01
317472,16,65536,7659.01
317488,16,65536,7659.01
317504,16,65536,7659.01
317520,16,65536,7659.01
317536,16,65536,7659.01
317552,16,65536,7659.01
317568,16,65536,7659.01
317584,16,65536,7659.01
317600,16,65536,7659.01
317616,16,65536,7659.01
317632,16,65536,7659.01
317648,16,65536,7659.01
317664,16,65536,7659.01
317680,16,65536,7659.01
317696,16,65536,7659.01
317712,16,65536,7659.01
317728,16,65536,7659.01
317744,16,65536,7659.01
317760,16,65536,7659.01
317776,16,65536,7659.01
317792,16,65536,7659.01
317808,16,65536,7659.01
317824,16,65536,7659.01
317840,16,65536,7659.01
317856,16,65536,7659.01
317872,16,65536,7659.01
317888,16,65536,7659.01
317904,16,65536,7659.01
317920,16,65536,7659.01
317936,16,65536,7659.01
317952,16,65536,7659.01
317968,16,65536,7659.01
317984,16,65536,7659.01
318000,16,65536,7659.01
318016,16,65536,7659.01
318032,16,65536,7659.01
318048,16,65536,7659.01
318064,16,65536,7659.01
318080,16,65536,7659.01
318096,16,65536,7659.01
318112,16,65536,7659.01
318128,16,65536,7659.01
318144,16,65536,7659.01
318160,16,65536,7659.01
318176,16,65536,7659.01
318192,16,65536,7659.01
318208,16,65536,7659.01
318224,16,65536,7659.01
318240,16,65536,7659.01
318256,16,65536,7659.01
318272,16,65536,7659.01
318288,16,65536,7659.01
318304,16,65536,7659.01
318320,16,65536,7659.01
318336,16,65536,7659.01
318352,16,65536,7659.01
318368,16,65536,7659.01
318384,16,65536,7659.01
318400,16,65536,7659.01
318416,16,65536,7659.01
318432,16,65536,7659.01
318448,16,65536,7659.01
318464,16,65536,7659.01
318480,16,65536,7659.01
318496,16,65536,7659.01
318512,16,65536,7659.01
318528,16,65536,7659.01
318544,16,65536,7659.01
318560,16,65536,7659.01
318576,16,65536,7659.01
318592,16,65536,7659.01
318608,16,65536,7659.01
318624,16,65536,7659.01
318640,16,65536,7659.01
318656,16,65536,7659.01
318672,16,65536,7659.01
318688,16,65536,7659.01
318704,16,65536,7659.01
318720,16,65536,7659.01
318736,16,65536,7659.01
318752,16,65536,7659.01
318768,16,65536,7659.01
318784,16,65536,7659.01
318800,16,65536,7659.01
318816,16,65536,7659.01
318832,16,65536,7659.01
318848,16,65536,7659.01
318864,16,65536,7659.01
318880,16,65536,7659.01
318896,16,65536,7659.01
318912,16,65536,7659.01
318928,16,65536,7659.01
318944,16,65536,7659.01
318960,16,65536,7659.01
318976,16,65536,7659.01
318992,16,65536,7659.01
319008,16,65536,7659.01
319024,16,65536,7659.01
319040,16,65536,7659.01
319056,16,65536,7659.01
319072,16,65536,7659.01
319088,16,65536,7659.01
319104,16,65536,7659.01
319120,16,65536,7659.01
319136,16,65536,7659.01
319152,16,65536,7659.01
319168,16,65536,7659.01
319184,16,65536,7659.01
319200,16,65536,7659.01
319216,16,65536,7659.01
319232,16,65536,7659.01
319248,16,65536,7659.01
319264,16,65536,7659.01
319280,16,65536,7659.01
319296,16,65536,7659.01
319312,16,65536,7659.01
319328,16,65536,7659.01
319344,16,65536,7659.01
319360,16,65536,7659.01
319376,16,65536,7659.01
319392,16,65536,7659.01
319408,16,65536,7659.01
319424,16,65536,7659.01
319440,16,65536,7659.01
319456,16,65536,7659.01
319472,16,65536,7659.01
319488,16,65536,7659.01
319504,16,65536,7659.01
319520,16,65536,7659.01
319536,16,65536,7659.01
319552,16,65536,7659.01
319568,16,65536,7659.01
319584,16,65536,7659.01
319600,16,65536,7659.01
319616,16,65536,7659.01
319632,16,65536,7659.01
319648,16,65536,7659.01
319664,16,65536,7659.01
319680,16,65536,7659.01
319696,16,65536,7659.01
319712,16,65536,7659.01
319728,16,65536,7659.01
319744,16,65536,7659.01
319760,16,65536,7659.01
319776,16,65536,7659.01
319792,16,65536,7659.01
319808,16,65536,7659.01
319824,16,65536,7659.01
319840,16,65536,7659.01
319856,16,65536,7659.01
319872,16,65536,7659.01
319888,16,65536,7659.01
319904,16,65536,7659.01
319920,16,65536,7659.01
319936,16,65536,7659.01
319952,16,65536,7659.01
319968,16,65536,7659.01
319984,16,65536,7659.01
320000,16,65536,7659.01
320016,16,65536,7659.01
320032,16,65536,7659.01
320048,16,65536,7659.01
320064,16,65536,7659.01
320080,16,65536,7659.01
320096,16,65536,7659.01
320112,16,65536,7659.01
320128,16,65536,7659.01
320144,16,65536,7659.01
320160,16,65536,7659.01
320176,16,65536,7659.01
320192,16,65536,7659.01
320208,16,65536,7659.01
320224,16,65536,7659.01
320240,16,65536,7659.01
320256,16,65536,7659.01
320272,16,65536,7659.01
320288,16,65536,7659.01
320304,16,65536,7659.01
320320,16,65536,7659.01
320336,16,65536,7659.01
320352,16,65536,7659.01
320368,16,65536,7659.01
320384,16,65536,7659.01
320400,16,65536,7659.01
320416,16,65536,7659.01
320432,16,65536,7659.01
320448,16,65536,7659.01
320464,16,65536,7659.01
320480,16,65536,7659.01
320496,16,65536,7659.01
320512,16,65536,7659.01
320528,16,65536,7659.01
320544,16,65536,7659.01
320560,16,65536,7659.01
320576,16,65536,7659.01
320592,16,65536,7659.01
320608,16,65536,7659.01
320624,16,65536,7659.01
320640,16,65536,7659.01
320656,16,65536,7659.01
320672,16,65536,7659.01
320688,16,65536,7659.01
320704,16,65536,7659.01
320720,16,65536,7659.01
320736,16,65536,7659.01
320752,16,65536,7659.01
320768,16,65536,7659.01
320784,16,65536,7659.01
320800,16,65536,7659.01
320816,16,65536,7659.01
320832,16,65536,7659.01
320848,16,65536,7659.01
320864,16,65536,7659.01
320880,16,65536,7659.01
320896,16,65536,7659.01
320912,16,65536,7659.01
320928,16,65536,7659.01
320944,16,65536,7659.01
320960,16,65536,7659.01
320976,16,65536,7659.01
320992,16,65536,7659.01
321008,16,65536,7659.01
321024,16,65536,7659.01
321040,16,65536,7659.01
321056,16,65536,7659.01
321072,16,65536,7659.01
321088,16,65536,7659.01
321104,16,65536,7659.01
321120,16,65536,7659.01
321136,16,65536,7659.01
321152,16,65536,7659.01
321168,16,65536,7659.01
321184,16,65536,7659.01
321200,16,65536,7659.01
321216,16,65536,7659.01
321232,16,65536,7659.01
321248,16,65536,7659.01
321264,16,65536,7659.01
321280,16,65536,7659.01
321296,16,65536,7659.01
321312,16,65536,7659.01
321328,16,65536,7659.01
321344,16,65536,7659.01
321360,16,65536,7659.01
321376,16,65536,7659.01
321392,16,65536,7659.01
321408,16,65536,7659.01
321424,16,65536,7659.01
321440,16,65536,7659.01
321456,16,65536,7659.01
321472,16,65536,7659.01
321488,16,65536,7659.01
321504,16,65536,7659.01
321520,16,65536,7659.01
321536,16,65536,7659.01
321552,16,65536,7659.01
321568,16,65536,7659.01
321584,16,65536,7659.01
321600,16,65536,7659.01
321616,16,65536,7659.01
321632,16,65536,7659.01
321648,16,65536,7659.01
321664,16,65536,7659.01
321680,16,65536,7659.01
321696,16,65536,7659.01
321712,16,65536,7659.01
321728,16,65536,7659.01
321744,16,65536,7659.01
321760,16,65536,7659.01
321776,16,65536,7659.01
321792,16,65536,7659.01
321808,16,65536,7659.01
321824,16,65536,7659.01
321840,16,65536,7659.01
321856,16,65536,7659.01
321872,16,65536,7659.01
321888,16,65536,7659.01
321904,16,65536,7659.01
321920,16,65536,7659.01
321936,16,65536,7659.01
321952,16,65536,7659.01
321968,16,65536,7659.01
321984,16,65536,7659.01
322000,16,65536,7659.01
322016,16,65536,7659.01
322032,16,65536,7659.01
322048,16,65536,7659.01
322064,16,65536,7659.01
322080,16,65536,7659.01
322096,16,65536,7659.01
322112,16,65536,7659.01
322128,16,65536,7659.01
322144,16,65536,7659.01
322160,16,65536,7659.01
322176,16,65536,7659.01
322192,16,65536,7659.01
322208,16,65536,7659.01
322224,16,65536,7659.01
322240,16,65536,7659.01
322256,16,65536,7659.01
322272,16,65536,7659.01
322288,16,65536,7659.01
322304,16,65536,7659.01
322320,16,65536,7659.01
322336,16,65536,7659.01
322352,16,65536,7659.01
322368,16,65536,7659.01
322384,16,65536,7659.01
322400,16,65536,7659.01
322416,16,65536,7659.01
322432,16,65536,7659.01
322448,16,65536,7659.01
322464,16,65536,7659.01
322480,16,65536,7659.01
322496,16,65536,7659.01
322512,16,65536,7659.01
322528,16,65536,7659.01
322544,16,65536,7659.01
322560,16,65536,7659.01
322576,16,65536,7659.01
322592,16,65536,7659.01
322608,16,65536,7659.01
322624,16,65536,7659.01
322640,16,65536,7659.01
322656,16,65536,7659.01
322672,16,65536,7659.01
322688,16,65536,7659.01
322704,16,65536,7659.01
322720,16,65536,7659.01
322736,16,65536,7659.01
322752,16,65536,7659.01
322768,16,65536,7659.01
322784,16,65536,7659.01
322800,16,65536,7659.01
322816,16,65536,7659.01
322832,16,65536,7659.01
322848,16,65536,7659.01
322864,16,65536,7659.01
322880,16,65536,7659.01
322896,16,65536,7659.01
322912,16,65536,7659.01
322928,16,65536,7659.01
322944,16,65536,7659.01
322960,16,65536,7659.01
322976,16,65536,7659.01
322992,16,65536,7659.01
323008,16,65536,7659.01
323024,16,65536,7659.01
323040,16,65536,7659.01
323056,16,65536,7659.01
323072,16,65536,7659.01
323088,16,65536,7659.01
323104,16,65536,7659.01
323120,16,65536,7659.01
323136,16,65536,7659.01
323152,16,65536,7659.01
323168,16,65536,7659.01
323184,16,65536,7659.01
323200,16,65536,7659.01
323216,16,65536,7659.01
323232,16,65536,7659.01
323248,16,65536,7659.01
323264,16,65536,7659.01
323280,16,65536,7659.01
323296,16,65536,7659.01
323312,16,65536,7659.01
323328,16,65536,7659.01
323344,16,65536,7659.01
323360,16,65536,7659.01
323376,16,65536,7659.01
323392,16,65536,7659.01
323408,16,65536,7659.01
323424,16,65536,7659.01
323440,16,65536,7659.01
323456,16,65536,7659.01
323472,16,65536,7659.01
323488,16,65536,7659.01
323504,16,65536,7659.01
323520,16,65536,7659.01
323536,16,65536,7659.01
323552,16,65536,7659.01
323568,16,65536,7659.01
323584,16,65536,7659.01
323600,16,65536,7659.01
323616,16,65536,7659.01
323632,16,65536,7659.01
323648,16,65536,7659.01
323664,16,65536,7659.01
323680,16,65536,7659.01
323696,16,65536,7659.01
323712,16,65536,7659.01
323728,16,65536,7659.01
323744,16,65536,7659.01
323760,16,65536,7659.01
323776,16,65536,7659.01
323792,16,65536,7659.01
323808,16,65536,7659.01
323824,16,65536,7659.01
323840,16,65536,7659.01
323856,16,65536,7659.01
323872,16,65536,7659.01
323888,16,65536,7659.01
323904,16,65536,7659.01
323920,16,65536,7659.01
323936,16,65536,7659.01
323952,16,65536,7659.01
323968,16,65536,7659.01
323984,16,65536,7659.01
324000,16,65536,7659.01
324016,16,65536,7659.01
324032,16,65536,7659.01
324048,16,65536,7659.01
324064,16,65536,7659.01
324080,16,65536,7659.01
324096,16,65536,7659.01
324112,16,65536,7659.01
324128,16,65536,7659.01
324144,16,65536,7659.01
324160,16,65536,7659.01
324176,16,65536,7659.01
324192,16,65536,7659.01
324208,16,65536,7659.01
324224,16,65536,7659.01
324240,16,65536,7659.01
324256,16,65536,7659.01
324272,16,65536,7659.01
324288,16,65536,7659.01
324304,16,65536,7659.01
324320,16,65536,7659.01
324336,16,65536,7659.01
324352,16,65536,7659.01
324368,16,65536,7659.01
324384,16,65536,7659.01
324400,16,65536,7659.01
324416,16,65536,7659.01
324432,16,65536,7659.01
324448,16,65536,7659.01
324464,16,65536,7659.01
324480,16,65536,7659.01
324496,16,65536,7659.01
324512,16,65536,7659.01
324528,16,65536,7659.01
324544,16,65536,7659.01
324560,16,65536,7659.01
324576,16,65536,7659.01
324592,16,65536,7659.01
324608,16,65536,7659.01
324624,16,65536,7659.01
324640,16,65536,7659.01
324656,16,65536,7659.01
324672,16,65536,7659.01
324688,16,65536,7659.01
324704,16,65536,7659.01
324720,16,65536,7659.01
324736,16,65536,7659.01
324752,16,65536,7659.01
324768,16,65536,7659.01
324784,16,65536,7659.01
324800,16,65536,7659.01
324816,16,65536,7659.01
324832,16,65536,7659.01
324848,16,65536,7659.01
324864,16,65536,7659.01
324880,16,65536,7659.01
324896,16,65536,7659.01
324912,16,65536,7659.01
324928,16,65536,7659.01
324944,16,65536,7659.01
324960,16,65536,7659.01
324976,16,65536,7659.01
324992,16,65536,7659.01
325008,16,65536,7659.01
325024,16,65536,7659.01
325040,16,65536,7659.01
325056,16,65536,7659.01
325072,16,65536,7659.01
325088,16,65536,7659.01
325104,16,65536,7659.01
325120,16,65536,7659.01
325136,16,65536,7659.01
325152,16,65536,7659.01
325168,16,65536,7659.01
325184,16,65536,7659.01
325200,16,65536,7659.01
325216,16,65536,7659.01
325232,16,65536,7659.01
325248,16,65536,7659.01
325264,16,65536,7659.01
325280,16,65536,7659.01
325296,16,65536,7659.01
325312,16,65536,7659.01
325328,16,65536,7659.01
325344,16,65536,7659.01
325360,16,65536,7659.01
325376,16,65536,7659.01
325392,16,65536,7659.01
325408,16,65536,7659.01
325424,16,65536,7659.01
325440,16,65536,7659.01
325456,16,65536,7659.01
325472,16,65536,7659.01
325488,16,65536,7659.01
325504,16,65536,7659.01
325520,16,65536,7659.01
325536,16,65536,7659.01
325552,16,65536,7659.01
325568,16,65536,7659.01
325584,16,65536,7659.01
325600,16,65536,7659.01
325616,16,65536,7659.01
325632,16,65536,7659.01
325648,16,65536,7659.01
325664,16,65536,7659.01
325680,16,65536,7659.01
325696,16,65536,7659.01
325712,16,65536,7659.01
325728,16,65536,7659.01
325744,16,65536,7659.01
325760,16,65536,7659.01
325776,16,65536,7659.01
325792,16,65536,7659.01
325808,16,65536,7659.01
325824,16,65536,7659.01
325840,16,65536,7659.01
325856,16,65536,7659.01
325872,16,65536,7659.01
325888,16,65536,7659.01
325904,16,65536,7659.01
325920,16,65536,7659.01
325936,16,65536,7659.01
325952,16,65536,7659.01
325968,16,65536,7659.01
325984,16,65536,7659.01
326000,16,65536,7659.01
326016,16,65536,7659.01
326032,16,65536,7659.01
326048,16,65536,7659.01
326064,16,65536,7659.01
326080,16,65536,7659.01
326096,16,65536,7659.01
326112,16,65536,7659.01
326128,16,65536,7659.01
326144,16,65536,7659.01
326160,16,65536,7659.01
326176,16,65536,7659.01
326192,16,65536,7659.01
326208,16,65536,7659.01
326224,16,65536,7659.01
326240,16,65536,7659.01
326256,16,65536,7659.01
326272,16,65536,7659.01
326288,16,65536,7659.01
326304,16,65536,7659.01
326320,16,65536,7659.01
326336,16,65536,7659.01
326352,16,65536,7659.01
326368,16,65536,7659.01
326384,16,65536,7659.01
326400,16,65536,7659.01
326416,16,65536,7659.01
326432,16,65536,7659.01
326448,16,65536,7659.01
326464,16,65536,7659.01
326480,16,65536,7659.01
326496,16,65536,7659.01
326512,16,65536,7659.01
326528,16,65536,7659.01
326544,16,65536,7659.01
326560,16,65536,7659.01
326576,16,65536,7659.01
326592,16,65536,7659.01
326608,16,65536,7659.01
326624,16,65536,7659.01
326640,16,65536,7659.01
326656,16,65536,7659.01
326672,16,65536,7659.01
326688,16,65536,7659.01
326704,16,65536,7659.01
326720,16,65536,7659.01
326736,16,65536,7659.01
326752,16,65536,7659.01
326768,16,65536,7659.01
326784,16,65536,7659.01
326800,16,65536,7659.01
326816,16,65536,7659.01
326832,16,65536,7659.01
326848,16,65536,7659.01
326864,16,65536,7659.01
326880,16,65536,7659.01
326896,16,65536,7659.01
326912,16,65536,7659.01
326928,16,65536,7659.01
326944,16,65536,7659.01
326960,16,65536,7659.01
326976,16,65536,7659.01
326992,16,65536,7659.01
327008,16,65536,7659.01
327024,16,65536,7659.01
327040,16,65536,7659.01
327056,16,65536,7659.01
327072,16,65536,7659.01
327088,16,65536,7659.01
327104,16,65536,7659.01
327120,16,65536,7659.01
327136,16,65536,7659.01
327152,16,65536,7659.01
327168,16,65536,7659.01
327184,16,65536,7659.01
327200,16,65536,7659.01
327216,16,65536,7659.01
327232,16,65536,7659.01
327248,16,65536,7659.01
327264,16,65536,7659.01
327280,16,65536,7659.01
327296,16,65536,7659.01
327312,16,65536,7659.01
327328,16,65536,7659.01
327344,16,65536,7659.01
327360,16,65536,7659.01
327376,16,65536,7659.01
327392,16,65536,7659.01
327408,16,65536,7659.01
327424,16,65536,7659.01
327440,16,65536,7659.01
327456,16,65536,7659.01
327472,16,65536,7659.01
327488,16,65536,7659.01
327504,16,65536,7659.01
327520,16,65536,7659.01
327536,16,65536,7659.01
327552,16,65536,7659.01
327568,16,65536,7659.01
327584,16,65536,7659.01
327600,16,65536,7659.01
327616,16,65536,7659.01
327632,16,65536,7659.01
327648,16,65536,7659.01
327664,16,65536,7659.01
327680,16,65536,7659.01
327696,16,65536,7659.01
327712,16,65536,7659.01
327728,16,65536,7659.01
327744,16,65536,7659.01
327760,16,65536,7659.01
327776,16,65536,7659.01
327792,16,65536,7659.01
327808,16,65536,7659.01
327824,16,65536,7659.01
327840,16,65536,7659.01
327856,16,65536,7659.01
327872,16,65536,7659.01
327888,16,65536,7659.01
327904,16,65536,7659.01
327920,16,65536,7659.01
327936,16,65536,7659.01
327952,16,65536,7659.01
327968,16,65536,7659.01
327984,16,65536,7659.01
328000,16,65536,7659.01
328016,16,65536,7659.01
328032,16,65536,7659.01
328048,16,65536,7659.01
328064,16,65536,7659.01
328080,16,65536,7659.01
328096,16,65536,7659.01
328112,16,65536,7659.01
328128,16,65536,7659.01
328144,16,65536,7659.01
328160,16,65536,7659.01
328176,16,65536,7659.01
328192,16,65536,7659.01
328208,16,65536,7659.01
328224,16,65536,7659.01
328240,16,65536,7659.01
328256,16,65536,7659.01
328272,16,65536,7659.01
328288,16,65536,7659.01
328304,16,65536,7659.01
328320,16,65536,7659.01
328336,16,65536,7659.01
328352,16,65536,7659.01
328368,16,65536,7659.01
328384,16,65536,7659.01
328400,16,65536,7659.01
328416,16,65536,7659.01
328432,16,65536,7659.01
328448,16,65536,7659.01
328464,16,65536,7659.01
328480,16,65536,7659.01
328496,16,65536,7659.01
328512,16,65536,7659.01
328528,16,65536,7659.01
328544,16,65536,7659.01
328560,16,65536,7659.01
328576,16,65536,7659.01
328592,16,65536,7659.01
328608,16,65536,7659.01
328624,16,65536,7659.01
328640,16,65536,7659.01
328656,16,65536,7659.01
328672,16,65536,7659.01
328688,16,65536,7659.01
328704,16,65536,7659.01
328720,16,65536,7659.01
328736,16,65536,7659.01
328752,16,65536,7659.01
328768,16,65536,7659.01
328784,16,65536,7659.01
328800,16,65536,7659.01
328816,16,65536,7659.01
328832,16,65536,7659.01
328848,16,65536,7659.01
328864,16,65536,7659.01
328880,16,65536,7659.01
328896,16,65536,7659.01
328912,16,65536,7659.01
328928,16,65536,7659.01
328944,16,65536,7659.01
328960,16,65536,7659.01
328976,16,65536,7659.01
328992,16,65536,7659.01
329008,16,65536,7659.01
329024,16,65536,7659.01
329040,16,65536,7659.01
329056,16,65536,7659.01
329072,16,65536,7659.01
329088,16,65536,7659.01
329104,16,65536,7659.01
329120,16,65536,7659.01
329136,16,65536,7659.01
329152,16,65536,7659.01
329168,16,65536,7659.01
329184,16,65536,7659.01
329200,16,65536,7659.01
329216,16,65536,7659.01
329232,16,65536,7659.01
329248,16,65536,7659.01
329264,16,65536,7659.01
329280,16,65536,7659.01
329296,16,65536,7659.01
329312,16,65536,7659.01
329328,16,65536,7659.01
329344,16,65536,7659.01
329360,16,65536,7659.01
329376,16,65536,7659.01
329392,16,65536,7659.01
329408,16,65536,7659.01
329424,16,65536,7659.01
329440,16,65536,7659.01
329456,16,65536,7659.01
329472,16,65536,7659.01
329488,16,65536,7659.01
329504,16,65536,7659.01
329520,16,65536,7659.01
329536,16,65536,7659.01
329552,16,65536,7659.01
329568,16,65536,7659.01
329584,16,65536,7659.01
329600,16,65536,7659.01
329616,16,65536,7659.01
329632,16,65536,7659.01
329648,16,65536,7659.01
329664,16,65536,7659.01
329680,16,65536,7659.01
329696,16,65536,7659.01
329712,16,65536,7659.01
329728,16,65536,7659.01
329744,16,65536,7659.01
329760,16,65536,7659.01
329776,16,65536,7659.01
329792,16,65536,7659.01
329808,16,65536,7659.01
329824,16,65536,7659.01
329840,16,65536,7659.01
329856,16,65536,7659.01
329872,16,65536,7659.01
329888,16,65536,7659.01
329904,16,65536,7659.01
329920,16,65536,7659.01
329936,16,65536,7659.01
329952,16,65536,7659.01
329968,16,65536,7659.01
329984,16,65536,7659.01
330000,16,65536,7659.01
330016,16,65536,7659.01
330032,16,65536,7659.01
330048,16,65536,7659.01
330064,16,65536,7659.01
330080,16,65536,7659.01
330096,16,65536,7659.01
330112,16,65536,7659.01
330128,16,65536,7659.01
330144,16,65536,7659.01
330160,16,65536,7659.01
330176,16,65536,7659.01
330192,16,65536,7659.01
330208,16,65536,7659.01
330224,16,65536,7659.01
330240,16,65536,7659.01
330256,16,65536,7659.01
330272,16,65536,7659.01
330288,16,65536,7659.01
330304,16,65536,7659.01
330320,16,65536,7659.01
330336,16,65536,7659.01
330352,16,65536,7659.01
330368,16,65536,7659.01
330384,16,65536,7659.01
330400,16,65536,7659.01
330416,16,65536,7659.01
330432,16,65536,7659.01
330448,16,65536,7659.01
330464,16,65536,7659.01
330480,16,65536,7659.01
330496,16,65536,7659.01
330512,16,65536,7659.01
330528,16,65536,7659.01
330544,16,65536,7659.01
330560,16,65536,7659.01
330576,16,65536,7659.01
330592,16,65536,7659.01
330608,16,65536,7659.01
330624,16,65536,7659.01
330640,16,65536,7659.01
330656,16,65536,7659.01
330672,16,65536,7659.01
330688,16,65536,7659.01
330704,16,65536,7659.01
330720,16,65536,7659.01
330736,16,65536,7659.01
330752,16,65536,7659.01
330768,16,65536,7659.01
330784,16,65536,7659.01
330800,16,65536,7659.01
330816,16,65536,7659.01
330832,16,65536,7659.01
330848,16,65536,7659.01
330864,16,65536,7659.01
330880,16,65536,7659.01
330896,16,65536,7659.01
330912,16,65536,7659.01
330928,16,65536,7659.01
330944,16,65536,7659.01
330960,16,65536,7659.01
330976,16,65536,7659.01
330992,16,65536,7659.01
331008,16,65536,7659.01
331024,16,65536,7659.01
331040,16,65536,7659.01
331056,16,65536,7659.01
331072,16,65536,7659.01
331088,16,65536,7659.01
331104,16,65536,7659.01
331120,16,65536,7659.01
331136,16,65536,7659.01
331152,16,65536,7659.01
331168,16,65536,7659.01
331184,16,65536,7659.01
331200,16,65536,7659.01
331216,16,65536,7659.01
331232,16,65536,7659.01
331248,16,65536,7659.01
331264,16,65536,7659.01
331280,16,65536,7659.01
331296,16,65536,7659.01
331312,16,65536,7659.01
331328,16,65536,7659.01
331344,16,65536,7659.01
331360,16,65536,7659.01
331376,16,65536,7659.01
331392,16,65536,7659.01
331408,16,65536,7659.01
331424,16,65536,7659.01
331440,16,65536,7659.01
331456,16,65536,7659.01
331472,16,65536,7659.01
331488,16,65536,7659.01
331504,16,65536,7659.01
331520,16,65536,7659.01
331536,16,65536,7659.01
331552,16,65536,7659.01
331568,16,65536,7659.01
331584,16,65536,7659.01
331600,16,65536,7659.01
331616,16,65536,7659.01
331632,16,65536,7659.01
331648,16,65536,7659.01
331664,16,65536,7659.01
331680,16,65536,7659.01
331696,16,65536,7659.01
331712,16,65536,7659.01
331728,16,65536,7659.01
331744,16,65536,7659.01
331760,16,65536,7659.01
331776,16,65536,7659.01
331792,16,65536,7659.01
331808,16,65536,7659.01
331824,16,65536,7659.01
331840,16,65536,7659.01
331856,16,65536,7659.01
331872,16,65536,7659.01
331888,16,65536,7659.01
331904,16,65536,7659.01
331920,16,65536,7659.01
331936,16,65536,7659.01
331952,16,65536,7659.01
331968,16,65536,7659.01
331984,16,65536,7659.01
332000,16,65536,7659.01
332016,16,65536,7659.01
332032,16,65536,7659.01
332048,16,65536,7659.01
332064,16,65536,7659.01
332080,16,65536,7659.01
332096,16,65536,7659.01
332112,16,65536,7659.01
332128,16,65536,7659.01
332144,16,65536,7659.01
332160,16,65536,7659.01
332176,16,65536,7659.01
332192,16,65536,7659.01
332208,16,65536,7659.01
332224,16,65536,7659.01
332240,16,65536,7659.01
332256,16,65536,7659.01
332272,16,65536,7659.01
332288,16,65536,7659.01
332304,16,65536,7659.01
332320,16,65536,7659.01
332336,16,65536,7659.01
332352,16,65536,7659.01
332368,16,65536,7659.01
332384,16,65536,7659.01
332400,16,65536,7659.01
332416,16,65536,7659.01
332432,16,65536,7659.01
332448,16,65536,7659.01
332464,16,65536,7659.01
332480,16,65536,7659.01
332496,16,65536,7659.01
332512,16,65536,7659.01
332528,16,65536,7659.01
332544,16,65536,7659.01
332560,16,65536,7659.01
332576,16,65536,7659.01
332592,16,65536,7659.01
332608,16,65536,7659.01
332624,16,65536,7659.01
332640,16,65536,7659.01
332656,16,65536,7659.01
332672,16,65536,7659.01
332688,16,65536,7659.01
332704,16,65536,7659.01
332720,16,65536,7659.01
332736,16,65536,7659.01
332752,16,65536,7659.01
332768,16,65536,7659.01
332784,16,65536,7659.01
332800,16,65536,7659.01
332816,16,65536,7659.01
332832,16,65536,7659.01
332848,16,65536,7659.01
332864,16,65536,7659.01
332880,16,65536,7659.01
332896,16,65536,7659.01
332912,16,65536,7659.01
332928,16,65536,7659.01
332944,16,65536,7659.01
332960,16,65536,7659.01
332976,16,65536,7659.01
332992,16,65536,7659.01
333008,16,65536,7659.01
333024,16,65536,7659.01
333040,16,65536,7659.01
333056,16,65536,7659.01
333072,16,65536,7659.01
333088,16,65536,7659.01
333104,16,65536,7659.01
333120,16,65536,7659.01
333136,16,65536,7659.01
333152,16,65536,7659.01
333168,16,65536,7659.01
333184,16,65536,7659.01
333200,16,65536,7659.01
333216,16,65536,7659.01
333232,16,65536,7659.01
333248,16,65536,7659.01
333264,16,65536,7659.01
333280,16,65536,7659.01
333296,16,65536,7659.01
333312,16,65536,7659.01
333328,16,65536,7659.01
333344,16,65536,7659.01
333360,16,65536,7659.01
333376,16,65536,7659.01
333392,16,65536,7659.01
333408,16,65536,7659.01
333424,16,65536,7659.01
333440,16,65536,7659.01
333456,16,65536,7659.01
333472,16,65536,7659.01
333488,16,65536,7659.01
333504,16,65536,7659.01
333520,16,65536,7659.01
333536,16,65536,7659.01
333552,16,65536,7659.01
333568,16,65536,7659.01
333584,16,65536,7659.01
333600,16,65536,7659.01
333616,16,65536,7659.01
333632,16,65536,7659.01
333648,16,65536,7659.01
333664,16,65536,7659.01
333680,16,65536,7659.01
333696,16,65536,7659.01
333712,16,65536,7659.01
333728,16,65536,7659.01
333744,16,65536,7659.01
333760,16,65536,7659.01
333776,16,65536,7659.01
333792,16,65536,7659.01
333808,16,65536,7659.01
333824,16,65536,7659.01
333840,16,65536,7659.01
333856,16,65536,7659.01
333872,16,65536,7659.01
333888,16,65536,7659.01
333904,16,65536,7659.01
333920,16,65536,7659.01
333936,16,65536,7659.01
333952,16,65536,7659.01
333968,16,65536,7659.01
333984,16,65536,7659.01
334000,16,65536,7659.01
334016,16,65536,7659.01
334032,16,65536,7659.01
334048,16,65536,7659.01
334064,16,65536,7659.01
334080,16,65536,7659.01
334096,16,65536,7659.01
334112,16,65536,7659.01
334128,16,65536,7659.01
334144,16,65536,7659.01
334160,16,65536,7659.01
334176,16,65536,7659.01
334192,16,65536,7659.01
334208,16,65536,7659.01
334224,16,65536,7659.01
334240,16,65536,7659.01
334256,16,65536,7659.01
334272,16,65536,7659.01
334288,16,65536,7659.01
334304,16,65536,7659.01
334320,16,65536,7659.01
334336,16,65536,7659.01
334352,16,65536,7659.01
334368,16,65536,7659.01
334384,16,65536,7659.01
334400,16,65536,7659.01
334416,16,65536,7659.01
334432,16,65536,7659.01
334448,16,65536,7659.01
334464,16,65536,7659.01
334480,16,65536,7659.01
334496,16,65536,7659.01
334512,16,65536,7659.01
334528,16,65536,7659.01
334544,16,65536,7659.01
334560,16,65536,7659.01
334576,16,65536,7659.01
334592,16,65536,7659.01
334608,16,65536,7659.01
334624,16,65536,7659.01
334640,16,65536,7659.01
334656,16,65536,7659.01
334672,16,65536,7659.01
334688,16,65536,7659.01
334704,16,65536,7659.01
334720,16,65536,7659.01
334736,16,65536,7659.01
334752,16,65536,7659.01
334768,16,65536,7659.01
334784,16,65536,7659.01
334800,16,65536,7659.01
334816,16,65536,7659.01
334832,16,65536,7659.01
334848,16,65536,7659.01
334864,16,65536,7659.01
334880,16,65536,7659.01
334896,16,65536,7659.01
334912,16,65536,7659.01
334928,16,65536,7659.01
334944,16,65536,7659.01
334960,16,65536,7659.01
334976,16,65536,7659.01
334992,16,65536,7659.01
335008,16,65536,7659.01
335024,16,65536,7659.01
335040,16,65536,7659.01
335056,16,65536,7659.01
335072,16,65536,7659.01
335088,16,65536,7659.01
335104,16,65536,7659.01
335120,16,65536,7659.01
335136,16,65536,7659.01
335152,16,65536,7659.01
335168,16,65536,7659.01
335184,16,65536,7659.01
335200,16,65536,7659.01
335216,16,65536,7659.01
335232,16,65536,7659.01
335248,16,65536,7659.01
335264,16,65536,7659.01
335280,16,65536,7659.01
335296,16,65536,7659.01
335312,16,65536,7659.01
335328,16,65536,7659.01
335344,16,65536,7659.01
335360,16,65536,7659.01
335376,16,65536,7659.01
335392,16,65536,7659.01
335408,16,65536,7659.01
335424,16,65536,7659.01
335440,16,65536,7659.01
335456,16,65536,7659.01
335472,16,65536,7659.01
335488,16,65536,7659.01
335504,16,65536,7659.01
335520,16,65536,7659.01
335536,16,65536,7659.01
335552,16,65536,7659.01
335568,16,65536,7659.01
335584,16,65536,7659.01
335600,16,65536,7659.01
335616,16,65536,7659.01
335632,16,65536,7659.01
335648,16,65536,7659.01
335664,16,65536,7659.01
335680,16,65536,7659.01
335696,16,65536,7659.01
335712,16,65536,7659.01
335728,16,65536,7659.01
335744,16,65536,7659.01
335760,16,65536,7659.01
335776,16,65536,7659.01
335792,16,65536,7659.01
335808,16,65536,7659.01
335824,16,65536,7659.01
335840,16,65536,7659.01
335856,16,65536,7659.01
335872,16,65536,7659.01
335888,16,65536,7659.01
335904,16,65536,7659.01
335920,16,65536,7659.01
335936,16,65536,7659.01
335952,16,65536,7659.01
335968,16,65536,7659.01
335984,16,65536,7659.01
336000,16,65536,7659.01
336016,16,65536,7659.01
336032,16,65536,7659.01
336048,16,65536,7659.01
336064,16,65536,7659.01
336080,16,65536,7659.01
336096,16,65536,7659.01
336112,16,65536,7659.01
336128,16,65536,7659.01
336144,16,65536,7659.01
336160,16,65536,7659.01
336176,16,65536,7659.01
336192,16,65536,7659.01
336208,16,65536,7659.01
336224,16,65536,7659.01
336240,16,65536,7659.01
336256,16,65536,7659.01
336272,16,65536,7659.01
336288,16,65536,7659.01
336304,16,65536,7659.01
336320,16,65536,7659.01
336336,16,65536,7659.01
336352,16,65536,7659.01
336368,16,65536,7659.01
336384,16,65536,7659.01
336400,16,65536,7659.01
336416,16,65536,7659.01
336432,16,65536,7659.01
336448,16,65536,7659.01
336464,16,65536,7659.01
336480,16,65536,7659.01
336496,16,65536,7659.01
336512,16,65536,7659.01
336528,16,65536,7659.01
336544,16,65536,7659.01
336560,16,65536,7659.01
336576,16,65536,7659.01
336592,16,65536,7659.01
336608,16,65536,7659.01
336624,16,65536,7659.01
336640,16,65536,7659.01
336656,16,65536,7659.01
336672,16,65536,7659.01
336688,16,65536,7659.01
336704,16,65536,7659.01
336720,16,65536,7659.01
336736,16,65536,7659.01
336752,16,65536,7659.01
336768,16,65536,7659.01
336784,16,65536,7659.01
336800,16,65536,7659.01
336816,16,65536,7659.01
336832,16,65536,7659.01
336848,16,65536,7659.01
336864,16,65536,7659.01
336880,16,65536,7659.01
336896,16,65536,7659.01
336912,16,65536,7659.01
336928,16,65536,7659.01
336944,16,65536,7659.01
336960,16,65536,7659.01
336976,16,65536,7659.01
336992,16,65536,7659.01
337008,16,65536,7659.01
337024,16,65536,7659.01
337040,16,65536,7659.01
337056,16,65536,7659.01
337072,16,65536,7659.01
337088,16,65536,7659.01
337104,16,65536,7659.01
337120,16,65536,7659.01
337136,16,65536,7659.01
337152,16,65536,7659.01
337168,16,65536,7659.01
337184,16,65536,7659.01
337200,16,65536,7659.01
337216,16,65536,7659.01
337232,16,65536,7659.01
337248,16,65536,7659.01
337264,16,65536,7659.01
337280,16,65536,7659.01
337296,16,65536,7659.01
337312,16,65536,7659.01
337328,16,65536,7659.01
337344,16,65536,7659.01
337360,16,65536,7659.01
337376,16,65536,7659.01
337392,16,65536,7659.01
337408,16,65536,7659.01
337424,16,65536,7659.01
337440,16,65536,7659.01
337456,16,65536,7659.01
337472,16,65536,7659.01
337488,16,65536,7659.01
337504,16,65536,7659.01
337520,16,65536,7659.01
337536,16,65536,7659.01
337552,16,65536,7659.01
337568,16,65536,7659.01
337584,16,65536,7659.01
337600,16,65536,7659.01
337616,16,65536,7659.01
337632,16,65536,7659.01
337648,16,65536,7659.01
337664,16,65536,7659.01
337680,16,65536,7659.01
337696,16,65536,7659.01
337712,16,65536,7659.01
337728,16,65536,7659.01
337744,16,65536,7659.01
337760,16,65536,7659.01
337776,16,65536,7659.01
337792,16,65536,7659.01
337808,16,65536,7659.01
337824,16,65536,7659.01
337840,16,65536,7659.01
337856,16,65536,7659.01
337872,16,65536,7659.01
337888,16,65536,7659.01
337904,16,65536,7659.01
337920,16,65536,7659.01
337936,16,65536,7659.01
337952,16,65536,7659.01
337968,16,65536,7659.01
337984,16,65536,7659.01
338000,16,65536,7659.01
338016,16,65536,7659.01
338032,16,65536,7659.01
338048,16,65536,7659.01
338064,16,65536,7659.01
338080,16,65536,7659.01
338096,16,65536,7659.01
338112,16,65536,7659.01
338128,16,65536,7659.01
338144,16,65536,7659.01
338160,16,65536,7659.01
338176,16,65536,7659.01
338192,16,65536,7659.01
338208,16,65536,7659.01
338224,16,65536,7659.01
338240,16,65536,7659.01
338256,16,65536,7659.01
338272,16,65536,7659.01
338288,16,65536,7659.01
338304,16,65536,7659.01
338320,16,65536,7659.01
338336,16,65536,7659.01
338352,16,65536,7659.01
338368,16,65536,7659.01
338384,16,65536,7659.01
338400,16,65536,7659.01
338416,16,65536,7659.01
338432,16,65536,7659.01
338448,16,65536,7659.01
338464,16,65536,7659.01
338480,16,65536,7659.01
338496,16,65536,7659.01
338512,16,65536,7659.01
338528,16,65536,7659.01
338544,16,65536,7659.01
338560,16,65536,7659.01
338576,16,65536,7659.01
338592,16,65536,7659.01
338608,16,65536,7659.01
338624,16,65536,7659.01
338640,16,65536,7659.01
338656,16,65536,7659.01
338672,16,65536,7659.01
338688,16,65536,7659.01
338704,16,65536,7659.01
338720,16,65536,7659.01
338736,16,65536,7659.01
338752,16,65536,7659.01
338768,16,65536,7659.01
338784,16,65536,7659.01
338800,16,65536,7659.01
338816,16,65536,7659.01
338832,16,65536,7659.01
338848,16,65536,7659.01
338864,16,65536,7659.01
338880,16,65536,7659.01
338896,16,65536,7659.01
338912,16,65536,7659.01
338928,16,65536,7659.01
338944,16,65536,7659.01
338960,16,65536,7659.01
338976,16,65536,7659.01
338992,16,65536,7659.01
339008,16,65536,7659.01
339024,16,65536,7659.01
339040,16,65536,7659.01
339056,16,65536,7659.01
339072,16,65536,7659.01
339088,16,65536,7659.01
339104,16,65536,7659.01
339120,16,65536,7659.01
339136,16,65536,7659.01
339152,16,65536,7659.01
339168,16,65536,7659.01
339184,16,65536,7659.01
339200,16,65536,7659.01
339216,16,65536,7659.01
339232,16,65536,7659.01
339248,16,65536,7659.01
339264,16,65536,7659.01
339280,16,65536,7659.01
339296,16,65536,7659.01
339312,16,65536,7659.01
339328,16,65536,7659.01
339344,16,65536,7659.01
339360,16,65536,7659.01
339376,16,65536,7659.01
339392,16,65536,7659.01
339408,16,65536,7659.01
339424,16,65536,7659.01
339440,16,65536,7659.01
339456,16,65536,7659.01
339472,16,65536,7659.01
339488,16,65536,7659.01
339504,16,65536,7659.01
339520,16,65536,7659.01
339536,16,65536,7659.01
339552,16,65536,7659.01
339568,16,65536,7659.01
339584,16,65536,7659.01
339600,16,65536,7659.01
339616,16,65536,7659.01
339632,16,65536,7659.01
339648,16,65536,7659.01
339664,16,65536,7659.01
339680,16,65536,7659.01
339696,16,65536,7659.01
339712,16,65536,7659.01
339728,16,65536,7659.01
339744,16,65536,7659.01
339760,16,65536,7659.01
339776,16,65536,7659.01
339792,16,65536,7659.01
339808,16,65536,7659.01
339824,16,65536,7659.01
339840,16,65536,7659.01
339856,16,65536,7659.01
339872,16,65536,7659.01
339888,16,65536,7659.01
339904,16,65536,7659.01
339920,16,65536,7659.01
339936,16,65536,7659.01
339952,16,65536,7659.01
339968,16,65536,7659.01
339984,16,65536,7659.01
340000,16,65536,7659.01
340016,16,65536,7659.01
340032,16,65536,7659.01
340048,16,65536,7659.01
340064,16,65536,7659.01
340080,16,65536,7659.01
340096,16,65536,7659.01
340112,16,65536,7659.01
340128,16,65536,7659.01
340144,16,65536,7659.01
340160,16,65536,7659.01
340176,16,65536,7659.01
340192,16,65536,7659.01
340208,16,65536,7659.01
340224,16,65536,7659.01
340240,16,65536,7659.01
340256,16,65536,7659.01
340272,16,65536,7659.01
340288,16,65536,7659.01
340304,16,65536,7659.01
340320,16,65536,7659.01
340336,16,65536,7659.01
340352,16,65536,7659.01
340368,16,65536,7659.01
340384,16,65536,7659.01
340400,16,65536,7659.01
340416,16,65536,7659.01
340432,16,65536,7659.01
340448,16,65536,7659.01
340464,16,65536,7659.01
340480,16,65536,7659.01
340496,16,65536,7659.01
340512,16,65536,7659.01
340528,16,65536,7659.01
340544,16,65536,7659.01
340560,16,65536,7659.01
340576,16,65536,7659.01
340592,16,65536,7659.01
340608,16,65536,7659.01
340624,16,65536,7659.01
340640,16,65536,7659.01
340656,16,65536,7659.01
340672,16,65536,7659.01
340688,16,65536,7659.01
340704,16,65536,7659.01
340720,16,65536,7659.01
340736,16,65536,7659.01
340752,16,65536,7659.01
340768,16,65536,7659.01
340784,16,65536,7659.01
340800,16,65536,7659.01
340816,16,65536,7659.01
340832,16,65536,7659.01
340848,16,65536,7659.01
340864,16,65536,7659.01
340880,16,65536,7659.01
340896,16,65536,7659.01
340912,16,65536,7659.01
340928,16,65536,7659.01
340944,16,65536,7659.01
340960,16,65536,7659.01
340976,16,65536,7659.01
340992,16,65536,7659.01
341008,16,65536,7659.01
341024,16,65536,7659.01
341040,16,65536,7659.01
341056,16,65536,7659.01
341072,16,65536,7659.01
341088,16,65536,7659.01
341104,16,65536,7659.01
341120,16,65536,7659.01
341136,16,65536,7659.01
341152,16,65536,7659.01
341168,16,65536,7659.01
341184,16,65536,7659.01
341200,16,65536,7659.01
341216,16,65536,7659.01
341232,16,65536,7659.01
341248,16,65536,7659.01
341264,16,65536,7659.01
341280,16,65536,7659.01
341296,16,65536,7659.01
341312,16,65536,7659.01
341328,16,65536,7659.01
341344,16,65536,7659.01
341360,16,65536,7659.01
341376,16,65536,7659.01
341392,16,65536,7659.01
341408,16,65536,7659.01
341424,16,65536,7659.01
341440,16,65536,7659.01
341456,16,65536,7659.01
341472,16,65536,7659.01
341488,16,65536,7659.01
341504,16,65536,7659.01
341520,16,65536,7659.01
341536,16,65536,7659.01
341552,16,65536,7659.01
341568,16,65536,7659.01
341584,16,65536,7659.01
341600,16,65536,7659.01
341616,16,65536,7659.01
341632,16,65536,7659.01
341648,16,65536,7659.01
341664,16,65536,7659.01
341680,16,65536,7659.01
341696,16,65536,7659.01
341712,16,65536,7659.01
341728,16,65536,7659.01
341744,16,65536,7659.01
341760,16,65536,7659.01
341776,16,65536,7659.01
341792,16,65536,7659.01
341808,16,65536,7659.01
341824,16,65536,7659.01
341840,16,65536,7659.01
341856,16,65536,7659.01
341872,16,65536,7659.01
341888,16,65536,7659.01
341904,16,65536,7659.01
341920,16,65536,7659.01
341936,16,65536,7659.01
341952,16,65536,7659.01
341968,16,65536,7659.01
341984,16,65536,7659.01
342000,16,65536,7659.01
342016,16,65536,7659.01
342032,16,65536,7659.01
342048,16,65536,7659.01
342064,16,65536,7659.01
342080,16,65536,7659.01
342096,16,65536,7659.01
342112,16,65536,7659.01
342128,16,65536,7659.01
342144,16,65536,7659.01
342160,16,65536,7659.01
342176,16,65536,7659.01
342192,16,65536,7659.01
342208,16,65536,7659.01
342224,16,65536,7659.01
342240,16,65536,7659.01
342256,16,65536,7659.01
342272,16,65536,7659.01
342288,16,65536,7659.01
342304,16,65536,7659.01
342320,16,65536,7659.01
342336,16,65536,7659.01
342352,16,65536,7659.01
342368,16,65536,7659.01
342384,16,65536,7659.01
342400,16,65536,7659.01
342416,16,65536,7659.01
342432,16,65536,7659.01
342448,16,65536,7659.01
342464,16,65536,7659.01
342480,16,65536,7659.01
342496,16,65536,7659.01
342512,16,65536,7659.01
342528,16,65536,7659.01
342544,16,65536,7659.01
342560,16,65536,7659.01
342576,16,65536,7659.01
342592,16,65536,7659.01
342608,16,65536,7659.01
342624,16,65536,7659.01
342640,16,65536,7659.01
342656,16,65536,7659.01
342672,16,65536,7659.01
342688,16,65536,7659.01
342704,16,65536,7659.01
342720,16,65536,7659.01
342736,16,65536,7659.01
342752,16,65536,7659.01
342768,16,65536,7659.01
342784,16,65536,7659.01
342800,16,65536,7659.01
342816,16,65536,7659.01
342832,16,65536,7659.01
342848,16,65536,7659.01
342864,16,65536,7659.01
342880,16,65536,7659.01
342896,16,65536,7659.01
342912,16,65536,7659.01
342928,16,65536,7659.01
342944,16,65536,7659.01
342960,16,65536,7659.01
342976,16,65536,7659.01
342992,16,65536,7659.01
343008,16,65536,7659.01
343024,16,65536,7659.01
343040,16,65536,7659.01
343056,16,65536,7659.01
343072,16,65536,7659.01
343088,16,65536,7659.01
343104,16,65536,7659.01
343120,16,65536,7659.01
343136,16,65536,7659.01
343152,16,65536,7659.01
343168,16,65536,7659.01
343184,16,65536,7659.01
343200,16,65536,7659.01
343216,16,65536,7659.01
343232,16,65536,7659.01
343248,16,65536,7659.01
343264,16,65536,7659.01
343280,16,65536,7659.01
343296,16,65536,7659.01
343312,16,65536,7659.01
343328,16,65536,7659.01
343344,16,65536,7659.01
343360,16,65536,7659.01
343376,16,65536,7659.01
343392,16,65536,7659.01
343408,16,65536,7659.01
343424,16,65536,7659.01
343440,16,65536,7659.01
343456,16,65536,7659.01
343472,16,65536,7659.01
343488,16,65536,7659.01
343504,16,65536,7659.01
343520,16,65536,7659.01
343536,16,65536,7659.01
343552,16,65536,7659.01
343568,16,65536,7659.01
343584,16,65536,7659.01
343600,16,65536,7659.01
343616,16,65536,7659.01
343632,16,65536,7659.01
343648,16,65536,7659.01
343664,16,65536,7659.01
343680,16,65536,7659.01
343696,16,65536,7659.01
343712,16,65536,7659.01
343728,16,65536,7659.01
343744,16,65536,7659.01
343760,16,65536,7659.01
343776,16,65536,7659.01
343792,16,65536,7659.01
343808,16,65536,7659.01
343824,16,65536,7659.01
343840,16,65536,7659.01
343856,16,65536,7659.01
343872,16,65536,7659.01
343888,16,65536,7659.01
343904,16,65536,7659.01
343920,16,65536,7659.01
343936,16,65536,7659.01
343952,16,65536,7659.01
343968,16,65536,7659.01
343984,16,65536,7659.01
344000,16,65536,7659.01
344016,16,65536,7659.01
344032,16,65536,7659.01
344048,16,65536,7659.01
344064,16,65536,7659.01
344080,16,65536,7659.01
344096,16,65536,7659.01
344112,16,65536,7659.01
344128,16,65536,7659.01
344144,16,65536,7659.01
344160,16,65536,7659.01
344176,16,65536,7659.01
344192,16,65536,7659.01
344208,16,65536,7659.01
344224,16,65536,7659.01
344240,16,65536,7659.01
344256,16,65536,7659.01
344272,16,65536,7659.01
344288,16,65536,7659.01
344304,16,65536,7659.01
344320,16,65536,7659.01
344336,16,65536,7659.01
344352,16,65536,7659.01
344368,16,65536,7659.01
344384,16,65536,7659.01
344400,16,65536,7659.01
344416,16,65536,7659.01
344432,16,65536,7659.01
344448,16,65536,7659.01
344464,16,65536,7659.01
344480,16,65536,7659.01
344496,16,65536,7659.01
344512,16,65536,7659.01
344528,16,65536,7659.01
344544,16,65536,7659.01
344560,16,65536,7659.01
344576,16,65536,7659.01
344592,16,65536,7659.01
344608,16,65536,7659.01
344624,16,65536,7659.01
344640,16,65536,7659.01
344656,16,65536,7659.01
344672,16,65536,7659.01
344688,16,65536,7659.01
344704,16,65536,7659.01
344720,16,65536,7659.01
344736,16,65536,7659.01
344752,16,65536,7659.01
344768,16,65536,7659.01
344784,16,65536,7659.01
344800,16,65536,7659.01
344816,16,65536,7659.01
344832,16,65536,7659.01
344848,16,65536,7659.01
344864,16,65536,7659.01
344880,16,65536,7659.01
344896,16,65536,7659.01
344912,16,65536,7659.01
344928,16,65536,7659.01
344944,16,65536,7659.01
344960,16,65536,7659.01
344976,16,65536,7659.01
344992,16,65536,7659.01
345008,16,65536,7659.01
345024,16,65536,7659.01
345040,16,65536,7659.01
345056,16,65536,7659.01
345072,16,65536,7659.01
345088,16,65536,7659.01
345104,16,65536,7659.01
345120,16,65536,7659.01
345136,16,65536,7659.01
345152,16,65536,7659.01
345168,16,65536,7659.01
345184,16,65536,7659.01
345200,16,65536,7659.01
345216,16,65536,7659.01
345232,16,65536,7659.01
345248,16,65536,7659.01
345264,16,65536,7659.01
345280,16,65536,7659.01
345296,16,65536,7659.01
345312,16,65536,7659.01
345328,16,65536,7659.01
345344,16,65536,7659.01
345360,16,65536,7659.01
345376,16,65536,7659.01
345392,16,65536,7659.01
345408,16,65536,7659.01
345424,16,65536,7659.01
345440,16,65536,7659.01
345456,16,65536,7659.01
345472,16,65536,7659.01
345488,16,65536,7659.01
345504,16,65536,7659.01
345520,16,65536,7659.01
345536,16,65536,7659.01
345552,16,65536,7659.01
345568,16,65536,7659.01
345584,16,65536,7659.01
345600,16,65536,7659.01
345616,16,65536,7659.01
345632,16,65536,7659.01
345648,16,65536,7659.01
345664,16,65536,7659.01
345680,16,65536,7659.01
345696,16,65536,7659.01
345712,16,65536,7659.01
345728,16,65536,7659.01
345744,16,65536,7659.01
345760,16,65536,7659.01
345776,16,65536,7659.01
345792,16,65536,7659.01
345808,16,65536,7659.01
345824,16,65536,7659.01
345840,16,65536,7659.01
345856,16,65536,7659.01
345872,16,65536,7659.01
345888,16,65536,7659.01
345904,16,65536,7659.01
345920,16,65536,7659.01
345936,16,65536,7659.01
345952,16,65536,7659.01
345968,16,65536,7659.01
345984,16,65536,7659.01
346000,16,65536,7659.01
346016,16,65536,7659.01
346032,16,65536,7659.01
346048,16,65536,7659.01
346064,16,65536,7659.01
346080,16,65536,7659.01
346096,16,65536,7659.01
346112,16,65536,7659.01
346128,16,65536,7659.01
346144,16,65536,7659.01
346160,16,65536,7659.01
346176,16,65536,7659.01
346192,16,65536,7659.01
346208,16,65536,7659.01
346224,16,65536,7659.01
346240,16,65536,7659.01
346256,16,65536,7659.01
346272,16,65536,7659.01
346288,16,65536,7659.01
346304,16,65536,7659.01
346320,16,65536,7659.01
346336,16,65536,7659.01
346352,16,65536,7659.01
346368,16,65536,7659.01
346384,16,65536,7659.01
346400,16,65536,7659.01
346416,16,65536,7659.01
346432,16,65536,7659.01
346448,16,65536,7659.01
346464,16,65536,7659.01
346480,16,65536,7659.01
346496,16,65536,7659.01
346512,16,65536,7659.01
346528,16,65536,7659.01
346544,16,65536,7659.01
346560,16,65536,7659.01
346576,16,65536,7659.01
346592,16,65536,7659.01
346608,16,65536,7659.01
346624,16,65536,7659.01
346640,16,65536,7659.01
346656,16,65536,7659.01
346672,16,65536,7659.01
346688,16,65536,7659.01
346704,16,65536,7659.01
346720,16,65536,7659.01
346736,16,65536,7659.01
346752,16,65536,7659.01
346768,16,65536,7659.01
346784,16,65536,7659.01
346800,16,65536,7659.01
346816,16,65536,7659.01
346832,16,65536,7659.01
346848,16,65536,7659.01
346864,16,65536,7659.01
346880,16,65536,7659.01
346896,16,65536,7659.01
346912,16,65536,7659.01
346928,16,65536,7659.01
346944,16,65536,7659.01
346960,16,65536,7659.01
346976,16,65536,7659.01
346992,16,65536,7659.01
347008,16,65536,7659.01
347024,16,65536,7659.01
347040,16,65536,7659.01
347056,16,65536,7659.01
347072,16,65536,7659.01
347088,16,65536,7659.01
347104,16,65536,7659.01
347120,16,65536,7659.01
347136,16,65536,7659.01
347152,16,65536,7659.01
347168,16,65536,7659.01
347184,16,65536,7659.01
347200,16,65536,7659.01
347216,16,65536,7659.01
347232,16,65536,7659.01
347248,16,65536,7659.01
347264,16,65536,7659.01
347280,16,65536,7659.01
347296,16,65536,7659.01
347312,16,65536,7659.01
347328,16,65536,7659.01
347344,16,65536,7659.01
347360,16,65536,7659.01
347376,16,65536,7659.01
347392,16,65536,7659.01
347408,16,65536,7659.01
347424,16,65536,7659.01
347440,16,65536,7659.01
347456,16,65536,7659.01
347472,16,65536,7659.01
347488,16,65536,7659.01
347504,16,65536,7659.01
347520,16,65536,7659.01
347536,16,65536,7659.01
347552,16,65536,7659.01
347568,16,65536,7659.01
347584,16,65536,7659.01
347600,16,65536,7659.01
347616,16,65536,7659.01
347632,16,65536,7659.01
347648,16,65536,7659.01
347664,16,65536,7659.01
347680,16,65536,7659.01
347696,16,65536,7659.01
347712,16,65536,7659.01
347728,16,65536,7659.01
347744,16,65536,7659.01
347760,16,65536,7659.01
347776,16,65536,7659.01
347792,16,65536,7659.01
347808,16,65536,7659.01
347824,16,65536,7659.01
347840,16,65536,7659.01
347856,16,65536,7659.01
347872,16,65536,7659.01
347888,16,65536,7659.01
347904,16,65536,7659.01
347920,16,65536,7659.01
347936,16,65536,7659.01
347952,16,65536,7659.01
347968,16,65536,7659.01
347984,16,65536,7659.01
348000,16,65536,7659.01
348016,16,65536,7659.01
348032,16,65536,7659.01
348048,16,65536,7659.01
348064,16,65536,7659.01
348080,16,65536,7659.01
348096,16,65536,7659.01
348112,16,65536,7659.01
348128,16,65536,7659.01
348144,16,65536,7659.01
348160,16,65536,7659.01
348176,16,65536,7659.01
348192,16,65536,7659.01
348208,16,65536,7659.01
348224,16,65536,7659.01
348240,16,65536,7659.01
348256,16,65536,7659.01
348272,16,65536,7659.01
348288,16,65536,7659.01
348304,16,65536,7659.01
348320,16,65536,7659.01
348336,16,65536,7659.01
348352,16,65536,7659.01
348368,16,65536,7659.01
348384,16,65536,7659.01
348400,16,65536,7659.01
348416,16,65536,7659.01
348432,16,65536,7659.01
348448,16,65536,7659.01
348464,16,65536,7659.01
348480,16,65536,7659.01
348496,16,65536,7659.01
348512,16,65536,7659.01
348528,16,65536,7659.01
348544,16,65536,7659.01
348560,16,65536,7659.01
348576,16,65536,7659.01
348592,16,65536,7659.01
348608,16,65536,7659.01
348624,16,65536,7659.01
348640,16,65536,7659.01
348656,16,65536,7659.01
348672,16,65536,7659.01
348688,16,65536,7659.01
348704,16,65536,7659.01
348720,16,65536,7659.01
348736,16,65536,7659.01
348752,16,65536,7659.01
348768,16,65536,7659.01
348784,16,65536,7659.01
348800,16,65536,7659.01
348816,16,65536,7659.01
348832,16,65536,7659.01
348848,16,65536,7659.01
348864,16,65536,7659.01
348880,16,65536,7659.01
348896,16,65536,7659.01
348912,16,65536,7659.01
348928,16,65536,7659.01
348944,16,65536,7659.01
348960,16,65536,7659.01
348976,16,65536,7659.01
348992,16,65536,7659.01
349008,16,65536,7659.01
349024,16,65536,7659.01
349040,16,65536,7659.01
349056,16,65536,7659.01
349072,16,65536,7659.01
349088,16,65536,7659.01
349104,16,65536,7659.01
349120,16,65536,7659.01
349136,16,65536,7659.01
349152,16,65536,7659.01
349168,16,65536,7659.01
349184,16,65536,7659.01
349200,16,65536,7659.01
349216,16,65536,7659.01
349232,16,65536,7659.01
349248,16,65536,7659.01
349264,16,65536,7659.01
349280,16,65536,7659.01
349296,16,65536,7659.01
349312,16,65536,7659.01
349328,16,65536,7659.01
349344,16,65536,7659.01
349360,16,65536,7659.01
349376,16,65536,7659.01
349392,16,65536,7659.01
349408,16,65536,7659.01
349424,16,65536,7659.01
349440,16,65536,7659.01
349456,16,65536,7659.01
349472,16,65536,7659.01
349488,16,65536,7659.01
349504,16,65536,7659.01
349520,16,65536,7659.01
349536,16,65536,7659.01
349552,16,65536,7659.01
349568,16,65536,7659.01
349584,16,65536,7659.01
349600,16,65536,7659.01
349616,16,65536,7659.01
349632,16,65536,7659.01
349648,16,65536,7659.01
349664,16,65536,7659.01
349680,16,65536,7659.01
349696,16,65536,7659.01
349712,16,65536,7659.01
349728,16,65536,7659.01
349744,16,65536,7659.01
349760,16,65536,7659.01
349776,16,65536,7659.01
349792,16,65536,7659.01
349808,16,65536,7659.01
349824,16,65536,7659.01
349840,16,65536,7659.01
349856,16,65536,7659.01
349872,16,65536,7659.01
349888,16,65536,7659.01
349904,16,65536,7659.01
349920,16,65536,7659.01
349936,16,65536,7659.01
349952,16,65536,7659.01
349968,16,65536,7659.01
349984,16,65536,7659.01
350000,16,65536,7659.01
350016,16,65536,7659.01
350032,16,65536,7659.01
350048,16,65536,7659.01
350064,16,65536,7659.01
350080,16,65536,7659.01
350096,16,65536,7659.01
350112,16,65536,7659.01
350128,16,65536,7659.01
350144,16,65536,7659.01
350160,16,65536,7659.01
350176,16,65536,7659.01
350192,16,65536,7659.01
350208,16,65536,7659.01
350224,16,65536,7659.01
350240,16,65536,7659.01
350256,16,65536,7659.01
350272,16,65536,7659.01
350288,16,65536,7659.01
350304,16,65536,7659.01
350320,16,65536,7659.01
350336,16,65536,7659.01
350352,16,65536,7659.01
350368,16,65536,7659.01
350384,16,65536,7659.01
350400,16,65536,7659.01
350416,16,65536,7659.01
350432,16,65536,7659.01
350448,16,65536,7659.01
350464,16,65536,7659.01
350480,16,65536,7659.01
350496,16,65536,7659.01
350512,16,65536,7659.01
350528,16,65536,7659.01
350544,16,65536,7659.01
350560,16,65536,7659.01
350576,16,65536,7659.01
350592,16,65536,7659.01
350608,16,65536,7659.01
350624,16,65536,7659.01
350640,16,65536,7659.01
350656,16,65536,7659.01
350672,16,65536,7659.01
350688,16,65536,7659.01
350704,16,65536,7659.01
350720,16,65536,7659.01
350736,16,65536,7659.01
350752,16,65536,7659.01
350768,16,65536,7659.01
350784,16,65536,7659.01
350800,16,65536,7659.01
350816,16,65536,7659.01
350832,16,65536,7659.01
350848,16,65536,7659.01
350864,16,65536,7659.01
350880,16,65536,7659.01
350896,16,65536,7659.01
350912,16,65536,7659.01
350928,16,65536,7659.01
350944,16,65536,7659.01
350960,16,65536,7659.01
350976,16,65536,7659.01
350992,16,65536,7659.01
351008,16,65536,7659.01
351024,16,65536,7659.01
351040,16,65536,7659.01
351056,16,65536,7659.01
351072,16,65536,7659.01
351088,16,65536,7659.01
351104,16,65536,7659.01
351120,16,65536,7659.01
351136,16,65536,7659.01
351152,16,65536,7659.01
351168,16,65536,7659.01
351184,16,65536,7659.01
351200,16,65536,7659.01
351216,16,65536,7659.01
351232,16,65536,7659.01
351248,16,65536,7659.01
351264,16,65536,7659.01
351280,16,65536,7659.01
351296,16,65536,7659.01
351312,16,65536,7659.01
351328,16,65536,7659.01
351344,16,65536,7659.01
351360,16,65536,7659.01
351376,16,65536,7659.01
351392,16,65536,7659.01
351408,16,65536,7659.01
351424,16,65536,7659.01
351440,16,65536,7659.01
351456,16,65536,7659.01
351472,16,65536,7659.01
351488,16,65536,7659.01
351504,16,65536,7659.01
351520,16,65536,7659.01
351536,16,65536,7659.01
351552,16,65536,7659.01
351568,16,65536,7659.01
351584,16,65536,7659.01
351600,16,65536,7659.01
351616,16,65536,7659.01
351632,16,65536,7659.01
351648,16,65536,7659.01
351664,16,65536,7659.01
351680,16,65536,7659.01
351696,16,65536,7659.01
351712,16,65536,7659.01
351728,16,65536,7659.01
351744,16,65536,7659.01
351760,16,65536,7659.01
351776,16,65536,7659.01
351792,16,65536,7659.01
351808,16,65536,7659.01
351824,16,65536,7659.01
351840,16,65536,7659.01
351856,16,65536,7659.01
351872,16,65536,7659.01
351888,16,65536,7659.01
351904,16,65536,7659.01
351920,16,65536,7659.01
351936,16,65536,7659.01
351952,16,65536,7659.01
351968,16,65536,7659.01
351984,16,65536,7659.01
352000,16,65536,7659.01
352016,16,65536,7659.01
352032,16,65536,7659.01
352048,16,65536,7659.01
352064,16,65536,7659.01
352080,16,65536,7659.01
352096,16,65536,7659.01
352112,16,65536,7659.01
352128,16,65536,7659.01
352144,16,65536,7659.01
352160,16,65536,7659.01
352176,16,65536,7659.01
352192,16,65536,7659.01
352208,16,65536,7659.01
352224,16,65536,7659.01
352240,16,65536,7659.01
352256,16,65536,7659.01
352272,16,65536,7659.01
352288,16,65536,7659.01
352304,16,65536,7659.01
352320,16,65536,7659.01
352336,16,65536,7659.01
352352,16,65536,7659.01
352368,16,65536,7659.01
352384,16,65536,7659.01
352400,16,65536,7659.01
352416,16,65536,7659.01
352432,16,65536,7659.01
352448,16,65536,7659.01
352464,16,65536,7659.01
352480,16,65536,7659.01
352496,16,65536,7659.01
352512,16,65536,7659.01
352528,16,65536,7659.01
352544,16,65536,7659.01
352560,16,65536,7659.01
352576,16,65536,7659.01
352592,16,65536,7659.01
352608,16,65536,7659.01
352624,16,65536,7659.01
352640,16,65536,7659.01
352656,16,65536,7659.01
352672,16,65536,7659.01
352688,16,65536,7659.01
352704,16,65536,7659.01
352720,16,65536,7659.01
352736,16,65536,7659.01
352752,16,65536,7659.01
352768,16,65536,7659.01
352784,16,65536,7659.01
352800,16,65536,7659.01
352816,16,65536,7659.01
352832,16,65536,7659.01
352848,16,65536,7659.01
352864,16,65536,7659.01
352880,16,65536,7659.01
352896,16,65536,7659.01
352912,16,65536,7659.01
352928,16,65536,7659.01
352944,16,65536,7659.01
352960,16,65536,7659.01
352976,16,65536,7659.01
352992,16,65536,7659.01
353008,16,65536,7659.01
353024,16,65536,7659.01
353040,16,65536,7659.01
353056,16,65536,7659.01
353072,16,65536,7659.01
353088,16,65536,7659.01
353104,16,65536,7659.01
353120,16,65536,7659.01
353136,16,65536,7659.01
353152,16,65536,7659.01
353168,16,65536,7659.01
353184,16,65536,7659.01
353200,16,65536,7659.01
353216,16,65536,7659.01
353232,16,65536,7659.01
353248,16,65536,7659.01
353264,16,65536,7659.01
353280,16,65536,7659.01
353296,16,65536,7659.01
353312,16,65536,7659.01
353328,16,65536,7659.01
353344,16,65536,7659.01
353360,16,65536,7659.01
353376,16,65536,7659.01
353392,16,65536,7659.01
353408,16,65536,7659.01
353424,16,65536,7659.01
353440,16,65536,7659.01
353456,16,65536,7659.01
353472,16,65536,7659.01
353488,16,65536,7659.01
353504,16,65536,7659.01
353520,16,65536,7659.01
353536,16,65536,7659.01
353552,16,65536,7659.01
353568,16,65536,7659.01
353584,16,65536,7659.01
353600,16,65536,7659.01
353616,16,65536,7659.01
353632,16,65536,7659.01
353648,16,65536,7659.01
353664,16,65536,7659.01
353680,16,65536,7659.01
353696,16,65536,7659.01
353712,16,65536,7659.01
353728,16,65536,7659.01
353744,16,65536,7659.01
353760,16,65536,7659.01
353776,16,65536,7659.01
353792,16,65536,7659.01
353808,16,65536,7659.01
353824,16,65536,7659.01
353840,16,65536,7659.01
353856,16,65536,7659.01
353872,16,65536,7659.01
353888,16,65536,7659.01
353904,16,65536,7659.01
353920,16,65536,7659.01
353936,16,65536,7659.01
353952,16,65536,7659.01
353968,16,65536,7659.01
353984,16,65536,7659.01
354000,16,65536,7659.01
354016,16,65536,7659.01
354032,16,65536,7659.01
354048,16,65536,7659.01
354064,16,65536,7659.01
354080,16,65536,7659.01
354096,16,65536,7659.01
354112,16,65536,7659.01
354128,16,65536,7659.01
354144,16,65536,7659.01
354160,16,65536,7659.01
354176,16,65536,7659.01
354192,16,65536,7659.01
354208,16,65536,7659.01
354224,16,65536,7659.01
354240,16,65536,7659.01
354256,16,65536,7659.01
354272,16,65536,7659.01
354288,16,65536,7659.01
354304,16,65536,7659.01
354320,16,65536,7659.01
354336,16,65536,7659.01
354352,16,65536,7659.01
354368,16,65536,7659.01
354384,16,65536,7659.01
354400,16,65536,7659.01
354416,16,65536,7659.01
354432,16,65536,7659.01
354448,16,65536,7659.01
354464,16,65536,7659.01
354480,16,65536,7659.01
354496,16,65536,7659.01
354512,16,65536,7659.01
354528,16,65536,7659.01
354544,16,65536,7659.01
354560,16,65536,7659.01
354576,16,65536,7659.01
354592,16,65536,7659.01
354608,16,65536,7659.01
354624,16,65536,7659.01
354640,16,65536,7659.01
354656,16,65536,7659.01
354672,16,65536,7659.01
354688,16,65536,7659.01
354704,16,65536,7659.01
354720,16,65536,7659.01
354736,16,65536,7659.01
354752,16,65536,7659.01
354768,16,65536,7659.01
354784,16,65536,7659.01
354800,16,65536,7659.01
354816,16,65536,7659.01
354832,16,65536,7659.01
354848,16,65536,7659.01
354864,16,65536,7659.01
354880,16,65536,7659.01
354896,16,65536,7659.01
354912,16,65536,7659.01
354928,16,65536,7659.01
354944,16,65536,7659.01
354960,16,65536,7659.01
354976,16,65536,7659.01
354992,16,65536,7659.01
355008,16,65536,7659.01
355024,16,65536,7659.01
355040,16,65536,7659.01
355056,16,65536,7659.01
355072,16,65536,7659.01
355088,16,65536,7659.01
355104,16,65536,7659.01
355120,16,65536,7659.01
355136,16,65536,7659.01
355152,16,65536,7659.01
355168,16,65536,7659.01
355184,16,65536,7659.01
355200,16,65536,7659.01
355216,16,65536,7659.01
355232,16,65536,7659.01
355248,16,65536,7659.01
355264,16,65536,7659.01
355280,16,65536,7659.01
355296,16,65536,7659.01
355312,16,65536,7659.01
355328,16,65536,7659.01
355344,16,65536,7659.01
355360,16,65536,7659.01
355376,16,65536,7659.01
355392,16,65536,7659.01
355408,16,65536,7659.01
355424,16,65536,7659.01
355440,16,65536,7659.01
355456,16,65536,7659.01
355472,16,65536,7659.01
355488,16,65536,7659.01
355504,16,65536,7659.01
355520,16,65536,7659.01
355536,16,65536,7659.01
355552,16,65536,7659.01
355568,16,65536,7659.01
355584,16,65536,7659.01
355600,16,65536,7659.01
355616,16,65536,7659.01
355632,16,65536,7659.01
355648,16,65536,7659.01
355664,16,65536,7659.01
355680,16,65536,7659.01
355696,16,65536,7659.01
355712,16,65536,7659.01
355728,16,65536,7659.01
355744,16,65536,7659.01
355760,16,65536,7659.01
355776,16,65536,7659.01
355792,16,65536,7659.01
355808,16,65536,7659.01
355824,16,65536,7659.01
355840,16,65536,7659.01
355856,16,65536,7659.01
355872,16,65536,7659.01
355888,16,65536,7659.01
355904,16,65536,7659.01
355920,16,65536,7659.01
355936,16,65536,7659.01
355952,16,65536,7659.01
355968,16,65536,7659.01
355984,16,65536,7659.01
356000,16,65536,7659.01
356016,16,65536,7659.01
356032,16,65536,7659.01
356048,16,65536,7659.01
356064,16,65536,7659.01
356080,16,65536,7659.01
356096,16,65536,7659.01
356112,16,65536,7659.01
356128,16,65536,7659.01
356144,16,65536,7659.01
356160,16,65536,7659.01
356176,16,65536,7659.01
356192,16,65536,7659.01
356208,16,65536,7659.01
356224,16,65536,7659.01
356240,16,65536,7659.01
356256,16,65536,7659.01
356272,16,65536,7659.01
356288,16,65536,7659.01
356304,16,65536,7659.01
356320,16,65536,7659.01
356336,16,65536,7659.01
356352,16,65536,7659.01
356368,16,65536,7659.01
356384,16,65536,7659.01
356400,16,65536,7659.01
356416,16,65536,7659.01
356432,16,65536,7659.01
356448,16,65536,7659.01
356464,16,65536,7659.01
356480,16,65536,7659.01
356496,16,65536,7659.01
356512,16,65536,7659.01
356528,16,65536,7659.01
356544,16,65536,7659.01
356560,16,65536,7659.01
356576,16,65536,7659.01
356592,16,65536,7659.01
356608,16,65536,7659.01
356624,16,65536,7659.01
356640,16,65536,7659.01
356656,16,65536,7659.01
356672,16,65536,7659.01
356688,16,65536,7659.01
356704,16,65536,7659.01
356720,16,65536,7659.01
356736,16,65536,7659.01
356752,16,65536,7659.01
356768,16,65536,7659.01
356784,16,65536,7659.01
356800,16,65536,7659.01
356816,16,65536,7659.01
356832,16,65536,7659.01
356848,16,65536,7659.01
356864,16,65536,7659.01
356880,16,65536,7659.01
356896,16,65536,7659.01
356912,16,65536,7659.01
356928,16,65536,7659.01
356944,16,65536,7659.01
356960,16,65536,7659.01
356976,16,65536,7659.01
356992,16,65536,7659.01
357008,16,65536,7659.01
357024,16,65536,7659.01
357040,16,65536,7659.01
357056,16,65536,7659.01
357072,16,65536,7659.01
357088,16,65536,7659.01
357104,16,65536,7659.01
357120,16,65536,7659.01
357136,16,65536,7659.01
357152,16,65536,7659.01
357168,16,65536,7659.01
357184,16,65536,7659.01
357200,16,65536,7659.01
357216,16,65536,7659.01
357232,16,65536,7659.01
357248,16,65536,7659.01
357264,16,65536,7659.01
357280,16,65536,7659.01
357296,16,65536,7659.01
357312,16,65536,7659.01
357328,16,65536,7659.01
357344,16,65536,7659.01
357360,16,65536,7659.01
357376,16,65536,7659.01
357392,16,65536,7659.01
357408,16,65536,7659.01
357424,16,65536,7659.01
357440,16,65536,7659.01
357456,16,65536,7659.01
357472,16,65536,7659.01
357488,16,65536,7659.01
357504,16,65536,7659.01
357520,16,65536,7659.01
357536,16,65536,7659.01
357552,16,65536,7659.01
357568,16,65536,7659.01
357584,16,65536,7659.01
357600,16,65536,7659.01
357616,16,65536,7659.01
357632,16,65536,7659.01
357648,16,65536,7659.01
357664,16,65536,7659.01
357680,16,65536,7659.01
357696,16,65536,7659.01
357712,16,65536,7659.01
357728,16,65536,7659.01
357744,16,65536,7659.01
357760,16,65536,7659.01
357776,16,65536,7659.01
357792,16,65536,7659.01
357808,16,65536,7659.01
357824,16,65536,7659.01
357840,16,65536,7659.01
357856,16,65536,7659.01
357872,16,65536,7659.01
357888,16,65536,7659.01
357904,16,65536,7659.01
357920,16,65536,7659.01
357936,16,65536,7659.01
357952,16,65536,7659.01
357968,16,65536,7659.01
357984,16,65536,7659.01
358000,16,65536,7659.01
358016,16,65536,7659.01
358032,16,65536,7659.01
358048,16,65536,7659.01
358064,16,65536,7659.01
358080,16,65536,7659.01
358096,16,65536,7659.01
358112,16,65536,7659.01
358128,16,65536,7659.01
358144,16,65536,7659.01
358160,16,65536,7659.01
358176,16,65536,7659.01
358192,16,65536,7659.01
358208,16,65536,7659.01
358224,16,65536,7659.01
358240,16,65536,7659.01
358256,16,65536,7659.01
358272,16,65536,7659.01
358288,16,65536,7659.01
358304,16,65536,7659.01
358320,16,65536,7659.01
358336,16,65536,7659.01
358352,16,65536,7659.01
358368,16,65536,7659.01
358384,16,65536,7659.01
358400,16,65536,7659.01
358416,16,65536,7659.01
358432,16,65536,7659.01
358448,16,65536,7659.01
358464,16,65536,7659.01
358480,16,65536,7659.01
358496,16,65536,7659.01
358512,16,65536,7659.01
358528,16,65536,7659.01
358544,16,65536,7659.01
358560,16,65536,7659.01
358576,16,65536,7659.01
358592,16,65536,7659.01
358608,16,65536,7659.01
358624,16,65536,7659.01
358640,16,65536,7659.01
358656,16,65536,7659.01
358672,16,65536,7659.01
358688,16,65536,7659.01
358704,16,65536,7659.01
358720,16,65536,7659.01
358736,16,65536,7659.01
358752,16,65536,7659.01
358768,16,65536,7659.01
358784,16,65536,7659.01
358800,16,65536,7659.01
358816,16,65536,7659.01
358832,16,65536,7659.01
358848,16,65536,7659.01
358864,16,65536,7659.01
358880,16,65536,7659.01
358896,16,65536,7659.01
358912,16,65536,7659.01
358928,16,65536,7659.01
358944,16,65536,7659.01
358960,16,65536,7659.01
358976,16,65536,7659.01
358992,16,65536,7659.01
359008,16,65536,7659.01
359024,16,65536,7659.01
359040,16,65536,7659.01
359056,16,65536,7659.01
359072,16,65536,7659.01
359088,16,65536,7659.01
359104,16,65536,7659.01
359120,16,65536,7659.01
359136,16,65536,7659.01
359152,16,65536,7659.01
359168,16,65536,7659.01
359184,16,65536,7659.01
359200,16,65536,7659.01
359216,16,65536,7659.01
359232,16,65536,7659.01
359248,16,65536,7659.01
359264,16,65536,7659.01
359280,16,65536,7659.01
359296,16,65536,7659.01
359312,16,65536,7659.01
359328,16,65536,7659.01
359344,16,65536,7659.01
359360,16,65536,7659.01
359376,16,65536,7659.01
359392,16,65536,7659.01
359408,16,65536,7659.01
359424,16,65536,7659.01
359440,16,65536,7659.01
359456,16,65536,7659.01
359472,16,65536,7659.01
359488,16,65536,7659.01
359504,16,65536,7659.01
359520,16,65536,7659.01
359536,16,65536,7659.01
359552,16,65536,7659.01
359568,16,65536,7659.01
359584,16,65536,7659.01
359600,16,65536,7659.01
359616,16,65536,7659.01
359632,16,65536,7659.01
359648,16,65536,7659.01
359664,16,65536,7659.01
359680,16,65536,7659.01
359696,16,65536,7659.01
359712,16,65536,7659.01
359728,16,65536,7659.01
359744,16,65536,7659.01
359760,16,65536,7659.01
359776,16,65536,7659.01
359792,16,65536,7659.01
359808,16,65536,7659.01
359824,16,65536,7659.01
359840,16,65536,7659.01
359856,16,65536,7659.01
359872,16,65536,7659.01
359888,16,65536,7659.01
359904,16,65536,7659.01
359920,16,65536,7659.01
359936,16,65536,7659.01
359952,16,65536,7659.01
359968,16,65536,7659.01
359984,16,65536,7659.01
360000,16,65536,7659.01
360016,16,65536,7659.01
360032,16,65536,7659.01
360048,16,65536,7659.01
360064,16,65536,7659.01
360080,16,65536,7659.01
360096,16,65536,7659.01
360112,16,65536,7659.01
360128,16,65536,7659.01
360144,16,65536,7659.01
360160,16,65536,7659.01
360176,16,65536,7659.01
360192,16,65536,7659.01
360208,16,65536,7659.01
360224,16,65536,7659.01
360240,16,65536,7659.01
360256,16,65536,7659.01
360272,16,65536,7659.01
360288,16,65536,7659.01
360304,16,65536,7659.01
360320,16,65536,7659.01
360336,16,65536,7659.01
360352,16,65536,7659.01
360368,16,65536,7659.01
360384,16,65536,7659.01
360400,16,65536,7659.01
360416,16,65536,7659.01
360432,16,65536,7659.01
360448,16,65536,7659.01
360464,16,65536,7659.01
360480,16,65536,7659.01
360496,16,65536,7659.01
360512,16,65536,7659.01
360528,16,65536,7659.01
360544,16,65536,7659.01
360560,16,65536,7659.01
360576,16,65536,7659.01
360592,16,65536,7659.01
360608,16,65536,7659.01
360624,16,65536,7659.01
360640,16,65536,7659.01
360656,16,65536,7659.01
360672,16,65536,7659.01
360688,16,65536,7659.01
360704,16,65536,7659.01
360720,16,65536,7659.01
360736,16,65536,7659.01
360752,16,65536,7659.01
360768,16,65536,7659.01
360784,16,65536,7659.01
360800,16,65536,7659.01
360816,16,65536,7659.01
360832,16,65536,7659.01
360848,16,65536,7659.01
360864,16,65536,7659.01
360880,16,65536,7659.01
360896,16,65536,7659.01
360912,16,65536,7659.01
360928,16,65536,7659.01
360944,16,65536,7659.01
360960,16,65536,7659.01
360976,16,65536,7659.01
360992,16,65536,7659.01
361008,16,65536,7659.01
361024,16,65536,7659.01
361040,16,65536,7659.01
361056,16,65536,7659.01
361072,16,65536,7659.01
361088,16,65536,7659.01
361104,16,65536,7659.01
361120,16,65536,7659.01
361136,16,65536,7659.01
361152,16,65536,7659.01
361168,16,65536,7659.01
361184,16,65536,7659.01
361200,16,65536,7659.01
361216,16,65536,7659.01
361232,16,65536,7659.01
361248,16,65536,7659.01
361264,16,65536,7659.01
361280,16,65536,7659.01
361296,16,65536,7659.01
361312,16,65536,7659.01
361328,16,65536,7659.01
361344,16,65536,7659.01
361360,16,65536,7659.01
361376,16,65536,7659.01
361392,16,65536,7659.01
361408,16,65536,7659.01
361424,16,65536,7659.01
361440,16,65536,7659.01
361456,16,65536,7659.01
361472,16,65536,7659.01
361488,16,65536,7659.01
361504,16,65536,7659.01
361520,16,65536,7659.01
361536,16,65536,7659.01
361552,16,65536,7659.01
361568,16,65536,7659.01
361584,16,65536,7659.01
361600,16,65536,7659.01
361616,16,65536,7659.01
361632,16,65536,7659.01
361648,16,65536,7659.01
361664,16,65536,7659.01
361680,16,65536,7659.01
361696,16,65536,7659.01
361712,16,65536,7659.01
361728,16,65536,7659.01
361744,16,65536,7659.01
361760,16,65536,7659.01
361776,16,65536,7659.01
361792,16,65536,7659.01
361808,16,65536,7659.01
361824,16,65536,7659.01
361840,16,65536,7659.01
361856,16,65536,7659.01
361872,16,65536,7659.01
361888,16,65536,7659.01
361904,16,65536,7659.01
361920,16,65536,7659.01
361936,16,65536,7659.01
361952,16,65536,7659.01
361968,16,65536,7659.01
361984,16,65536,7659.01
362000,16,65536,7659.01
362016,16,65536,7659.01
362032,16,65536,7659.01
362048,16,65536,7659.01
362064,16,65536,7659.01
362080,16,65536,7659.01
362096,16,65536,7659.01
362112,16,65536,7659.01
362128,16,65536,7659.01
362144,16,65536,7659.01
362160,16,65536,7659.01
362176,16,65536,7659.01
362192,16,65536,7659.01
362208,16,65536,7659.01
362224,16,65536,7659.01
362240,16,65536,7659.01
362256,16,65536,7659.01
362272,16,65536,7659.01
362288,16,65536,7659.01
362304,16,65536,7659.01
362320,16,65536,7659.01
362336,16,65536,7659.01
362352,16,65536,7659.01
362368,16,65536,7659.01
362384,16,65536,7659.01
362400,16,65536,7659.01
362416,16,65536,7659.01
362432,16,65536,7659.01
362448,16,65536,7659.01
362464,16,65536,7659.01
362480,16,65536,7659.01
362496,16,65536,7659.01
362512,16,65536,7659.01
362528,16,65536,7659.01
362544,16,65536,7659.01
362560,16,65536,7659.01
362576,16,65536,7659.01
362592,16,65536,7659.01
362608,16,65536,7659.01
362624,16,65536,7659.01
362640,16,65536,7659.01
362656,16,65536,7659.01
362672,16,65536,7659.01
362688,16,65536,7659.01
362704,16,65536,7659.01
362720,16,65536,7659.01
362736,16,65536,7659.01
362752,16,65536,7659.01
362768,16,65536,7659.01
362784,16,65536,7659.01
362800,16,65536,7659.01
362816,16,65536,7659.01
362832,16,65536,7659.01
362848,16,65536,7659.01
362864,16,65536,7659.01
362880,16,65536,7659.01
362896,16,65536,7659.01
362912,16,65536,7659.01
362928,16,65536,7659.01
362944,16,65536,7659.01
362960,16,65536,7659.01
362976,16,65536,7659.01
362992,16,65536,7659.01
363008,16,65536,7659.01
363024,16,65536,7659.01
363040,16,65536,7659.01
363056,16,65536,7659.01
363072,16,65536,7659.01
363088,16,65536,7659.01
363104,16,65536,7659.01
363120,16,65536,7659.01
363136,16,65536,7659.01
363152,16,65536,7659.01
363168,16,65536,7659.01
363184,16,65536,7659.01
363200,16,65536,7659.01
363216,16,65536,7659.01
363232,16,65536,7659.01
363248,16,65536,7659.01
363264,16,65536,7659.01
363280,16,65536,7659.01
363296,16,65536,7659.01
363312,16,65536,7659.01
363328,16,65536,7659.01
363344,16,65536,7659.01
363360,16,65536,7659.01
363376,16,65536,7659.01
363392,16,65536,7659.01
363408,16,65536,7659.01
363424,16,65536,7659.01
363440,16,65536,7659.01
363456,16,65536,7659.01
363472,16,65536,7659.01
363488,16,65536,7659.01
363504,16,65536,7659.01
363520,16,65536,7659.01
363536,16,65536,7659.01
363552,16,65536,7659.01
363568,16,65536,7659.01
363584,16,65536,7659.01
363600,16,65536,7659.01
363616,16,65536,7659.01
363632,16,65536,7659.01
363648,16,65536,7659.01
363664,16,65536,7659.01
363680,16,65536,7659.01
363696,16,65536,7659.01
363712,16,65536,7659.01
363728,16,65536,7659.01
363744,16,65536,7659.01
363760,16,65536,7659.01
363776,16,65536,7659.01
363792,16,65536,7659.01
363808,16,65536,7659.01
363824,16,65536,7659.01
363840,16,65536,7659.01
363856,16,65536,7659.01
363872,16,65536,7659.01
363888,16,65536,7659.01
363904,16,65536,7659.01
363920,16,65536,7659.01
363936,16,65536,7659.01
363952,16,65536,7659.01
363968,16,65536,7659.01
363984,16,65536,7659.01
364000,16,65536,7659.01
364016,16,65536,7659.01
364032,16,65536,7659.01
364048,16,65536,7659.01
364064,16,65536,7659.01
364080,16,65536,7659.01
364096,16,65536,7659.01
364112,16,65536,7659.01
364128,16,65536,7659.01
364144,16,65536,7659.01
364160,16,65536,7659.01
364176,16,65536,7659.01
364192,16,65536,7659.01
364208,16,65536,7659.01
364224,16,65536,7659.01
364240,16,65536,7659.01
364256,16,65536,7659.01
364272,16,65536,7659.01
364288,16,65536,7659.01
364304,16,65536,7659.01
364320,16,65536,7659.01
364336,16,65536,7659.01
364352,16,65536,7659.01
364368,16,65536,7659.01
364384,16,65536,7659.01
364400,16,65536,7659.01
364416,16,65536,7659.01
364432,16,65536,7659.01
364448,16,65536,7659.01
364464,16,65536,7659.01
364480,16,65536,7659.01
364496,16,65536,7659.01
364512,16,65536,7659.01
364528,16,65536,7659.01
364544,16,65536,7659.01
364560,16,65536,7659.01
364576,16,65536,7659.01
364592,16,65536,7659.01
364608,16,65536,7659.01
364624,16,65536,7659.01
364640,16,65536,7659.01
364656,16,65536,7659.01
364672,16,65536,7659.01
364688,16,65536,7659.01
364704,16,65536,7659.01
364720,16,65536,7659.01
364736,16,65536,7659.01
364752,16,65536,7659.01
364768,16,65536,7659.01
364784,16,65536,7659.01
364800,16,65536,7659.01
364816,16,65536,7659.01
364832,16,65536,7659.01
364848,16,65536,7659.01
364864,16,65536,7659.01
364880,16,65536,7659.01
364896,16,65536,7659.01
364912,16,65536,7659.01
364928,16,65536,7659.01
364944,16,65536,7659.01
364960,16,65536,7659.01
364976,16,65536,7659.01
364992,16,65536,7659.01
365008,16,65536,7659.01
365024,16,65536,7659.01
365040,16,65536,7659.01
365056,16,65536,7659.01
365072,16,65536,7659.01
365088,16,65536,7659.01
365104,16,65536,7659.01
365120,16,65536,7659.01
365136,16,65536,7659.01
365152,16,65536,7659.01
365168,16,65536,7659.01
365184,16,65536,7659.01
365200,16,65536,7659.01
365216,16,65536,7659.01
365232,16,65536,7659.01
365248,16,65536,7659.01
365264,16,65536,7659.01
365280,16,65536,7659.01
365296,16,65536,7659.01
365312,16,65536,7659.01
365328,16,65536,7659.01
365344,16,65536,7659.01
365360,16,65536,7659.01
365376,16,65536,7659.01
365392,16,65536,7659.01
365408,16,65536,7659.01
365424,16,65536,7659.01
365440,16,65536,7659.01
365456,16,65536,7659.01
365472,16,65536,7659.01
365488,16,65536,7659.01
365504,16,65536,7659.01
365520,16,65536,7659.01
365536,16,65536,7659.01
365552,16,65536,7659.01
365568,16,65536,7659.01
365584,16,65536,7659.01
365600,16,65536,7659.01
365616,16,65536,7659.01
365632,16,65536,7659.01
365648,16,65536,7659.01
365664,16,65536,7659.01
365680,16,65536,7659.01
365696,16,65536,7659.01
365712,16,65536,7659.01
365728,16,65536,7659.01
365744,16,65536,7659.01
365760,16,65536,7659.01
365776,16,65536,7659.01
365792,16,65536,7659.01
365808,16,65536,7659.01
365824,16,65536,7659.01
365840,16,65536,7659.01
365856,16,65536,7659.01
365872,16,65536,7659.01
365888,16,65536,7659.01
365904,16,65536,7659.01
365920,16,65536,7659.01
365936,16,65536,7659.01
365952,16,65536,7659.01
365968,16,65536,7659.01
365984,16,65536,7659.01
366000,16,65536,7659.01
366016,16,65536,7659.01
366032,16,65536,7659.01
366048,16,65536,7659.01
366064,16,65536,7659.01
366080,16,65536,7659.01
366096,16,65536,7659.01
366112,16,65536,7659.01
366128,16,65536,7659.01
366144,16,65536,7659.01
366160,16,65536,7659.01
366176,16,65536,7659.01
366192,16,65536,7659.01
366208,16,65536,7659.01
366224,16,65536,7659.01
366240,16,65536,7659.01
366256,16,65536,7659.01
366272,16,65536,7659.01
366288,16,65536,7659.01
366304,16,65536,7659.01
366320,16,65536,7659.01
366336,16,65536,7659.01
366352,16,65536,7659.01
366368,16,65536,7659.01
366384,16,65536,7659.01
366400,16,65536,7659.01
366416,16,65536,7659.01
366432,16,65536,7659.01
366448,16,65536,7659.01
366464,16,65536,7659.01
366480,16,65536,7659.01
366496,16,65536,7659.01
366512,16,65536,7659.01
366528,16,65536,7659.01
366544,16,65536,7659.01
366560,16,65536,7659.01
366576,16,65536,7659.01
366592,16,65536,7659.01
366608,16,65536,7659.01
366624,16,65536,7659.01
366640,16,65536,7659.01
366656,16,65536,7659.01
366672,16,65536,7659.01
366688,16,65536,7659.01
366704,16,65536,7659.01
366720,16,65536,7659.01
366736,16,65536,7659.01
366752,16,65536,7659.01
366768,16,65536,7659.01
366784,16,65536,7659.01
366800,16,65536,7659.01
366816,16,65536,7659.01
366832,16,65536,7659.01
366848,16,65536,7659.01
366864,16,65536,7659.01
366880,16,65536,7659.01
366896,16,65536,7659.01
366912,16,65536,7659.01
366928,16,65536,7659.01
366944,16,65536,7659.01
366960,16,65536,7659.01
366976,16,65536,7659.01
366992,16,65536,7659.01
367008,16,65536,7659.01
367024,16,65536,7659.01
367040,16,65536,7659.01
367056,16,65536,7659.01
367072,16,65536,7659.01
367088,16,65536,7659.01
367104,16,65536,7659.01
367120,16,65536,7659.01
367136,16,65536,7659.01
367152,16,65536,7659.01
367168,16,65536,7659.01
367184,16,65536,7659.01
367200,16,65536,7659.01
367216,16,65536,7659.01
367232,16,65536,7659.01
367248,16,65536,7659.01
367264,16,65536,7659.01
367280,16,65536,7659.01
367296,16,65536,7659.01
367312,16,65536,7659.01
367328,16,65536,7659.01
367344,16,65536,7659.01
367360,16,65536,7659.01
367376,16,65536,7659.01
367392,16,65536,7659.01
367408,16,65536,7659.01
367424,16,65536,7659.01
367440,16,65536,7659.01
367456,16,65536,7659.01
367472,16,65536,7659.01
367488,16,65536,7659.01
367504,16,65536,7659.01
367520,16,65536,7659.01
367536,16,65536,7659.01
367552,16,65536,7659.01
367568,16,65536,7659.01
367584,16,65536,7659.01
367600,16,65536,7659.01
367616,16,65536,7659.01
367632,16,65536,7659.01
367648,16,65536,7659.01
367664,16,65536,7659.01
367680,16,65536,7659.01
367696,16,65536,7659.01
367712,16,65536,7659.01
367728,16,65536,7659.01
367744,16,65536,7659.01
367760,16,65536,7659.01
367776,16,65536,7659.01
367792,16,65536,7659.01
367808,16,65536,7659.01
367824,16,65536,7659.01
367840,16,65536,7659.01
367856,16,65536,7659.01
367872,16,65536,7659.01
367888,16,65536,7659.01
367904,16,65536,7659.01
367920,16,65536,7659.01
367936,16,65536,7659.01
367952,16,65536,7659.01
367968,16,65536,7659.01
367984,16,65536,7659.01
368000,16,65536,7659.01
368016,16,65536,7659.01
368032,16,65536,7659.01
368048,16,65536,7659.01
368064,16,65536,7659.01
368080,16,65536,7659.01
368096,16,65536,7659.01
368112,16,65536,7659.01
368128,16,65536,7659.01
368144,16,65536,7659.01
368160,16,65536,7659.01
368176,16,65536,7659.01
368192,16,65536,7659.01
368208,16,65536,7659.01
368224,16,65536,7659.01
368240,16,65536,7659.01
368256,16,65536,7659.01
368272,16,65536,7659.01
368288,16,65536,7659.01
368304,16,65536,7659.01
368320,16,65536,7659.01
368336,16,65536,7659.01
368352,16,65536,7659.01
368368,16,65536,7659.01
368384,16,65536,7659.01
368400,16,65536,7659.01
368416,16,65536,7659.01
368432,16,65536,7659.01
368448,16,65536,7659.01
368464,16,65536,7659.01
368480,16,65536,7659.01
368496,16,65536,7659.01
368512,16,65536,7659.01
368528,16,65536,7659.01
368544,16,65536,7659.01
368560,16,65536,7659.01
368576,16,65536,7659.01
368592,16,65536,7659.01
368608,16,65536,7659.01
368624,16,65536,7659.01
368640,16,65536,7659.01
368656,16,65536,7659.01
368672,16,65536,7659.01
368688,16,65536,7659.01
368704,16,65536,7659.01
368720,16,65536,7659.01
368736,16,65536,7659.01
368752,16,65536,7659.01
368768,16,65536,7659.01
368784,16,65536,7659.01
368800,16,65536,7659.01
368816,16,65536,7659.01
368832,16,65536,7659.01
368848,16,65536,7659.01
368864,16,65536,7659.01
368880,16,65536,7659.01
368896,16,65536,7659.01
368912,16,65536,7659.01
368928,16,65536,7659.01
368944,16,65536,7659.01
368960,16,65536,7659.01
368976,16,65536,7659.01
368992,16,65536,7659.01
369008,16,65536,7659.01
369024,16,65536,7659.01
369040,16,65536,7659.01
369056,16,65536,7659.01
369072,16,65536,7659.01
369088,16,65536,7659.01
369104,16,65536,7659.01
369120,16,65536,7659.01
369136,16,65536,7659.01
369152,16,65536,7659.01
369168,16,65536,7659.01
369184,16,65536,7659.01
369200,16,65536,7659.01
369216,16,65536,7659.01
369232,16,65536,7659.01
369248,16,65536,7659.01
369264,16,65536,7659.01
369280,16,65536,7659.01
369296,16,65536,7659.01
369312,16,65536,7659.01
369328,16,65536,7659.01
369344,16,65536,7659.01
369360,16,65536,7659.01
369376,16,65536,7659.01
369392,16,65536,7659.01
369408,16,65536,7659.01
369424,16,65536,7659.01
369440,16,65536,7659.01
369456,16,65536,7659.01
369472,16,65536,7659.01
369488,16,65536,7659.01
369504,16,65536,7659.01
369520,16,65536,7659.01
369536,16,65536,7659.01
369552,16,65536,7659.01
369568,16,65536,7659.01
369584,16,65536,7659.01
369600,16,65536,7659.01
369616,16,65536,7659.01
369632,16,65536,7659.01
369648,16,65536,7659.01
369664,16,65536,7659.01
369680,16,65536,7659.01
369696,16,65536,7659.01
369712,16,65536,7659.01
369728,16,65536,7659.01
369744,16,65536,7659.01
369760,16,65536,7659.01
369776,16,65536,7659.01
369792,16,65536,7659.01
369808,16,65536,7659.01
369824,16,65536,7659.01
369840,16,65536,7659.01
369856,16,65536,7659.01
369872,16,65536,7659.01
369888,16,65536,7659.01
369904,16,65536,7659.01
369920,16,65536,7659.01
369936,16,65536,7659.01
369952,16,65536,7659.01
369968,16,65536,7659.01
369984,16,65536,7659.01
370000,16,65536,7659.01
370016,16,65536,7659.01
370032,16,65536,7659.01
370048,16,65536,7659.01
370064,16,65536,7659.01
370080,16,65536,7659.01
370096,16,65536,7659.01
370112,16,65536,7659.01
370128,16,65536,7659.01
370144,16,65536,7659.01
370160,16,65536,7659.01
370176,16,65536,7659.01
370192,16,65536,7659.01
370208,16,65536,7659.01
370224,16,65536,7659.01
370240,16,65536,7659.01
370256,16,65536,7659.01
370272,16,65536,7659.01
370288,16,65536,7659.01
370304,16,65536,7659.01
370320,16,65536,7659.01
370336,16,65536,7659.01
370352,16,65536,7659.01
370368,16,65536,7659.01
370384,16,65536,7659.01
370400,16,65536,7659.01
370416,16,65536,7659.01
370432,16,65536,7659.01
370448,16,65536,7659.01
370464,16,65536,7659.01
370480,16,65536,7659.01
370496,16,65536,7659.01
370512,16,65536,7659.01
370528,16,65536,7659.01
370544,16,65536,7659.01
370560,16,65536,7659.01
370576,16,65536,7659.01
370592,16,65536,7659.01
370608,16,65536,7659.01
370624,16,65536,7659.01
370640,16,65536,7659.01
370656,16,65536,7659.01
370672,16,65536,7659.01
370688,16,65536,7659.01
370704,16,65536,7659.01
370720,16,65536,7659.01
370736,16,65536,7659.01
370752,16,65536,7659.01
370768,16,65536,7659.01
370784,16,65536,7659.01
370800,16,65536,7659.01
370816,16,65536,7659.01
370832,16,65536,7659.01
370848,16,65536,7659.01
370864,16,65536,7659.01
370880,16,65536,7659.01
370896,16,65536,7659.01
370912,16,65536,7659.01
370928,16,65536,7659.01
370944,16,65536,7659.01
370960,16,65536,7659.01
370976,16,65536,7659.01
370992,16,65536,7659.01
371008,16,65536,7659.01
371024,16,65536,7659.01
371040,16,65536,7659.01
371056,16,65536,7659.01
371072,16,65536,7659.01
371088,16,65536,7659.01
371104,16,65536,7659.01
371120,16,65536,7659.01
371136,16,65536,7659.01
371152,16,65536,7659.01
371168,16,65536,7659.01
371184,16,65536,7659.01
371200,16,65536,7659.01
371216,16,65536,7659.01
371232,16,65536,7659.01
371248,16,65536,7659.01
371264,16,65536,7659.01
371280,16,65536,7659.01
371296,16,65536,7659.01
371312,16,65536,7659.01
371328,16,65536,7659.01
371344,16,65536,7659.01
371360,16,65536,7659.01
371376,16,65536,7659.01
371392,16,65536,7659.01
371408,16,65536,7659.01
371424,16,65536,7659.01
371440,16,65536,7659.01
371456,16,65536,7659.01
371472,16,65536,7659.01
371488,16,65536,7659.01
371504,16,65536,7659.01
371520,16,65536,7659.01
371536,16,65536,7659.01
371552,16,65536,7659.01
371568,16,65536,7659.01
371584,16,65536,7659.01
371600,16,65536,7659.01
371616,16,65536,7659.01
371632,16,65536,7659.01
371648,16,65536,7659.01
371664,16,65536,7659.01
371680,16,65536,7659.01
371696,16,65536,7659.01
371712,16,65536,7659.01
371728,16,65536,7659.01
371744,16,65536,7659.01
371760,16,65536,7659.01
371776,16,65536,7659.01
371792,16,65536,7659.01
371808,16,65536,7659.01
371824,16,65536,7659.01
371840,16,65536,7659.01
371856,16,65536,7659.01
371872,16,65536,7659.01
371888,16,65536,7659.01
371904,16,65536,7659.01
371920,16,65536,7659.01
371936,16,65536,7659.01
371952,16,65536,7659.01
371968,16,65536,7659.01
371984,16,65536,7659.01
372000,16,65536,7659.01
372016,16,65536,7659.01
372032,16,65536,7659.01
372048,16,65536,7659.01
372064,16,65536,7659.01
372080,16,65536,7659.01
372096,16,65536,7659.01
372112,16,65536,7659.01
372128,16,65536,7659.01
372144,16,65536,7659.01
372160,16,65536,7659.01
372176,16,65536,7659.01
372192,16,65536,7659.01
372208,16,65536,7659.01
372224,16,65536,7659.01
372240,16,65536,7659.01
372256,16,65536,7659.01
372272,16,65536,7659.01
372288,16,65536,7659.01
372304,16,65536,7659.01
372320,16,65536,7659.01
372336,16,65536,7659.01
372352,16,65536,7659.01
372368,16,65536,7659.01
372384,16,65536,7659.01
372400,16,65536,7659.01
372416,16,65536,7659.01
372432,16,65536,7659.01
372448,16,65536,7659.01
372464,16,65536,7659.01
372480,16,65536,7659.01
372496,16,65536,7659.01
372512,16,65536,7659.01
372528,16,65536,7659.01
372544,16,65536,7659.01
372560,16,65536,7659.01
372576,16,65536,7659.01
372592,16,65536,7659.01
372608,16,65536,7659.01
372624,16,65536,7659.01
372640,16,65536,7659.01
372656,16,65536,7659.01
372672,16,65536,7659.01
372688,16,65536,7659.01
372704,16,65536,7659.01
372720,16,65536,7659.01
372736,16,65536,7659.01
372752,16,65536,7659.01
372768,16,65536,7659.01
372784,16,65536,7659.01
372800,16,65536,7659.01
372816,16,65536,7659.01
372832,16,65536,7659.01
372848,16,65536,7659.01
372864,16,65536,7659.01
372880,16,65536,7659.01
372896,16,65536,7659.01
372912,16,65536,7659.01
372928,16,65536,7659.01
372944,16,65536,7659.01
372960,16,65536,7659.01
372976,16,65536,7659.01
372992,16,65536,7659.01
373008,16,65536,7659.01
373024,16,65536,7659.01
373040,16,65536,7659.01
373056,16,65536,7659.01
373072,16,65536,7659.01
373088,16,65536,7659.01
373104,16,65536,7659.01
373120,16,65536,7659.01
373136,16,65536,7659.01
373152,16,65536,7659.01
373168,16,65536,7659.01
373184,16,65536,7659.01
373200,16,65536,7659.01
373216,16,65536,7659.01
373232,16,65536,7659.01
373248,16,65536,7659.01
373264,16,65536,7659.01
373280,16,65536,7659.01
373296,16,65536,7659.01
373312,16,65536,7659.01
373328,16,65536,7659.01
373344,16,65536,7659.01
373360,16,65536,7659.01
373376,16,65536,7659.01
373392,16,65536,7659.01
373408,16,65536,7659.01
373424,16,65536,7659.01
373440,16,65536,7659.01
373456,16,65536,7659.01
373472,16,65536,7659.01
373488,16,65536,7659.01
373504,16,65536,7659.01
373520,16,65536,7659.01
373536,16,65536,7659.01
373552,16,65536,7659.01
373568,16,65536,7659.01
373584,16,65536,7659.01
373600,16,65536,7659.01
373616,16,65536,7659.01
373632,16,65536,7659.01
373648,16,65536,7659.01
373664,16,65536,7659.01
373680,16,65536,7659.01
373696,16,65536,7659.01
373712,16,65536,7659.01
373728,16,65536,7659.01
373744,16,65536,7659.01
373760,16,65536,7659.01
373776,16,65536,7659.01
373792,16,65536,7659.01
373808,16,65536,7659.01
373824,16,65536,7659.01
373840,16,65536,7659.01
373856,16,65536,7659.01
373872,16,65536,7659.01
373888,16,65536,7659.01
373904,16,65536,7659.01
373920,16,65536,7659.01
373936,16,65536,7659.01
373952,16,65536,7659.01
373968,16,65536,7659.01
373984,16,65536,7659.01
374000,16,65536,7659.01
374016,16,65536,7659.01
374032,16,65536,7659.01
374048,16,65536,7659.01
374064,16,65536,7659.01
374080,16,65536,7659.01
374096,16,65536,7659.01
374112,16,65536,7659.01
374128,16,65536,7659.01
374144,16,65536,7659.01
374160,16,65536,7659.01
374176,16,65536,7659.01
374192,16,65536,7659.01
374208,16,65536,7659.01
374224,16,65536,7659.01
374240,16,65536,7659.01
374256,16,65536,7659.01
374272,16,65536,7659.01
374288,16,65536,7659.01
374304,16,65536,7659.01
374320,16,65536,7659.01
374336,16,65536,7659.01
374352,16,65536,7659.01
374368,16,65536,7659.01
374384,16,65536,7659.01
374400,16,65536,7659.01
374416,16,65536,7659.01
374432,16,65536,7659.01
374448,16,65536,7659.01
374464,16,65536,7659.01
374480,16,65536,7659.01
374496,16,65536,7659.01
374512,16,65536,7659.01
374528,16,65536,7659.01
374544,16,65536,7659.01
374560,16,65536,7659.01
374576,16,65536,7659.01
374592,16,65536,7659.01
374608,16,65536,7659.01
374624,16,65536,7659.01
374640,16,65536,7659.01
374656,16,65536,7659.01
374672,16,65536,7659.01
374688,16,65536,7659.01
374704,16,65536,7659.01
374720,16,65536,7659.01
374736,16,65536,7659.01
374752,16,65536,7659.01
374768,16,65536,7659.01
374784,16,65536,7659.01
374800,16,65536,7659.01
374816,16,65536,7659.01
374832,16,65536,7659.01
374848,16,65536,7659.01
374864,16,65536,7659.01
374880,16,65536,7659.01
374896,16,65536,7659.01
374912,16,65536,7659.01
374928,16,65536,7659.01
374944,16,65536,7659.01
374960,16,65536,7659.01
374976,16,65536,7659.01
374992,16,65536,7659.01
375008,16,65536,7659.01
375024,16,65536,7659.01
375040,16,65536,7659.01
375056,16,65536,7659.01
375072,16,65536,7659.01
375088,16,65536,7659.01
375104,16,65536,7659.01
375120,16,65536,7659.01
375136,16,65536,7659.01
375152,16,65536,7659.01
375168,16,65536,7659.01
375184,16,65536,7659.01
375200,16,65536,7659.01
375216,16,65536,7659.01
375232,16,65536,7659.01
375248,16,65536,7659.01
375264,16,65536,7659.01
375280,16,65536,7659.01
375296,16,65536,7659.01
375312,16,65536,7659.01
375328,16,65536,7659.01
375344,16,65536,7659.01
375360,16,65536,7659.01
375376,16,65536,7659.01
375392,16,65536,7659.01
375408,16,65536,7659.01
375424,16,65536,7659.01
375440,16,65536,7659.01
375456,16,65536,7659.01
375472,16,65536,7659.01
375488,16,65536,7659.01
375504,16,65536,7659.01
375520,16,65536,7659.01
375536,16,65536,7659.01
375552,16,65536,7659.01
375568,16,65536,7659.01
375584,16,65536,7659.01
375600,16,65536,7659.01
375616,16,65536,7659.01
375632,16,65536,7659.01
375648,16,65536,7659.01
375664,16,65536,7659.01
375680,16,65536,7659.01
375696,16,65536,7659.01
375712,16,65536,7659.01
375728,16,65536,7659.01
375744,16,65536,7659.01
375760,16,65536,7659.01
375776,16,65536,7659.01
375792,16,65536,7659.01
375808,16,65536,7659.01
375824,16,65536,7659.01
375840,16,65536,7659.01
375856,16,65536,7659.01
375872,16,65536,7659.01
375888,16,65536,7659.01
375904,16,65536,7659.01
375920,16,65536,7659.01
375936,16,65536,7659.01
375952,16,65536,7659.01
375968,16,65536,7659.01
375984,16,65536,7659.01
376000,16,65536,7659.01
376016,16,65536,7659.01
376032,16,65536,7659.01
376048,16,65536,7659.01
376064,16,65536,7659.01
376080,16,65536,7659.01
376096,16,65536,7659.01
376112,16,65536,7659.01
376128,16,65536,7659.01
376144,16,65536,7659.01
376160,16,65536,7659.01
376176,16,65536,7659.01
376192,16,65536,7659.01
376208,16,65536,7659.01
376224,16,65536,7659.01
376240,16,65536,7659.01
376256,16,65536,7659.01
376272,16,65536,7659.01
376288,16,65536,7659.01
376304,16,65536,7659.01
376320,16,65536,7659.01
376336,16,65536,7659.01
376352,16,65536,7659.01
376368,16,65536,7659.01
376384,16,65536,7659.01
376400,16,65536,7659.01
376416,16,65536,7659.01
376432,16,65536,7659.01
376448,16,65536,7659.01
376464,16,65536,7659.01
376480,16,65536,7659.01
376496,16,65536,7659.01
376512,16,65536,7659.01
376528,16,65536,7659.01
376544,16,65536,7659.01
376560,16,65536,7659.01
376576,16,65536,7659.01
376592,16,65536,7659.01
376608,16,65536,7659.01
376624,16,65536,7659.01
376640,16,65536,7659.01
376656,16,65536,7659.01
376672,16,65536,7659.01
376688,16,65536,7659.01
376704,16,65536,7659.01
376720,16,65536,7659.01
376736,16,65536,7659.01
376752,16,65536,7659.01
376768,16,65536,7659.01
376784,16,65536,7659.01
376800,16,65536,7659.01
376816,16,65536,7659.01
376832,16,65536,7659.01
376848,16,65536,7659.01
376864,16,65536,7659.01
376880,16,65536,7659.01
376896,16,65536,7659.01
376912,16,65536,7659.01
376928,16,65536,7659.01
376944,16,65536,7659.01
376960,16,65536,7659.01
376976,16,65536,7659.01
376992,16,65536,7659.01
377008,16,65536,7659.01
377024,16,65536,7659.01
377040,16,65536,7659.01
377056,16,65536,7659.01
377072,16,65536,7659.01
377088,16,65536,7659.01
377104,16,65536,7659.01
377120,16,65536,7659.01
377136,16,65536,7659.01
377152,16,65536,7659.01
377168,16,65536,7659.01
377184,16,65536,7659.01
377200,16,65536,7659.01
377216,16,65536,7659.01
377232,16,65536,7659.01
377248,16,65536,7659.01
377264,16,65536,7659.01
377280,16,65536,7659.01
377296,16,65536,7659.01
377312,16,65536,7659.01
377328,16,65536,7659.01
377344,16,65536,7659.01
377360,16,65536,7659.01
377376,16,65536,7659.01
377392,16,65536,7659.01
377408,16,65536,7659.01
377424,16,65536,7659.01
377440,16,65536,7659.01
377456,16,65536,7659.01
377472,16,65536,7659.01
377488,16,65536,7659.01
377504,16,65536,7659.01
377520,16,65536,7659.01
377536,16,65536,7659.01
377552,16,65536,7659.01
377568,16,65536,7659.01
377584,16,65536,7659.01
377600,16,65536,7659.01
377616,16,65536,7659.01
377632,16,65536,7659.01
377648,16,65536,7659.01
377664,16,65536,7659.01
377680,16,65536,7659.01
377696,16,65536,7659.01
377712,16,65536,7659.01
377728,16,65536,7659.01
377744,16,65536,7659.01
377760,16,65536,7659.01
377776,16,65536,7659.01
377792,16,65536,7659.01
377808,16,65536,7659.01
377824,16,65536,7659.01
377840,16,65536,7659.01
377856,16,65536,7659.01
377872,16,65536,7659.01
377888,16,65536,7659.01
377904,16,65536,7659.01
377920,16,65536,7659.01
377936,16,65536,7659.01
377952,16,65536,7659.01
377968,16,65536,7659.01
377984,16,65536,7659.01
378000,16,65536,7659.01
378016,16,65536,7659.01
378032,16,65536,7659.01
378048,16,65536,7659.01
378064,16,65536,7659.01
378080,16,65536,7659.01
378096,16,65536,7659.01
378112,16,65536,7659.01
378128,16,65536,7659.01
378144,16,65536,7659.01
378160,16,65536,7659.01
378176,16,65536,7659.01
378192,16,65536,7659.01
378208,16,65536,7659.01
378224,16,65536,7659.01
378240,16,65536,7659.01
378256,16,65536,7659.01
378272,16,65536,7659.01
378288,16,65536,7659.01
378304,16,65536,7659.01
378320,16,65536,7659.01
378336,16,65536,7659.01
378352,16,65536,7659.01
378368,16,65536,7659.01
378384,16,65536,7659.01
378400,16,65536,7659.01
378416,16,65536,7659.01
378432,16,65536,7659.01
378448,16,65536,7659.01
378464,16,65536,7659.01
378480,16,65536,7659.01
378496,16,65536,7659.01
378512,16,65536,7659.01
378528,16,65536,7659.01
378544,16,65536,7659.01
378560,16,65536,7659.01
378576,16,65536,7659.01
378592,16,65536,7659.01
378608,16,65536,7659.01
378624,16,65536,7659.01
378640,16,65536,7659.01
378656,16,65536,7659.01
378672,16,65536,7659.01
378688,16,65536,7659.01
378704,16,65536,7659.01
378720,16,65536,7659.01
378736,16,65536,7659.01
378752,16,65536,7659.01
378768,16,65536,7659.01
378784,16,65536,7659.01
378800,16,65536,7659.01
378816,16,65536,7659.01
378832,16,65536,7659.01
378848,16,65536,7659.01
378864,16,65536,7659.01
378880,16,65536,7659.01
378896,16,65536,7659.01
378912,16,65536,7659.01
378928,16,65536,7659.01
378944,16,65536,7659.01
378960,16,65536,7659.01
378976,16,65536,7659.01
378992,16,65536,7659.01
379008,16,65536,7659.01
379024,16,65536,7659.01
379040,16,65536,7659.01
379056,16,65536,7659.01
379072,16,65536,7659.01
379088,16,65536,7659.01
379104,16,65536,7659.01
379120,16,65536,7659.01
379136,16,65536,7659.01
379152,16,65536,7659.01
379168,16,65536,7659.01
379184,16,65536,7659.01
379200,16,65536,7659.01
379216,16,65536,7659.01
379232,16,65536,7659.01
379248,16,65536,7659.01
379264,16,65536,7659.01
379280,16,65536,7659.01
379296,16,65536,7659.01
379312,16,65536,7659.01
379328,16,65536,7659.01
379344,16,65536,7659.01
379360,16,65536,7659.01
379376,16,65536,7659.01
379392,16,65536,7659.01
379408,16,65536,7659.01
379424,16,65536,7659.01
379440,16,65536,7659.01
379456,16,65536,7659.01
379472,16,65536,7659.01
379488,16,65536,7659.01
379504,16,65536,7659.01
379520,16,65536,7659.01
379536,16,65536,7659.01
379552,16,65536,7659.01
379568,16,65536,7659.01
379584,16,65536,7659.01
379600,16,65536,7659.01
379616,16,65536,7659.01
379632,16,65536,7659.01
379648,16,65536,7659.01
379664,16,65536,7659.01
379680,16,65536,7659.01
379696,16,65536,7659.01
379712,16,65536,7659.01
379728,16,65536,7659.01
379744,16,65536,7659.01
379760,16,65536,7659.01
379776,16,65536,7659.01
379792,16,65536,7659.01
379808,16,65536,7659.01
379824,16,65536,7659.01
379840,16,65536,7659.01
379856,16,65536,7659.01
379872,16,65536,7659.01
379888,16,65536,7659.01
379904,16,65536,7659.01
379920,16,65536,7659.01
379936,16,65536,7659.01
379952,16,65536,7659.01
379968,16,65536,7659.01
379984,16,65536,7659.01
380000,16,65536,7659.01
380016,16,65536,7659.01
380032,16,65536,7659.01
380048,16,65536,7659.01
380064,16,65536,7659.01
380080,16,65536,7659.01
380096,16,65536,7659.01
380112,16,65536,7659.01
380128,16,65536,7659.01
380144,16,65536,7659.01
380160,16,65536,7659.01
380176,16,65536,7659.01
380192,16,65536,7659.01
380208,16,65536,7659.01
380224,16,65536,7659.01
380240,16,65536,7659.01
380256,16,65536,7659.01
380272,16,65536,7659.01
380288,16,65536,7659.01
380304,16,65536,7659.01
380320,16,65536,7659.01
380336,16,65536,7659.01
380352,16,65536,7659.01
380368,16,65536,7659.01
380384,16,65536,7659.01
380400,16,65536,7659.01
380416,16,65536,7659.01
380432,16,65536,7659.01
380448,16,65536,7659.01
380464,16,65536,7659.01
380480,16,65536,7659.01
380496,16,65536,7659.01
380512,16,65536,7659.01
380528,16,65536,7659.01
380544,16,65536,7659.01
380560,16,65536,7659.01
380576,16,65536,7659.01
380592,16,65536,7659.01
380608,16,65536,7659.01
380624,16,65536,7659.01
380640,16,65536,7659.01
380656,16,65536,7659.01
380672,16,65536,7659.01
380688,16,65536,7659.01
380704,16,65536,7659.01
380720,16,65536,7659.01
380736,16,65536,7659.01
380752,16,65536,7659.01
380768,16,65536,7659.01
380784,16,65536,7659.01
380800,16,65536,7659.01
380816,16,65536,7659.01
380832,16,65536,7659.01
380848,16,65536,7659.01
380864,16,65536,7659.01
380880,16,65536,7659.01
380896,16,65536,7659.01
380912,16,65536,7659.01
380928,16,65536,7659.01
380944,16,65536,7659.01
380960,16,65536,7659.01
380976,16,65536,7659.01
380992,16,65536,7659.01
381008,16,65536,7659.01
381024,16,65536,7659.01
381040,16,65536,7659.01
381056,16,65536,7659.01
381072,16,65536,7659.01
381088,16,65536,7659.01
381104,16,65536,7659.01
381120,16,65536,7659.01
381136,16,65536,7659.01
381152,16,65536,7659.01
381168,16,65536,7659.01
381184,16,65536,7659.01
381200,16,65536,7659.01
381216,16,65536,7659.01
381232,16,65536,7659.01
381248,16,65536,7659.01
381264,16,65536,7659.01
381280,16,65536,7659.01
381296,16,65536,7659.01
381312,16,65536,7659.01
381328,16,65536,7659.01
381344,16,65536,7659.01
381360,16,65536,7659.01
381376,16,65536,7659.01
381392,16,65536,7659.01
381408,16,65536,7659.01
381424,16,65536,7659.01
381440,16,65536,7659.01
381456,16,65536,7659.01
381472,16,65536,7659.01
381488,16,65536,7659.01
381504,16,65536,7659.01
381520,16,65536,7659.01
381536,16,65536,7659.01
381552,16,65536,7659.01
381568,16,65536,7659.01
381584,16,65536,7659.01
381600,16,65536,7659.01
381616,16,65536,7659.01
381632,16,65536,7659.01
381648,16,65536,7659.01
381664,16,65536,7659.01
381680,16,65536,7659.01
381696,16,65536,7659.01
381712,16,65536,7659.01
381728,16,65536,7659.01
381744,16,65536,7659.01
381760,16,65536,7659.01
381776,16,65536,7659.01
381792,16,65536,7659.01
381808,16,65536,7659.01
381824,16,65536,7659.01
381840,16,65536,7659.01
381856,16,65536,7659.01
381872,16,65536,7659.01
381888,16,65536,7659.01
381904,16,65536,7659.01
381920,16,65536,7659.01
381936,16,65536,7659.01
381952,16,65536,7659.01
381968,16,65536,7659.01
381984,16,65536,7659.01
382000,16,65536,7659.01
382016,16,65536,7659.01
382032,16,65536,7659.01
382048,16,65536,7659.01
382064,16,65536,7659.01
382080,16,65536,7659.01
382096,16,65536,7659.01
382112,16,65536,7659.01
382128,16,65536,7659.01
382144,16,65536,7659.01
382160,16,65536,7659.01
382176,16,65536,7659.01
382192,16,65536,7659.01
382208,16,65536,7659.01
382224,16,65536,7659.01
382240,16,65536,7659.01
382256,16,65536,7659.01
382272,16,65536,7659.01
382288,16,65536,7659.01
382304,16,65536,7659.01
382320,16,65536,7659.01
382336,16,65536,7659.01
382352,16,65536,7659.01
382368,16,65536,7659.01
382384,16,65536,7659.01
382400,16,65536,7659.01
382416,16,65536,7659.01
382432,16,65536,7659.01
382448,16,65536,7659.01
382464,16,65536,7659.01
382480,16,65536,7659.01
382496,16,65536,7659.01
382512,16,65536,7659.01
382528,16,65536,7659.01
382544,16,65536,7659.01
382560,16,65536,7659.01
382576,16,65536,7659.01
382592,16,65536,7659.01
382608,16,65536,7659.01
382624,16,65536,7659.01
382640,16,65536,7659.01
382656,16,65536,7659.01
382672,16,65536,7659.01
382688,16,65536,7659.01
382704,16,65536,7659.01
382720,16,65536,7659.01
382736,16,65536,7659.01
382752,16,65536,7659.01
382768,16,65536,7659.01
382784,16,65536,7659.01
382800,16,65536,7659.01
382816,16,65536,7659.01
382832,16,65536,7659.01
382848,16,65536,7659.01
382864,16,65536,7659.01
382880,16,65536,7659.01
382896,16,65536,7659.01
382912,16,65536,7659.01
382928,16,65536,7659.01
382944,16,65536,7659.01
382960,16,65536,7659.01
382976,16,65536,7659.01
382992,16,65536,7659.01
383008,16,65536,7659.01
383024,16,65536,7659.01
383040,16,65536,7659.01
383056,16,65536,7659.01
383072,16,65536,7659.01
383088,16,65536,7659.01
383104,16,65536,7659.01
383120,16,65536,7659.01
383136,16,65536,7659.01
383152,16,65536,7659.01
383168,16,65536,7659.01
383184,16,65536,7659.01
383200,16,65536,7659.01
383216,16,65536,7659.01
383232,16,65536,7659.01
383248,16,65536,7659.01
383264,16,65536,7659.01
383280,16,65536,7659.01
383296,16,65536,7659.01
383312,16,65536,7659.01
383328,16,65536,7659.01
383344,16,65536,7659.01
383360,16,65536,7659.01
383376,16,65536,7659.01
383392,16,65536,7659.01
383408,16,65536,7659.01
383424,16,65536,7659.01
383440,16,65536,7659.01
383456,16,65536,7659.01
383472,16,65536,7659.01
383488,16,65536,7659.01
383504,16,65536,7659.01
383520,16,65536,7659.01
383536,16,65536,7659.01
383552,16,65536,7659.01
383568,16,65536,7659.01
383584,16,65536,7659.01
383600,16,65536,7659.01
383616,16,65536,7659.01
383632,16,65536,7659.01
383648,16,65536,7659.01
383664,16,65536,7659.01
383680,16,65536,7659.01
383696,16,65536,7659.01
383712,16,65536,7659.01
383728,16,65536,7659.01
383744,16,65536,7659.01
383760,16,65536,7659.01
383776,16,65536,7659.01
383792,16,65536,7659.01
383808,16,65536,7659.01
383824,16,65536,7659.01
383840,16,65536,7659.01
383856,16,65536,7659.01
383872,16,65536,7659.01
383888,16,65536,7659.01
383904,16,65536,7659.01
383920,16,65536,7659.01
383936,16,65536,7659.01
383952,16,65536,7659.01
383968,16,65536,7659.01
383984,16,65536,7659.01
384000,16,65536,7659.01
384016,16,65536,7659.01
384032,16,65536,7659.01
384048,16,65536,7659.01
384064,16,65536,7659.01
384080,16,65536,7659.01
384096,16,65536,7659.01
384112,16,65536,7659.01
384128,16,65536,7659.01
384144,16,65536,7659.01
384160,16,65536,7659.01
384176,16,65536,7659.01
384192,16,65536,7659.01
384208,16,65536,7659.01
384224,16,65536,7659.01
384240,16,65536,7659.01
384256,16,65536,7659.01
384272,16,65536,7659.01
384288,16,65536,7659.01
384304,16,65536,7659.01
384320,16,65536,7659.01
384336,16,65536,7659.01
384352,16,65536,7659.01
384368,16,65536,7659.01
384384,16,65536,7659.01
384400,16,65536,7659.01
384416,16,65536,7659.01
384432,16,65536,7659.01
384448,16,65536,7659.01
384464,16,65536,7659.01
384480,16,65536,7659.01
384496,16,65536,7659.01
384512,16,65536,7659.01
384528,16,65536,7659.01
384544,16,65536,7659.01
384560,16,65536,7659.01
384576,16,65536,7659.01
384592,16,65536,7659.01
384608,16,65536,7659.01
384624,16,65536,7659.01
384640,16,65536,7659.01
384656,16,65536,7659.01
384672,16,65536,7659.01
384688,16,65536,7659.01
384704,16,65536,7659.01
384720,16,65536,7659.01
384736,16,65536,7659.01
384752,16,65536,7659.01
384768,16,65536,7659.01
384784,16,65536,7659.01
384800,16,65536,7659.01
384816,16,65536,7659.01
384832,16,65536,7659.01
384848,16,65536,7659.01
384864,16,65536,7659.01
384880,16,65536,7659.01
384896,16,65536,7659.01
384912,16,65536,7659.01
384928,16,65536,7659.01
384944,16,65536,7659.01
384960,16,65536,7659.01
384976,16,65536,7659.01
384992,16,65536,7659.01
385008,16,65536,7659.01
385024,16,65536,7659.01
385040,16,65536,7659.01
385056,16,65536,7659.01
385072,16,65536,7659.01
385088,16,65536,7659.01
385104,16,65536,7659.01
385120,16,65536,7659.01
385136,16,65536,7659.01
385152,16,65536,7659.01
385168,16,65536,7659.01
385184,16,65536,7659.01
385200,16,65536,7659.01
385216,16,65536,7659.01
385232,16,65536,7659.01
385248,16,65536,7659.01
385264,16,65536,7659.01
385280,16,65536,7659.01
385296,16,65536,7659.01
385312,16,65536,7659.01
385328,16,65536,7659.01
385344,16,65536,7659.01
385360,16,65536,7659.01
385376,16,65536,7659.01
385392,16,65536,7659.01
385408,16,65536,7659.01
385424,16,65536,7659.01
385440,16,65536,7659.01
385456,16,65536,7659.01
385472,16,65536,7659.01
385488,16,65536,7659.01
385504,16,65536,7659.01
385520,16,65536,7659.01
385536,16,65536,7659.01
385552,16,65536,7659.01
385568,16,65536,7659.01
385584,16,65536,7659.01
385600,16,65536,7659.01
385616,16,65536,7659.01
385632,16,65536,7659.01
385648,16,65536,7659.01
385664,16,65536,7659.01
385680,16,65536,7659.01
385696,16,65536,7659.01
385712,16,65536,7659.01
385728,16,65536,7659.01
385744,16,65536,7659.01
385760,16,65536,7659.01
385776,16,65536,7659.01
385792,16,65536,7659.01
385808,16,65536,7659.01
385824,16,65536,7659.01
385840,16,65536,7659.01
385856,16,65536,7659.01
385872,16,65536,7659.01
385888,16,65536,7659.01
385904,16,65536,7659.01
385920,16,65536,7659.01
385936,16,65536,7659.01
385952,16,65536,7659.01
385968,16,65536,7659.01
385984,16,65536,7659.01
386000,16,65536,7659.01
386016,16,65536,7659.01
386032,16,65536,7659.01
386048,16,65536,7659.01
386064,16,65536,7659.01
386080,16,65536,7659.01
386096,16,65536,7659.01
386112,16,65536,7659.01
386128,16,65536,7659.01
386144,16,65536,7659.01
386160,16,65536,7659.01
386176,16,65536,7659.01
386192,16,65536,7659.01
386208,16,65536,7659.01
386224,16,65536,7659.01
386240,16,65536,7659.01
386256,16,65536,7659.01
386272,16,65536,7659.01
386288,16,65536,7659.01
386304,16,65536,7659.01
386320,16,65536,7659.01
386336,16,65536,7659.01
386352,16,65536,7659.01
386368,16,65536,7659.01
386384,16,65536,7659.01
386400,16,65536,7659.01
386416,16,65536,7659.01
386432,16,65536,7659.01
386448,16,65536,7659.01
386464,16,65536,7659.01
386480,16,65536,7659.01
386496,16,65536,7659.01
386512,16,65536,7659.01
386528,16,65536,7659.01
386544,16,65536,7659.01
386560,16,65536,7659.01
386576,16,65536,7659.01
386592,16,65536,7659.01
386608,16,65536,7659.01
386624,16,65536,7659.01
386640,16,65536,7659.01
386656,16,65536,7659.01
386672,16,65536,7659.01
386688,16,65536,7659.01
386704,16,65536,7659.01
386720,16,65536,7659.01
386736,16,65536,7659.01
386752,16,65536,7659.01
386768,16,65536,7659.01
386784,16,65536,7659.01
386800,16,65536,7659.01
386816,16,65536,7659.01
386832,16,65536,7659.01
386848,16,65536,7659.01
386864,16,65536,7659.01
386880,16,65536,7659.01
386896,16,65536,7659.01
386912,16,65536,7659.01
386928,16,65536,7659.01
386944,16,65536,7659.01
386960,16,65536,7659.01
386976,16,65536,7659.01
386992,16,65536,7659.01
387008,16,65536,7659.01
387024,16,65536,7659.01
387040,16,65536,7659.01
387056,16,65536,7659.01
387072,16,65536,7659.01
387088,16,65536,7659.01
387104,16,65536,7659.01
387120,16,65536,7659.01
387136,16,65536,7659.01
387152,16,65536,7659.01
387168,16,65536,7659.01
387184,16,65536,7659.01
387200,16,65536,7659.01
387216,16,65536,7659.01
387232,16,65536,7659.01
387248,16,65536,7659.01
387264,16,65536,7659.01
387280,16,65536,7659.01
387296,16,65536,7659.01
387312,16,65536,7659.01
387328,16,65536,7659.01
387344,16,65536,7659.01
387360,16,65536,7659.01
387376,16,65536,7659.01
387392,16,65536,7659.01
387408,16,65536,7659.01
387424,16,65536,7659.01
387440,16,65536,7659.01
387456,16,65536,7659.01
387472,16,65536,7659.01
387488,16,65536,7659.01
387504,16,65536,7659.01
387520,16,65536,7659.01
387536,16,65536,7659.01
387552,16,65536,7659.01
387568,16,65536,7659.01
387584,16,65536,7659.01
387600,16,65536,7659.01
387616,16,65536,7659.01
387632,16,65536,7659.01
387648,16,65536,7659.01
387664,16,65536,7659.01
387680,16,65536,7659.01
387696,16,65536,7659.01
387712,16,65536,7659.01
387728,16,65536,7659.01
387744,16,65536,7659.01
387760,16,65536,7659.01
387776,16,65536,7659.01
387792,16,65536,7659.01
387808,16,65536,7659.01
387824,16,65536,7659.01
387840,16,65536,7659.01
387856,16,65536,7659.01
387872,16,65536,7659.01
387888,16,65536,7659.01
387904,16,65536,7659.01
387920,16,65536,7659.01
387936,16,65536,7659.01
387952,16,65536,7659.01
387968,16,65536,7659.01
387984,16,65536,7659.01
388000,16,65536,7659.01
388016,16,65536,7659.01
388032,16,65536,7659.01
388048,16,65536,7659.01
388064,16,65536,7659.01
388080,16,65536,7659.01
388096,16,65536,7659.01
388112,16,65536,7659.01
388128,16,65536,7659.01
388144,16,65536,7659.01
388160,16,65536,7659.01
388176,16,65536,7659.01
388192,16,65536,7659.01
388208,16,65536,7659.01
388224,16,65536,7659.01
388240,16,65536,7659.01
388256,16,65536,7659.01
388272,16,65536,7659.01
388288,16,65536,7659.01
388304,16,65536,7659.01
388320,16,65536,7659.01
388336,16,65536,7659.01
388352,16,65536,7659.01
388368,16,65536,7659.01
388384,16,65536,7659.01
388400,16,65536,7659.01
388416,16,65536,7659.01
388432,16,65536,7659.01
388448,16,65536,7659.01
388464,16,65536,7659.01
388480,16,65536,7659.01
388496,16,65536,7659.01
388512,16,65536,7659.01
388528,16,65536,7659.01
388544,16,65536,7659.01
388560,16,65536,7659.01
388576,16,65536,7659.01
388592,16,65536,7659.01
388608,16,65536,7659.01
388624,16,65536,7659.01
388640,16,65536,7659.01
388656,16,65536,7659.01
388672,16,65536,7659.01
388688,16,65536,7659.01
388704,16,65536,7659.01
388720,16,65536,7659.01
388736,16,65536,7659.01
388752,16,65536,7659.01
388768,16,65536,7659.01
388784,16,65536,7659.01
388800,16,65536,7659.01
388816,16,65536,7659.01
388832,16,65536,7659.01
388848,16,65536,7659.01
388864,16,65536,7659.01
388880,16,65536,7659.01
388896,16,65536,7659.01
388912,16,65536,7659.01
388928,16,65536,7659.01
388944,16,65536,7659.01
388960,16,65536,7659.01
388976,16,65536,7659.01
388992,16,65536,7659.01
389008,16,65536,7659.01
389024,16,65536,7659.01
389040,16,65536,7659.01
389056,16,65536,7659.01
389072,16,65536,7659.01
389088,16,65536,7659.01
389104,16,65536,7659.01
389120,16,65536,7659.01
389136,16,65536,7659.01
389152,16,65536,7659.01
389168,16,65536,7659.01
389184,16,65536,7659.01
389200,16,65536,7659.01
389216,16,65536,7659.01
389232,16,65536,7659.01
389248,16,65536,7659.01
389264,16,65536,7659.01
389280,16,65536,7659.01
389296,16,65536,7659.01
389312,16,65536,7659.01
389328,16,65536,7659.01
389344,16,65536,7659.01
389360,16,65536,7659.01
389376,16,65536,7659.01
389392,16,65536,7659.01
389408,16,65536,7659.01
389424,16,65536,7659.01
389440,16,65536,7659.01
389456,16,65536,7659.01
389472,16,65536,7659.01
389488,16,65536,7659.01
389504,16,65536,7659.01
389520,16,65536,7659.01
389536,16,65536,7659.01
389552,16,65536,7659.01
389568,16,65536,7659.01
389584,16,65536,7659.01
389600,16,65536,7659.01
389616,16,65536,7659.01
389632,16,65536,7659.01
389648,16,65536,7659.01
389664,16,65536,7659.01
389680,16,65536,7659.01
389696,16,65536,7659.01
389712,16,65536,7659.01
389728,16,65536,7659.01
389744,16,65536,7659.01
389760,16,65536,7659.01
389776,16,65536,7659.01
389792,16,65536,7659.01
389808,16,65536,7659.01
389824,16,65536,7659.01
389840,16,65536,7659.01
389856,16,65536,7659.01
389872,16,65536,7659.01
389888,16,65536,7659.01
389904,16,65536,7659.01
389920,16,65536,7659.01
389936,16,65536,7659.01
389952,16,65536,7659.01
389968,16,65536,7659.01
389984,16,65536,7659.01
390000,16,65536,7659.01
390016,16,65536,7659.01
390032,16,65536,7659.01
390048,16,65536,7659.01
390064,16,65536,7659.01
390080,16,65536,7659.01
390096,16,65536,7659.01
390112,16,65536,7659.01
390128,16,65536,7659.01
390144,16,65536,7659.01
390160,16,65536,7659.01
390176,16,65536,7659.01
390192,16,65536,7659.01
390208,16,65536,7659.01
390224,16,65536,7659.01
390240,16,65536,7659.01
390256,16,65536,7659.01
390272,16,65536,7659.01
390288,16,65536,7659.01
390304,16,65536,7659.01
390320,16,65536,7659.01
390336,16,65536,7659.01
390352,16,65536,7659.01
390368,16,65536,7659.01
390384,16,65536,7659.01
390400,16,65536,7659.01
390416,16,65536,7659.01
390432,16,65536,7659.01
390448,16,65536,7659.01
390464,16,65536,7659.01
390480,16,65536,7659.01
390496,16,65536,7659.01
390512,16,65536,7659.01
390528,16,65536,7659.01
390544,16,65536,7659.01
390560,16,65536,7659.01
390576,16,65536,7659.01
390592,16,65536,7659.01
390608,16,65536,7659.01
390624,16,65536,7659.01
390640,16,65536,7659.01
390656,16,65536,7659.01
390672,16,65536,7659.01
390688,16,65536,7659.01
390704,16,65536,7659.01
390720,16,65536,7659.01
390736,16,65536,7659.01
390752,16,65536,7659.01
390768,16,65536,7659.01
390784,16,65536,7659.01
390800,16,65536,7659.01
390816,16,65536,7659.01
390832,16,65536,7659.01
390848,16,65536,7659.01
390864,16,65536,7659.01
390880,16,65536,7659.01
390896,16,65536,7659.01
390912,16,65536,7659.01
390928,16,65536,7659.01
390944,16,65536,7659.01
390960,16,65536,7659.01
390976,16,65536,7659.01
390992,16,65536,7659.01
391008,16,65536,7659.01
391024,16,65536,7659.01
391040,16,65536,7659.01
391056,16,65536,7659.01
391072,16,65536,7659.01
391088,16,65536,7659.01
391104,16,65536,7659.01
391120,16,65536,7659.01
391136,16,65536,7659.01
391152,16,65536,7659.01
391168,16,65536,7659.01
391184,16,65536,7659.01
391200,16,65536,7659.01
391216,16,65536,7659.01
391232,16,65536,7659.01
391248,16,65536,7659.01
391264,16,65536,7659.01
391280,16,65536,7659.01
391296,16,65536,7659.01
391312,16,65536,7659.01
391328,16,65536,7659.01
391344,16,65536,7659.01
391360,16,65536,7659.01
391376,16,65536,7659.01
391392,16,65536,7659.01
391408,16,65536,7659.01
391424,16,65536,7659.01
391440,16,65536,7659.01
391456,16,65536,7659.01
391472,16,65536,7659.01
391488,16,65536,7659.01
391504,16,65536,7659.01
391520,16,65536,7659.01
391536,16,65536,7659.01
391552,16,65536,7659.01
391568,16,65536,7659.01
391584,16,65536,7659.01
391600,16,65536,7659.01
391616,16,65536,7659.01
391632,16,65536,7659.01
391648,16,65536,7659.01
391664,16,65536,7659.01
391680,16,65536,7659.01
391696,16,65536,7659.01
391712,16,65536,7659.01
391728,16,65536,7659.01
391744,16,65536,7659.01
391760,16,65536,7659.01
391776,16,65536,7659.01
391792,16,65536,7659.01
391808,16,65536,7659.01
391824,16,65536,7659.01
391840,16,65536,7659.01
391856,16,65536,7659.01
391872,16,65536,7659.01
391888,16,65536,7659.01
391904,16,65536,7659.01
391920,16,65536,7659.01
391936,16,65536,7659.01
391952,16,65536,7659.01
391968,16,65536,7659.01
391984,16,65536,7659.01
392000,16,65536,7659.01
392016,16,65536,7659.01
392032,16,65536,7659.01
392048,16,65536,7659.01
392064,16,65536,7659.01
392080,16,65536,7659.01
392096,16,65536,7659.01
392112,16,65536,7659.01
392128,16,65536,7659.01
392144,16,65536,7659.01
392160,16,65536,7659.01
392176,16,65536,7659.01
392192,16,65536,7659.01
392208,16,65536,7659.01
392224,16,65536,7659.01
392240,16,65536,7659.01
392256,16,65536,7659.01
392272,16,65536,7659.01
392288,16,65536,7659.01
392304,16,65536,7659.01
392320,16,65536,7659.01
392336,16,65536,7659.01
392352,16,65536,7659.01
392368,16,65536,7659.01
392384,16,65536,7659.01
392400,16,65536,7659.01
392416,16,65536,7659.01
392432,16,65536,7659.01
392448,16,65536,7659.01
392464,16,65536,7659.01
392480,16,65536,7659.01
392496,16,65536,7659.01
392512,16,65536,7659.01
392528,16,65536,7659.01
392544,16,65536,7659.01
392560,16,65536,7659.01
392576,16,65536,7659.01
392592,16,65536,7659.01
392608,16,65536,7659.01
392624,16,65536,7659.01
392640,16,65536,7659.01
392656,16,65536,7659.01
392672,16,65536,7659.01
392688,16,65536,7659.01
392704,16,65536,7659.01
392720,16,65536,7659.01
392736,16,65536,7659.01
392752,16,65536,7659.01
392768,16,65536,7659.01
392784,16,65536,7659.01
392800,16,65536,7659.01
392816,16,65536,7659.01
392832,16,65536,7659.01
392848,16,65536,7659.01
392864,16,65536,7659.01
392880,16,65536,7659.01
392896,16,65536,7659.01
392912,16,65536,7659.01
392928,16,65536,7659.01
392944,16,65536,7659.01
392960,16,65536,7659.01
392976,16,65536,7659.01
392992,16,65536,7659.01
393008,16,65536,7659.01
393024,16,65536,7659.01
393040,16,65536,7659.01
393056,16,65536,7659.01
393072,16,65536,7659.01
393088,16,65536,7659.01
393104,16,65536,7659.01
393120,16,65536,7659.01
393136,16,65536,7659.01
393152,16,65536,7659.01
393168,16,65536,7659.01
393184,16,65536,7659.01
393200,16,65536,7659.01
393216,16,65536,7659.01
393232,16,65536,7659.01
393248,16,65536,7659.01
393264,16,65536,7659.01
393280,16,65536,7659.01
393296,16,65536,7659.01
393312,16,65536,7659.01
393328,16,65536,7659.01
393344,16,65536,7659.01
393360,16,65536,7659.01
393376,16,65536,7659.01
393392,16,65536,7659.01
393408,16,65536,7659.01
393424,16,65536,7659.01
393440,16,65536,7659.01
393456,16,65536,7659.01
393472,16,65536,7659.01
393488,16,65536,7659.01
393504,16,65536,7659.01
393520,16,65536,7659.01
393536,16,65536,7659.01
393552,16,65536,7659.01
393568,16,65536,7659.01
393584,16,65536,7659.01
393600,16,65536,7659.01
393616,16,65536,7659.01
393632,16,65536,7659.01
393648,16,65536,7659.01
393664,16,65536,7659.01
393680,16,65536,7659.01
393696,16,65536,7659.01
393712,16,65536,7659.01
393728,16,65536,7659.01
393744,16,65536,7659.01
393760,16,65536,7659.01
393776,16,65536,7659.01
393792,16,65536,7659.01
393808,16,65536,7659.01
393824,16,65536,7659.01
393840,16,65536,7659.01
393856,16,65536,7659.01
393872,16,65536,7659.01
393888,16,65536,7659.01
393904,16,65536,7659.01
393920,16,65536,7659.01
393936,16,65536,7659.01
393952,16,65536,7659.01
393968,16,65536,7659.01
393984,16,65536,7659.01
394000,16,65536,7659.01
394016,16,65536,7659.01
394032,16,65536,7659.01
394048,16,65536,7659.01
394064,16,65536,7659.01
394080,16,65536,7659.01
394096,16,65536,7659.01
394112,16,65536,7659.01
394128,16,65536,7659.01
394144,16,65536,7659.01
394160,16,65536,7659.01
394176,16,65536,7659.01
394192,16,65536,7659.01
394208,16,65536,7659.01
394224,16,65536,7659.01
394240,16,65536,7659.01
394256,16,65536,7659.01
394272,16,65536,7659.01
394288,16,65536,7659.01
394304,16,65536,7659.01
394320,16,65536,7659.01
394336,16,65536,7659.01
394352,16,65536,7659.01
394368,16,65536,7659.01
394384,16,65536,7659.01
394400,16,65536,7659.01
394416,16,65536,7659.01
394432,16,65536,7659.01
394448,16,65536,7659.01
394464,16,65536,7659.01
394480,16,65536,7659.01
394496,16,65536,7659.01
394512,16,65536,7659.01
394528,16,65536,7659.01
394544,16,65536,7659.01
394560,16,65536,7659.01
394576,16,65536,7659.01
394592,16,65536,7659.01
394608,16,65536,7659.01
394624,16,65536,7659.01
394640,16,65536,7659.01
394656,16,65536,7659.01
394672,16,65536,7659.01
394688,16,65536,7659.01
394704,16,65536,7659.01
394720,16,65536,7659.01
394736,16,65536,7659.01
394752,16,65536,7659.01
394768,16,65536,7659.01
394784,16,65536,7659.01
394800,16,65536,7659.01
394816,16,65536,7659.01
394832,16,65536,7659.01
394848,16,65536,7659.01
394864,16,65536,7659.01
394880,16,65536,7659.01
394896,16,65536,7659.01
394912,16,65536,7659.01
394928,16,65536,7659.01
394944,16,65536,7659.01
394960,16,65536,7659.01
394976,16,65536,7659.01
394992,16,65536,7659.01
395008,16,65536,7659.01
395024,16,65536,7659.01
395040,16,65536,7659.01
395056,16,65536,7659.01
395072,16,65536,7659.01
395088,16,65536,7659.01
395104,16,65536,7659.01
395120,16,65536,7659.01
395136,16,65536,7659.01
395152,16,65536,7659.01
395168,16,65536,7659.01
395184,16,65536,7659.01
395200,16,65536,7659.01
395216,16,65536,7659.01
395232,16,65536,7659.01
395248,16,65536,7659.01
395264,16,65536,7659.01
395280,16,65536,7659.01
395296,16,65536,7659.01
395312,16,65536,7659.01
395328,16,65536,7659.01
395344,16,65536,7659.01
395360,16,65536,7659.01
395376,16,65536,7659.01
395392,16,65536,7659.01
395408,16,65536,7659.01
395424,16,65536,7659.01
395440,16,65536,7659.01
395456,16,65536,7659.01
395472,16,65536,7659.01
395488,16,65536,7659.01
395504,16,65536,7659.01
395520,16,65536,7659.01
395536,16,65536,7659.01
395552,16,65536,7659.01
395568,16,65536,7659.01
395584,16,65536,7659.01
395600,16,65536,7659.01
395616,16,65536,7659.01
395632,16,65536,7659.01
395648,16,65536,7659.01
395664,16,65536,7659.01
395680,16,65536,7659.01
395696,16,65536,7659.01
395712,16,65536,7659.01
395728,16,65536,7659.01
395744,16,65536,7659.01
395760,16,65536,7659.01
395776,16,65536,7659.01
395792,16,65536,7659.01
395808,16,65536,7659.01
395824,16,65536,7659.01
395840,16,65536,7659.01
395856,16,65536,7659.01
395872,16,65536,7659.01
395888,16,65536,7659.01
395904,16,65536,7659.01
395920,16,65536,7659.01
395936,16,65536,7659.01
395952,16,65536,7659.01
395968,16,65536,7659.01
395984,16,65536,7659.01
396000,16,65536,7659.01
396016,16,65536,7659.01
396032,16,65536,7659.01
396048,16,65536,7659.01
396064,16,65536,7659.01
396080,16,65536,7659.01
396096,16,65536,7659.01
396112,16,65536,7659.01
396128,16,65536,7659.01
396144,16,65536,7659.01
396160,16,65536,7659.01
396176,16,65536,7659.01
396192,16,65536,7659.01
396208,16,65536,7659.01
396224,16,65536,7659.01
396240,16,65536,7659.01
396256,16,65536,7659.01
396272,16,65536,7659.01
396288,16,65536,7659.01
396304,16,65536,7659.01
396320,16,65536,7659.01
396336,16,65536,7659.01
396352,16,65536,7659.01
396368,16,65536,7659.01
396384,16,65536,7659.01
396400,16,65536,7659.01
396416,16,65536,7659.01
396432,16,65536,7659.01
396448,16,65536,7659.01
396464,16,65536,7659.01
396480,16,65536,7659.01
396496,16,65536,7659.01
396512,16,65536,7659.01
396528,16,65536,7659.01
396544,16,65536,7659.01
396560,16,65536,7659.01
396576,16,65536,7659.01
396592,16,65536,7659.01
396608,16,65536,7659.01
396624,16,65536,7659.01
396640,16,65536,7659.01
396656,16,65536,7659.01
396672,16,65536,7659.01
396688,16,65536,7659.01
396704,16,65536,7659.01
396720,16,65536,7659.01
396736,16,65536,7659.01
396752,16,65536,7659.01
396768,16,65536,7659.01
396784,16,65536,7659.01
396800,16,65536,7659.01
396816,16,65536,7659.01
396832,16,65536,7659.01
396848,16,65536,7659.01
396864,16,65536,7659.01
396880,16,65536,7659.01
396896,16,65536,7659.01
396912,16,65536,7659.01
396928,16,65536,7659.01
396944,16,65536,7659.01
396960,16,65536,7659.01
396976,16,65536,7659.01
396992,16,65536,7659.01
397008,16,65536,7659.01
397024,16,65536,7659.01
397040,16,65536,7659.01
397056,16,65536,7659.01
397072,16,65536,7659.01
397088,16,65536,7659.01
397104,16,65536,7659.01
397120,16,65536,7659.01
397136,16,65536,7659.01
397152,16,65536,7659.01
397168,16,65536,7659.01
397184,16,65536,7659.01
397200,16,65536,7659.01
397216,16,65536,7659.01
397232,16,65536,7659.01
397248,16,65536,7659.01
397264,16,65536,7659.01
397280,16,65536,7659.01
397296,16,65536,7659.01
397312,16,65536,7659.01
397328,16,65536,7659.01
397344,16,65536,7659.01
397360,16,65536,7659.01
397376,16,65536,7659.01
397392,16,65536,7659.01
397408,16,65536,7659.01
397424,16,65536,7659.01
397440,16,65536,7659.01
397456,16,65536,7659.01
397472,16,65536,7659.01
397488,16,65536,7659.01
397504,16,65536,7659.01
397520,16,65536,7659.01
397536,16,65536,7659.01
397552,16,65536,7659.01
397568,16,65536,7659.01
397584,16,65536,7659.01
397600,16,65536,7659.01
397616,16,65536,7659.01
397632,16,65536,7659.01
397648,16,65536,7659.01
397664,16,65536,7659.01
397680,16,65536,7659.01
397696,16,65536,7659.01
397712,16,65536,7659.01
397728,16,65536,7659.01
397744,16,65536,7659.01
397760,16,65536,7659.01
397776,16,65536,7659.01
397792,16,65536,7659.01
397808,16,65536,7659.01
397824,16,65536,7659.01
397840,16,65536,7659.01
397856,16,65536,7659.01
397872,16,65536,7659.01
397888,16,65536,7659.01
397904,16,65536,7659.01
397920,16,65536,7659.01
397936,16,65536,7659.01
397952,16,65536,7659.01
397968,16,65536,7659.01
397984,16,65536,7659.01
398000,16,65536,7659.01
398016,16,65536,7659.01
398032,16,65536,7659.01
398048,16,65536,7659.01
398064,16,65536,7659.01
398080,16,65536,7659.01
398096,16,65536,7659.01
398112,16,65536,7659.01
398128,16,65536,7659.01
398144,16,65536,7659.01
398160,16,65536,7659.01
398176,16,65536,7659.01
398192,16,65536,7659.01
398208,16,65536,7659.01
398224,16,65536,7659.01
398240,16,65536,7659.01
398256,16,65536,7659.01
398272,16,65536,7659.01
398288,16,65536,7659.01
398304,16,65536,7659.01
398320,16,65536,7659.01
398336,16,65536,7659.01
398352,16,65536,7659.01
398368,16,65536,7659.01
398384,16,65536,7659.01
398400,16,65536,7659.01
398416,16,65536,7659.01
398432,16,65536,7659.01
398448,16,65536,7659.01
398464,16,65536,7659.01
398480,16,65536,7659.01
398496,16,65536,7659.01
398512,16,65536,7659.01
398528,16,65536,7659.01
398544,16,65536,7659.01
398560,16,65536,7659.01
398576,16,65536,7659.01
398592,16,65536,7659.01
398608,16,65536,7659.01
398624,16,65536,7659.01
398640,16,65536,7659.01
398656,16,65536,7659.01
398672,16,65536,7659.01
398688,16,65536,7659.01
398704,16,65536,7659.01
398720,16,65536,7659.01
398736,16,65536,7659.01
398752,16,65536,7659.01
398768,16,65536,7659.01
398784,16,65536,7659.01
398800,16,65536,7659.01
398816,16,65536,7659.01
398832,16,65536,7659.01
398848,16,65536,7659.01
398864,16,65536,7659.01
398880,16,65536,7659.01
398896,16,65536,7659.01
398912,16,65536,7659.01
398928,16,65536,7659.01
398944,16,65536,7659.01
398960,16,65536,7659.01
398976,16,65536,7659.01
398992,16,65536,7659.01
399008,16,65536,7659.01
399024,16,65536,7659.01
399040,16,65536,7659.01
399056,16,65536,7659.01
399072,16,65536,7659.01
399088,16,65536,7659.01
399104,16,65536,7659.01
399120,16,65536,7659.01
399136,16,65536,7659.01
399152,16,65536,7659.01
399168,16,65536,7659.01
399184,16,65536,7659.01
399200,16,65536,7659.01
399216,16,65536,7659.01
399232,16,65536,7659.01
399248,16,65536,7659.01
399264,16,65536,7659.01
399280,16,65536,7659.01
399296,16,65536,7659.01
399312,16,65536,7659.01
399328,16,65536,7659.01
399344,16,65536,7659.01
399360,16,65536,7659.01
399376,16,65536,7659.01
399392,16,65536,7659.01
399408,16,65536,7659.01
399424,16,65536,7659.01
399440,16,65536,7659.01
399456,16,65536,7659.01
399472,16,65536,7659.01
399488,16,65536,7659.01
399504,16,65536,7659.01
399520,16,65536,7659.01
399536,16,65536,7659.01
399552,16,65536,7659.01
399568,16,65536,7659.01
399584,16,65536,7659.01
399600,16,65536,7659.01
399616,16,65536,7659.01
399632,16,65536,7659.01
399648,16,65536,7659.01
399664,16,65536,7659.01
399680,16,65536,7659.01
399696,16,65536,7659.01
399712,16,65536,7659.01
399728,16,65536,7659.01
399744,16,65536,7659.01
399760,16,65536,7659.01
399776,16,65536,7659.01
399792,16,65536,7659.01
399808,16,65536,7659.01
399824,16,65536,7659.01
399840,16,65536,7659.01
399856,16,65536,7659.01
399872,16,65536,7659.01
399888,16,65536,7659.01
399904,16,65536,7659.01
399920,16,65536,7659.01
399936,16,65536,7659.01
399952,16,65536,7659.01
399968,16,65536,7659.01
399984,16,65536,7659.01
400000,16,65536,7659.01
400016,16,65536,7659.01
400032,16,65536,7659.01
400048,16,65536,7659.01
400064,16,65536,7659.01
400080,16,65536,7659.01
400096,16,65536,7659.01
400112,16,65536,7659.01
400128,16,65536,7659.01
400144,16,65536,7659.01
400160,16,65536,7659.01
400176,16,65536,7659.01
400192,16,65536,7659.01
400208,16,65536,7659.01
400224,16,65536,7659.01
400240,16,65536,7659.01
400256,16,65536,7659.01
400272,16,65536,7659.01
400288,16,65536,7659.01
400304,16,65536,7659.01
400320,16,65536,7659.01
400336,16,65536,7659.01
400352,16,65536,7659.01
400368,16,65536,7659.01
400384,16,65536,7659.01
400400,16,65536,7659.01
400416,16,65536,7659.01
400432,16,65536,7659.01
400448,16,65536,7659.01
400464,16,65536,7659.01
400480,16,65536,7659.01
400496,16,65536,7659.01
400512,16,65536,7659.01
400528,16,65536,7659.01
400544,16,65536,7659.01
400560,16,65536,7659.01
400576,16,65536,7659.01
400592,16,65536,7659.01
400608,16,65536,7659.01
400624,16,65536,7659.01
400640,16,65536,7659.01
400656,16,65536,7659.01
400672,16,65536,7659.01
400688,16,65536,7659.01
400704,16,65536,7659.01
400720,16,65536,7659.01
400736,16,65536,7659.01
400752,16,65536,7659.01
400768,16,65536,7659.01
400784,16,65536,7659.01
400800,16,65536,7659.01
400816,16,65536,7659.01
400832,16,65536,7659.01
400848,16,65536,7659.01
400864,16,65536,7659.01
400880,16,65536,7659.01
400896,16,65536,7659.01
400912,16,65536,7659.01
400928,16,65536,7659.01
400944,16,65536,7659.01
400960,16,65536,7659.01
400976,16,65536,7659.01
400992,16,65536,7659.01
401008,16,65536,7659.01
401024,16,65536,7659.01
401040,16,65536,7659.01
401056,16,65536,7659.01
401072,16,65536,7659.01
401088,16,65536,7659.01
401104,16,65536,7659.01
401120,16,65536,7659.01
401136,16,65536,7659.01
401152,16,65536,7659.01
401168,16,65536,7659.01
401184,16,65536,7659.01
401200,16,65536,7659.01
401216,16,65536,7659.01
401232,16,65536,7659.01
401248,16,65536,7659.01
401264,16,65536,7659.01
401280,16,65536,7659.01
401296,16,65536,7659.01
401312,16,65536,7659.01
401328,16,65536,7659.01
401344,16,65536,7659.01
401360,16,65536,7659.01
401376,16,65536,7659.01
401392,16,65536,7659.01
401408,16,65536,7659.01
401424,16,65536,7659.01
401440,16,65536,7659.01
401456,16,65536,7659.01
401472,16,65536,7659.01
401488,16,65536,7659.01
401504,16,65536,7659.01
401520,16,65536,7659.01
401536,16,65536,7659.01
401552,16,65536,7659.01
401568,16,65536,7659.01
401584,16,65536,7659.01
401600,16,65536,7659.01
401616,16,65536,7659.01
401632,16,65536,7659.01
401648,16,65536,7659.01
401664,16,65536,7659.01
401680,16,65536,7659.01
401696,16,65536,7659.01
401712,16,65536,7659.01
401728,16,65536,7659.01
401744,16,65536,7659.01
401760,16,65536,7659.01
401776,16,65536,7659.01
401792,16,65536,7659.01
401808,16,65536,7659.01
401824,16,65536,7659.01
401840,16,65536,7659.01
401856,16,65536,7659.01
401872,16,65536,7659.01
401888,16,65536,7659.01
401904,16,65536,7659.01
401920,16,65536,7659.01
401936,16,65536,7659.01
401952,16,65536,7659.01
401968,16,65536,7659.01
401984,16,65536,7659.01
402000,16,65536,7659.01
402016,16,65536,7659.01
402032,16,65536,7659.01
402048,16,65536,7659.01
402064,16,65536,7659.01
402080,16,65536,7659.01
402096,16,65536,7659.01
402112,16,65536,7659.01
402128,16,65536,7659.01
402144,16,65536,7659.01
402160,16,65536,7659.01
402176,16,65536,7659.01
402192,16,65536,7659.01
402208,16,65536,7659.01
402224,16,65536,7659.01
402240,16,65536,7659.01
402256,16,65536,7659.01
402272,16,65536,7659.01
402288,16,65536,7659.01
402304,16,65536,7659.01
402320,16,65536,7659.01
402336,16,65536,7659.01
402352,16,65536,7659.01
402368,16,65536,7659.01
402384,16,65536,7659.01
402400,16,65536,7659.01
402416,16,65536,7659.01
402432,16,65536,7659.01
402448,16,65536,7659.01
402464,16,65536,7659.01
402480,16,65536,7659.01
402496,16,65536,7659.01
402512,16,65536,7659.01
402528,16,65536,7659.01
402544,16,65536,7659.01
402560,16,65536,7659.01
402576,16,65536,7659.01
402592,16,65536,7659.01
402608,16,65536,7659.01
402624,16,65536,7659.01
402640,16,65536,7659.01
402656,16,65536,7659.01
402672,16,65536,7659.01
402688,16,65536,7659.01
402704,16,65536,7659.01
402720,16,65536,7659.01
402736,16,65536,7659.01
402752,16,65536,7659.01
402768,16,65536,7659.01
402784,16,65536,7659.01
402800,16,65536,7659.01
402816,16,65536,7659.01
402832,16,65536,7659.01
402848,16,65536,7659.01
402864,16,65536,7659.01
402880,16,65536,7659.01
402896,16,65536,7659.01
402912,16,65536,7659.01
402928,16,65536,7659.01
402944,16,65536,7659.01
402960,16,65536,7659.01
402976,16,65536,7659.01
402992,16,65536,7659.01
403008,16,65536,7659.01
403024,16,65536,7659.01
403040,16,65536,7659.01
403056,16,65536,7659.01
403072,16,65536,7659.01
403088,16,65536,7659.01
403104,16,65536,7659.01
403120,16,65536,7659.01
403136,16,65536,7659.01
403152,16,65536,7659.01
403168,16,65536,7659.01
403184,16,65536,7659.01
403200,16,65536,7659.01
403216,16,65536,7659.01
403232,16,65536,7659.01
403248,16,65536,7659.01
403264,16,65536,7659.01
403280,16,65536,7659.01
403296,16,65536,7659.01
403312,16,65536,7659.01
403328,16,65536,7659.01
403344,16,65536,7659.01
403360,16,65536,7659.01
403376,16,65536,7659.01
403392,16,65536,7659.01
403408,16,65536,7659.01
403424,16,65536,7659.01
403440,16,65536,7659.01
403456,16,65536,7659.01
403472,16,65536,7659.01
403488,16,65536,7659.01
403504,16,65536,7659.01
403520,16,65536,7659.01
403536,16,65536,7659.01
403552,16,65536,7659.01
403568,16,65536,7659.01
403584,16,65536,7659.01
403600,16,65536,7659.01
403616,16,65536,7659.01
403632,16,65536,7659.01
403648,16,65536,7659.01
403664,16,65536,7659.01
403680,16,65536,7659.01
403696,16,65536,7659.01
403712,16,65536,7659.01
403728,16,65536,7659.01
403744,16,65536,7659.01
403760,16,65536,7659.01
403776,16,65536,7659.01
403792,16,65536,7659.01
403808,16,65536,7659.01
403824,16,65536,7659.01
403840,16,65536,7659.01
403856,16,65536,7659.01
403872,16,65536,7659.01
403888,16,65536,7659.01
403904,16,65536,7659.01
403920,16,65536,7659.01
403936,16,65536,7659.01
403952,16,65536,7659.01
403968,16,65536,7659.01
403984,16,65536,7659.01
404000,16,65536,7659.01
404016,16,65536,7659.01
404032,16,65536,7659.01
404048,16,65536,7659.01
404064,16,65536,7659.01
404080,16,65536,7659.01
404096,16,65536,7659.01
404112,16,65536,7659.01
404128,16,65536,7659.01
404144,16,65536,7659.01
404160,16,65536,7659.01
404176,16,65536,7659.01
404192,16,65536,7659.01
404208,16,65536,7659.01
404224,16,65536,7659.01
404240,16,65536,7659.01
404256,16,65536,7659.01
404272,16,65536,7659.01
404288,16,65536,7659.01
404304,16,65536,7659.01
404320,16,65536,7659.01
404336,16,65536,7659.01
404352,16,65536,7659.01
404368,16,65536,7659.01
404384,16,65536,7659.01
404400,16,65536,7659.01
404416,16,65536,7659.01
404432,16,65536,7659.01
404448,16,65536,7659.01
404464,16,65536,7659.01
404480,16,65536,7659.01
404496,16,65536,7659.01
404512,16,65536,7659.01
404528,16,65536,7659.01
404544,16,65536,7659.01
404560,16,65536,7659.01
404576,16,65536,7659.01
404592,16,65536,7659.01
404608,16,65536,7659.01
404624,16,65536,7659.01
404640,16,65536,7659.01
404656,16,65536,7659.01
404672,16,65536,7659.01
404688,16,65536,7659.01
404704,16,65536,7659.01
404720,16,65536,7659.01
404736,16,65536,7659.01
404752,16,65536,7659.01
404768,16,65536,7659.01
404784,16,65536,7659.01
404800,16,65536,7659.01
404816,16,65536,7659.01
404832,16,65536,7659.01
404848,16,65536,7659.01
404864,16,65536,7659.01
404880,16,65536,7659.01
404896,16,65536,7659.01
404912,16,65536,7659.01
404928,16,65536,7659.01
404944,16,65536,7659.01
404960,16,65536,7659.01
404976,16,65536,7659.01
404992,16,65536,7659.01
405008,16,65536,7659.01
405024,16,65536,7659.01
405040,16,65536,7659.01
405056,16,65536,7659.01
405072,16,65536,7659.01
405088,16,65536,7659.01
405104,16,65536,7659.01
405120,16,65536,7659.01
405136,16,65536,7659.01
405152,16,65536,7659.01
405168,16,65536,7659.01
405184,16,65536,7659.01
405200,16,65536,7659.01
405216,16,65536,7659.01
405232,16,65536,7659.01
405248,16,65536,7659.01
405264,16,65536,7659.01
405280,16,65536,7659.01
405296,16,65536,7659.01
405312,16,65536,7659.01
405328,16,65536,7659.01
405344,16,65536,7659.01
405360,16,65536,7659.01
405376,16,65536,7659.01
405392,16,65536,7659.01
405408,16,65536,7659.01
405424,16,65536,7659.01
405440,16,65536,7659.01
405456,16,65536,7659.01
405472,16,65536,7659.01
405488,16,65536,7659.01
405504,16,65536,7659.01
405520,16,65536,7659.01
405536,16,65536,7659.01
405552,16,65536,7659.01
405568,16,65536,7659.01
405584,16,65536,7659.01
405600,16,65536,7659.01
405616,16,65536,7659.01
405632,16,65536,7659.01
405648,16,65536,7659.01
405664,16,65536,7659.01
405680,16,65536,7659.01
405696,16,65536,7659.01
405712,16,65536,7659.01
405728,16,65536,7659.01
405744,16,65536,7659.01
405760,16,65536,7659.01
405776,16,65536,7659.01
405792,16,65536,7659.01
405808,16,65536,7659.01
405824,16,65536,7659.01
405840,16,65536,7659.01
405856,16,65536,7659.01
405872,16,65536,7659.01
405888,16,65536,7659.01
405904,16,65536,7659.01
405920,16,65536,7659.01
405936,16,65536,7659.01
405952,16,65536,7659.01
405968,16,65536,7659.01
405984,16,65536,7659.01
406000,16,65536,7659.01
406016,16,65536,7659.01
406032,16,65536,7659.01
406048,16,65536,7659.01
406064,16,65536,7659.01
406080,16,65536,7659.01
406096,16,65536,7659.01
406112,16,65536,7659.01
406128,16,65536,7659.01
406144,16,65536,7659.01
406160,16,65536,7659.01
406176,16,65536,7659.01
406192,16,65536,7659.01
406208,16,65536,7659.01
406224,16,65536,7659.01
406240,16,65536,7659.01
406256,16,65536,7659.01
406272,16,65536,7659.01
406288,16,65536,7659.01
406304,16,65536,7659.01
406320,16,65536,7659.01
406336,16,65536,7659.01
406352,16,65536,7659.01
406368,16,65536,7659.01
406384,16,65536,7659.01
406400,16,65536,7659.01
406416,16,65536,7659.01
406432,16,65536,7659.01
406448,16,65536,7659.01
406464,16,65536,7659.01
406480,16,65536,7659.01
406496,16,65536,7659.01
406512,16,65536,7659.01
406528,16,65536,7659.01
406544,16,65536,7659.01
406560,16,65536,7659.01
406576,16,65536,7659.01
406592,16,65536,7659.01
406608,16,65536,7659.01
406624,16,65536,7659.01
406640,16,65536,7659.01
406656,16,65536,7659.01
406672,16,65536,7659.01
406688,16,65536,7659.01
406704,16,65536,7659.01
406720,16,65536,7659.01
406736,16,65536,7659.01
406752,16,65536,7659.01
406768,16,65536,7659.01
406784,16,65536,7659.01
406800,16,65536,7659.01
406816,16,65536,7659.01
406832,16,65536,7659.01
406848,16,65536,7659.01
406864,16,65536,7659.01
406880,16,65536,7659.01
406896,16,65536,7659.01
406912,16,65536,7659.01
406928,16,65536,7659.01
406944,16,65536,7659.01
406960,16,65536,7659.01
406976,16,65536,7659.01
406992,16,65536,7659.01
407008,16,65536,7659.01
407024,16,65536,7659.01
407040,16,65536,7659.01
407056,16,65536,7659.01
407072,16,65536,7659.01
407088,16,65536,7659.01
407104,16,65536,7659.01
407120,16,65536,7659.01
407136,16,65536,7659.01
407152,16,65536,7659.01
407168,16,65536,7659.01
407184,16,65536,7659.01
407200,16,65536,7659.01
407216,16,65536,7659.01
407232,16,65536,7659.01
407248,16,65536,7659.01
407264,16,65536,7659.01
407280,16,65536,7659.01
407296,16,65536,7659.01
407312,16,65536,7659.01
407328,16,65536,7659.01
407344,16,65536,7659.01
407360,16,65536,7659.01
407376,16,65536,7659.01
407392,16,65536,7659.01
407408,16,65536,7659.01
407424,16,65536,7659.01
407440,16,65536,7659.01
407456,16,65536,7659.01
407472,16,65536,7659.01
407488,16,65536,7659.01
407504,16,65536,7659.01
407520,16,65536,7659.01
407536,16,65536,7659.01
407552,16,65536,7659.01
407568,16,65536,7659.01
407584,16,65536,7659.01
407600,16,65536,7659.01
407616,16,65536,7659.01
407632,16,65536,7659.01
407648,16,65536,7659.01
407664,16,65536,7659.01
407680,16,65536,7659.01
407696,16,65536,7659.01
407712,16,65536,7659.01
407728,16,65536,7659.01
407744,16,65536,7659.01
407760,16,65536,7659.01
407776,16,65536,7659.01
407792,16,65536,7659.01
407808,16,65536,7659.01
407824,16,65536,7659.01
407840,16,65536,7659.01
407856,16,65536,7659.01
407872,16,65536,7659.01
407888,16,65536,7659.01
407904,16,65536,7659.01
407920,16,65536,7659.01
407936,16,65536,7659.01
407952,16,65536,7659.01
407968,16,65536,7659.01
407984,16,65536,7659.01
408000,16,65536,7659.01
408016,16,65536,7659.01
408032,16,65536,7659.01
408048,16,65536,7659.01
408064,16,65536,7659.01
408080,16,65536,7659.01
408096,16,65536,7659.01
408112,16,65536,7659.01
408128,16,65536,7659.01
408144,16,65536,7659.01
408160,16,65536,7659.01
408176,16,65536,7659.01
408192,16,65536,7659.01
408208,16,65536,7659.01
408224,16,65536,7659.01
408240,16,65536,7659.01
408256,16,65536,7659.01
408272,16,65536,7659.01
408288,16,65536,7659.01
408304,16,65536,7659.01
408320,16,65536,7659.01
408336,16,65536,7659.01
408352,16,65536,7659.01
408368,16,65536,7659.01
408384,16,65536,7659.01
408400,16,65536,7659.01
408416,16,65536,7659.01
408432,16,65536,7659.01
408448,16,65536,7659.01
408464,16,65536,7659.01
408480,16,65536,7659.01
408496,16,65536,7659.01
408512,16,65536,7659.01
408528,16,65536,7659.01
408544,16,65536,7659.01
408560,16,65536,7659.01
408576,16,65536,7659.01
408592,16,65536,7659.01
408608,16,65536,7659.01
408624,16,65536,7659.01
408640,16,65536,7659.01
408656,16,65536,7659.01
408672,16,65536,7659.01
408688,16,65536,7659.01
408704,16,65536,7659.01
408720,16,65536,7659.01
408736,16,65536,7659.01
408752,16,65536,7659.01
408768,16,65536,7659.01
408784,16,65536,7659.01
408800,16,65536,7659.01
408816,16,65536,7659.01
408832,16,65536,7659.01
408848,16,65536,7659.01
408864,16,65536,7659.01
408880,16,65536,7659.01
408896,16,65536,7659.01
408912,16,65536,7659.01
408928,16,65536,7659.01
408944,16,65536,7659.01
408960,16,65536,7659.01
408976,16,65536,7659.01
408992,16,65536,7659.01
409008,16,65536,7659.01
409024,16,65536,7659.01
409040,16,65536,7659.01
409056,16,65536,7659.01
409072,16,65536,7659.01
409088,16,65536,7659.01
409104,16,65536,7659.01
409120,16,65536,7659.01
409136,16,65536,7659.01
409152,16,65536,7659.01
409168,16,65536,7659.01
409184,16,65536,7659.01
409200,16,65536,7659.01
409216,16,65536,7659.01
409232,16,65536,7659.01
409248,16,65536,7659.01
409264,16,65536,7659.01
409280,16,65536,7659.01
409296,16,65536,7659.01
409312,16,65536,7659.01
409328,16,65536,7659.01
409344,16,65536,7659.01
409360,16,65536,7659.01
409376,16,65536,7659.01
409392,16,65536,7659.01
409408,16,65536,7659.01
409424,16,65536,7659.01
409440,16,65536,7659.01
409456,16,65536,7659.01
409472,16,65536,7659.01
409488,16,65536,7659.01
409504,16,65536,7659.01
409520,16,65536,7659.01
409536,16,65536,7659.01
409552,16,65536,7659.01
409568,16,65536,7659.01
409584,16,65536,7659.01
409600,16,65536,7659.01
409616,16,65536,7659.01
409632,16,65536,7659.01
409648,16,65536,7659.01
409664,16,65536,7659.01
409680,16,65536,7659.01
409696,16,65536,7659.01
409712,16,65536,7659.01
409728,16,65536,7659.01
409744,16,65536,7659.01
409760,16,65536,7659.01
409776,16,65536,7659.01
409792,16,65536,7659.01
409808,16,65536,7659.01
409824,16,65536,7659.01
409840,16,65536,7659.01
409856,16,65536,7659.01
409872,16,65536,7659.01
409888,16,65536,7659.01
409904,16,65536,7659.01
409920,16,65536,7659.01
409936,16,65536,7659.01
409952,16,65536,7659.01
409968,16,65536,7659.01
409984,16,65536,7659.01
410000,16,65536,7659.01
410016,16,65536,7659.01
410032,16,65536,7659.01
410048,16,65536,7659.01
410064,16,65536,7659.01
410080,16,65536,7659.01
410096,16,65536,7659.01
410112,16,65536,7659.01
410128,16,65536,7659.01
410144,16,65536,7659.01
410160,16,65536,7659.01
410176,16,65536,7659.01
410192,16,65536,7659.01
410208,16,65536,7659.01
410224,16,65536,7659.01
410240,16,65536,7659.01
410256,16,65536,7659.01
410272,16,65536,7659.01
410288,16,65536,7659.01
410304,16,65536,7659.01
410320,16,65536,7659.01
410336,16,65536,7659.01
410352,16,65536,7659.01
410368,16,65536,7659.01
410384,16,65536,7659.01
410400,16,65536,7659.01
410416,16,65536,7659.01
410432,16,65536,7659.01
410448,16,65536,7659.01
410464,16,65536,7659.01
410480,16,65536,7659.01
410496,16,65536,7659.01
410512,16,65536,7659.01
410528,16,65536,7659.01
410544,16,65536,7659.01
410560,16,65536,7659.01
410576,16,65536,7659.01
410592,16,65536,7659.01
410608,16,65536,7659.01
410624,16,65536,7659.01
410640,16,65536,7659.01
410656,16,65536,7659.01
410672,16,65536,7659.01
410688,16,65536,7659.01
410704,16,65536,7659.01
410720,16,65536,7659.01
410736,16,65536,7659.01
410752,16,65536,7659.01
410768,16,65536,7659.01
410784,16,65536,7659.01
410800,16,65536,7659.01
410816,16,65536,7659.01
410832,16,65536,7659.01
410848,16,65536,7659.01
410864,16,65536,7659.01
410880,16,65536,7659.01
410896,16,65536,7659.01
410912,16,65536,7659.01
410928,16,65536,7659.01
410944,16,65536,7659.01
410960,16,65536,7659.01
410976,16,65536,7659.01
410992,16,65536,7659.01
411008,16,65536,7659.01
411024,16,65536,7659.01
411040,16,65536,7659.01
411056,16,65536,7659.01
411072,16,65536,7659.01
411088,16,65536,7659.01
411104,16,65536,7659.01
411120,16,65536,7659.01
411136,16,65536,7659.01
411152,16,65536,7659.01
411168,16,65536,7659.01
411184,16,65536,7659.01
411200,16,65536,7659.01
411216,16,65536,7659.01
411232,16,65536,7659.01
411248,16,65536,7659.01
411264,16,65536,7659.01
411280,16,65536,7659.01
411296,16,65536,7659.01
411312,16,65536,7659.01
411328,16,65536,7659.01
411344,16,65536,7659.01
411360,16,65536,7659.01
411376,16,65536,7659.01
411392,16,65536,7659.01
411408,16,65536,7659.01
411424,16,65536,7659.01
411440,16,65536,7659.01
411456,16,65536,7659.01
411472,16,65536,7659.01
411488,16,65536,7659.01
411504,16,65536,7659.01
411520,16,65536,7659.01
411536,16,65536,7659.01
411552,16,65536,7659.01
411568,16,65536,7659.01
411584,16,65536,7659.01
411600,16,65536,7659.01
411616,16,65536,7659.01
411632,16,65536,7659.01
411648,16,65536,7659.01
411664,16,65536,7659.01
411680,16,65536,7659.01
411696,16,65536,7659.01
411712,16,65536,7659.01
411728,16,65536,7659.01
411744,16,65536,7659.01
411760,16,65536,7659.01
411776,16,65536,7659.01
411792,16,65536,7659.01
411808,16,65536,7659.01
411824,16,65536,7659.01
411840,16,65536,7659.01
411856,16,65536,7659.01
411872,16,65536,7659.01
411888,16,65536,7659.01
411904,16,65536,7659.01
411920,16,65536,7659.01
411936,16,65536,7659.01
411952,16,65536,7659.01
411968,16,65536,7659.01
411984,16,65536,7659.01
412000,16,65536,7659.01
412016,16,65536,7659.01
412032,16,65536,7659.01
412048,16,65536,7659.01
412064,16,65536,7659.01
412080,16,65536,7659.01
412096,16,65536,7659.01
412112,16,65536,7659.01
412128,16,65536,7659.01
412144,16,65536,7659.01
412160,16,65536,7659.01
412176,16,65536,7659.01
412192,16,65536,7659.01
412208,16,65536,7659.01
412224,16,65536,7659.01
412240,16,65536,7659.01
412256,16,65536,7659.01
412272,16,65536,7659.01
412288,16,65536,7659.01
412304,16,65536,7659.01
412320,16,65536,7659.01
412336,16,65536,7659.01
412352,16,65536,7659.01
412368,16,65536,7659.01
412384,16,65536,7659.01
412400,16,65536,7659.01
412416,16,65536,7659.01
412432,16,65536,7659.01
412448,16,65536,7659.01
412464,16,65536,7659.01
412480,16,65536,7659.01
412496,16,65536,7659.01
412512,16,65536,7659.01
412528,16,65536,7659.01
412544,16,65536,7659.01
412560,16,65536,7659.01
412576,16,65536,7659.01
412592,16,65536,7659.01
412608,16,65536,7659.01
412624,16,65536,7659.01
412640,16,65536,7659.01
412656,16,65536,7659.01
412672,16,65536,7659.01
412688,16,65536,7659.01
412704,16,65536,7659.01
412720,16,65536,7659.01
412736,16,65536,7659.01
412752,16,65536,7659.01
412768,16,65536,7659.01
412784,16,65536,7659.01
412800,16,65536,7659.01
412816,16,65536,7659.01
412832,16,65536,7659.01
412848,16,65536,7659.01
412864,16,65536,7659.01
412880,16,65536,7659.01
412896,16,65536,7659.01
412912,16,65536,7659.01
412928,16,65536,7659.01
412944,16,65536,7659.01
412960,16,65536,7659.01
412976,16,65536,7659.01
412992,16,65536,7659.01
413008,16,65536,7659.01
413024,16,65536,7659.01
413040,16,65536,7659.01
413056,16,65536,7659.01
413072,16,65536,7659.01
413088,16,65536,7659.01
413104,16,65536,7659.01
413120,16,65536,7659.01
413136,16,65536,7659.01
413152,16,65536,7659.01
413168,16,65536,7659.01
413184,16,65536,7659.01
413200,16,65536,7659.01
413216,16,65536,7659.01
413232,16,65536,7659.01
413248,16,65536,7659.01
413264,16,65536,7659.01
413280,16,65536,7659.01
413296,16,65536,7659.01
413312,16,65536,7659.01
413328,16,65536,7659.01
413344,16,65536,7659.01
413360,16,65536,7659.01
413376,16,65536,7659.01
413392,16,65536,7659.01
413408,16,65536,7659.01
413424,16,65536,7659.01
413440,16,65536,7659.01
413456,16,65536,7659.01
413472,16,65536,7659.01
413488,16,65536,7659.01
413504,16,65536,7659.01
413520,16,65536,7659.01
413536,16,65536,7659.01
413552,16,65536,7659.01
413568,16,65536,7659.01
413584,16,65536,7659.01
413600,16,65536,7659.01
413616,16,65536,7659.01
413632,16,65536,7659.01
413648,16,65536,7659.01
413664,16,65536,7659.01
413680,16,65536,7659.01
413696,16,65536,7659.01
413712,16,65536,7659.01
413728,16,65536,7659.01
413744,16,65536,7659.01
413760,16,65536,7659.01
413776,16,65536,7659.01
413792,16,65536,7659.01
413808,16,65536,7659.01
413824,16,65536,7659.01
413840,16,65536,7659.01
413856,16,65536,7659.01
413872,16,65536,7659.01
413888,16,65536,7659.01
413904,16,65536,7659.01
413920,16,65536,7659.01
413936,16,65536,7659.01
413952,16,65536,7659.01
413968,16,65536,7659.01
413984,16,65536,7659.01
414000,16,65536,7659.01
414016,16,65536,7659.01
414032,16,65536,7659.01
414048,16,65536,7659.01
414064,16,65536,7659.01
414080,16,65536,7659.01
414096,16,65536,7659.01
414112,16,65536,7659.01
414128,16,65536,7659.01
414144,16,65536,7659.01
414160,16,65536,7659.01
414176,16,65536,7659.01
414192,16,65536,7659.01
414208,16,65536,7659.01
414224,16,65536,7659.01
414240,16,65536,7659.01
414256,16,65536,7659.01
414272,16,65536,7659.01
414288,16,65536,7659.01
414304,16,65536,7659.01
414320,16,65536,7659.01
414336,16,65536,7659.01
414352,16,65536,7659.01
414368,16,65536,7659.01
414384,16,65536,7659.01
414400,16,65536,7659.01
414416,16,65536,7659.01
414432,16,65536,7659.01
414448,16,65536,7659.01
414464,16,65536,7659.01
414480,16,65536,7659.01
414496,16,65536,7659.01
414512,16,65536,7659.01
414528,16,65536,7659.01
414544,16,65536,7659.01
414560,16,65536,7659.01
414576,16,65536,7659.01
414592,16,65536,7659.01
414608,16,65536,7659.01
414624,16,65536,7659.01
414640,16,65536,7659.01
414656,16,65536,7659.01
414672,16,65536,7659.01
414688,16,65536,7659.01
414704,16,65536,7659.01
414720,16,65536,7659.01
414736,16,65536,7659.01
414752,16,65536,7659.01
414768,16,65536,7659.01
414784,16,65536,7659.01
414800,16,65536,7659.01
414816,16,65536,7659.01
414832,16,65536,7659.01
414848,16,65536,7659.01
414864,16,65536,7659.01
414880,16,65536,7659.01
414896,16,65536,7659.01
414912,16,65536,7659.01
414928,16,65536,7659.01
414944,16,65536,7659.01
414960,16,65536,7659.01
414976,16,65536,7659.01
414992,16,65536,7659.01
415008,16,65536,7659.01
415024,16,65536,7659.01
415040,16,65536,7659.01
415056,16,65536,7659.01
415072,16,65536,7659.01
415088,16,65536,7659.01
415104,16,65536,7659.01
415120,16,65536,7659.01
415136,16,65536,7659.01
415152,16,65536,7659.01
415168,16,65536,7659.01
415184,16,65536,7659.01
415200,16,65536,7659.01
415216,16,65536,7659.01
415232,16,65536,7659.01
415248,16,65536,7659.01
415264,16,65536,7659.01
415280,16,65536,7659.01
415296,16,65536,7659.01
415312,16,65536,7659.01
415328,16,65536,7659.01
415344,16,65536,7659.01
415360,16,65536,7659.01
415376,16,65536,7659.01
415392,16,65536,7659.01
415408,16,65536,7659.01
415424,16,65536,7659.01
415440,16,65536,7659.01
415456,16,65536,7659.01
415472,16,65536,7659.01
415488,16,65536,7659.01
415504,16,65536,7659.01
415520,16,65536,7659.01
415536,16,65536,7659.01
415552,16,65536,7659.01
415568,16,65536,7659.01
415584,16,65536,7659.01
415600,16,65536,7659.01
415616,16,65536,7659.01
415632,16,65536,7659.01
415648,16,65536,7659.01
415664,16,65536,7659.01
415680,16,65536,7659.01
415696,16,65536,7659.01
415712,16,65536,7659.01
415728,16,65536,7659.01
415744,16,65536,7659.01
415760,16,65536,7659.01
415776,16,65536,7659.01
415792,16,65536,7659.01
415808,16,65536,7659.01
415824,16,65536,7659.01
415840,16,65536,7659.01
415856,16,65536,7659.01
415872,16,65536,7659.01
415888,16,65536,7659.01
415904,16,65536,7659.01
415920,16,65536,7659.01
415936,16,65536,7659.01
415952,16,65536,7659.01
415968,16,65536,7659.01
415984,16,65536,7659.01
416000,16,65536,7659.01
416016,16,65536,7659.01
416032,16,65536,7659.01
416048,16,65536,7659.01
416064,16,65536,7659.01
416080,16,65536,7659.01
416096,16,65536,7659.01
416112,16,65536,7659.01
416128,16,65536,7659.01
416144,16,65536,7659.01
416160,16,65536,7659.01
416176,16,65536,7659.01
416192,16,65536,7659.01
416208,16,65536,7659.01
416224,16,65536,7659.01
416240,16,65536,7659.01
416256,16,65536,7659.01
416272,16,65536,7659.01
416288,16,65536,7659.01
416304,16,65536,7659.01
416320,16,65536,7659.01
416336,16,65536,7659.01
416352,16,65536,7659.01
416368,16,65536,7659.01
416384,16,65536,7659.01
416400,16,65536,7659.01
416416,16,65536,7659.01
416432,16,65536,7659.01
416448,16,65536,7659.01
416464,16,65536,7659.01
416480,16,65536,7659.01
416496,16,65536,7659.01
416512,16,65536,7659.01
416528,16,65536,7659.01
416544,16,65536,7659.01
416560,16,65536,7659.01
416576,16,65536,7659.01
416592,16,65536,7659.01
416608,16,65536,7659.01
416624,16,65536,7659.01
416640,16,65536,7659.01
416656,16,65536,7659.01
416672,16,65536,7659.01
416688,16,65536,7659.01
416704,16,65536,7659.01
416720,16,65536,7659.01
416736,16,65536,7659.01
416752,16,65536,7659.01
416768,16,65536,7659.01
416784,16,65536,7659.01
416800,16,65536,7659.01
416816,16,65536,7659.01
416832,16,65536,7659.01
416848,16,65536,7659.01
416864,16,65536,7659.01
416880,16,65536,7659.01
416896,16,65536,7659.01
416912,16,65536,7659.01
416928,16,65536,7659.01
416944,16,65536,7659.01
416960,16,65536,7659.01
416976,16,65536,7659.01
416992,16,65536,7659.01
417008,16,65536,7659.01
417024,16,65536,7659.01
417040,16,65536,7659.01
417056,16,65536,7659.01
417072,16,65536,7659.01
417088,16,65536,7659.01
417104,16,65536,7659.01
417120,16,65536,7659.01
417136,16,65536,7659.01
417152,16,65536,7659.01
417168,16,65536,7659.01
417184,16,65536,7659.01
417200,16,65536,7659.01
417216,16,65536,7659.01
417232,16,65536,7659.01
417248,16,65536,7659.01
417264,16,65536,7659.01
417280,16,65536,7659.01
417296,16,65536,7659.01
417312,16,65536,7659.01
417328,16,65536,7659.01
417344,16,65536,7659.01
417360,16,65536,7659.01
417376,16,65536,7659.01
417392,16,65536,7659.01
417408,16,65536,7659.01
417424,16,65536,7659.01
417440,16,65536,7659.01
417456,16,65536,7659.01
417472,16,65536,7659.01
417488,16,65536,7659.01
417504,16,65536,7659.01
417520,16,65536,7659.01
417536,16,65536,7659.01
417552,16,65536,7659.01
417568,16,65536,7659.01
417584,16,65536,7659.01
417600,16,65536,7659.01
417616,16,65536,7659.01
417632,16,65536,7659.01
417648,16,65536,7659.01
417664,16,65536,7659.01
417680,16,65536,7659.01
417696,16,65536,7659.01
417712,16,65536,7659.01
417728,16,65536,7659.01
417744,16,65536,7659.01
417760,16,65536,7659.01
417776,16,65536,7659.01
417792,16,65536,7659.01
417808,16,65536,7659.01
417824,16,65536,7659.01
417840,16,65536,7659.01
417856,16,65536,7659.01
417872,16,65536,7659.01
417888,16,65536,7659.01
417904,16,65536,7659.01
417920,16,65536,7659.01
417936,16,65536,7659.01
417952,16,65536,7659.01
417968,16,65536,7659.01
417984,16,65536,7659.01
418000,16,65536,7659.01
418016,16,65536,7659.01
418032,16,65536,7659.01
418048,16,65536,7659.01
418064,16,65536,7659.01
418080,16,65536,7659.01
418096,16,65536,7659.01
418112,16,65536,7659.01
418128,16,65536,7659.01
418144,16,65536,7659.01
418160,16,65536,7659.01
418176,16,65536,7659.01
418192,16,65536,7659.01
418208,16,65536,7659.01
418224,16,65536,7659.01
418240,16,65536,7659.01
418256,16,65536,7659.01
418272,16,65536,7659.01
418288,16,65536,7659.01
418304,16,65536,7659.01
418320,16,65536,7659.01
418336,16,65536,7659.01
418352,16,65536,7659.01
418368,16,65536,7659.01
418384,16,65536,7659.01
418400,16,65536,7659.01
418416,16,65536,7659.01
418432,16,65536,7659.01
418448,16,65536,7659.01
418464,16,65536,7659.01
418480,16,65536,7659.01
418496,16,65536,7659.01
418512,16,65536,7659.01
418528,16,65536,7659.01
418544,16,65536,7659.01
418560,16,65536,7659.01
418576,16,65536,7659.01
418592,16,65536,7659.01
418608,16,65536,7659.01
418624,16,65536,7659.01
418640,16,65536,7659.01
418656,16,65536,7659.01
418672,16,65536,7659.01
418688,16,65536,7659.01
418704,16,65536,7659.01
418720,16,65536,7659.01
418736,16,65536,7659.01
418752,16,65536,7659.01
418768,16,65536,7659.01
418784,16,65536,7659.01
418800,16,65536,7659.01
418816,16,65536,7659.01
418832,16,65536,7659.01
418848,16,65536,7659.01
418864,16,65536,7659.01
418880,16,65536,7659.01
418896,16,65536,7659.01
418912,16,65536,7659.01
418928,16,65536,7659.01
418944,16,65536,7659.01
418960,16,65536,7659.01
418976,16,65536,7659.01
418992,16,65536,7659.01
419008,16,65536,7659.01
419024,16,65536,7659.01
419040,16,65536,7659.01
419056,16,65536,7659.01
419072,16,65536,7659.01
419088,16,65536,7659.01
419104,16,65536,7659.01
419120,16,65536,7659.01
419136,16,65536,7659.01
419152,16,65536,7659.01
419168,16,65536,7659.01
419184,16,65536,7659.01
419200,16,65536,7659.01
419216,16,65536,7659.01
419232,16,65536,7659.01
419248,16,65536,7659.01
419264,16,65536,7659.01
419280,16,65536,7659.01
419296,16,65536,7659.01
419312,16,65536,7659.01
419328,16,65536,7659.01
419344,16,65536,7659.01
419360,16,65536,7659.01
419376,16,65536,7659.01
419392,16,65536,7659.01
419408,16,65536,7659.01
419424,16,65536,7659.01
419440,16,65536,7659.01
419456,16,65536,7659.01
419472,16,65536,7659.01
419488,16,65536,7659.01
419504,16,65536,7659.01
419520,16,65536,7659.01
419536,16,65536,7659.01
419552,16,65536,7659.01
419568,16,65536,7659.01
419584,16,65536,7659.01
419600,16,65536,7659.01
419616,16,65536,7659.01
419632,16,65536,7659.01
419648,16,65536,7659.01
419664,16,65536,7659.01
419680,16,65536,7659.01
419696,16,65536,7659.01
419712,16,65536,7659.01
419728,16,65536,7659.01
419744,16,65536,7659.01
419760,16,65536,7659.01
419776,16,65536,7659.01
419792,16,65536,7659.01
419808,16,65536,7659.01
419824,16,65536,7659.01
419840,16,65536,7659.01
419856,16,65536,7659.01
419872,16,65536,7659.01
419888,16,65536,7659.01
419904,16,65536,7659.01
419920,16,65536,7659.01
419936,16,65536,7659.01
419952,16,65536,7659.01
419968,16,65536,7659.01
419984,16,65536,7659.01
420000,16,65536,7659.01
420016,16,65536,7659.01
420032,16,65536,7659.01
420048,16,65536,7659.01
420064,16,65536,7659.01
420080,16,65536,7659.01
420096,16,65536,7659.01
420112,16,65536,7659.01
420128,16,65536,7659.01
420144,16,65536,7659.01
420160,16,65536,7659.01
420176,16,65536,7659.01
420192,16,65536,7659.01
420208,16,65536,7659.01
420224,16,65536,7659.01
420240,16,65536,7659.01
420256,16,65536,7659.01
420272,16,65536,7659.01
420288,16,65536,7659.01
420304,16,65536,7659.01
420320,16,65536,7659.01
420336,16,65536,7659.01
420352,16,65536,7659.01
420368,16,65536,7659.01
420384,16,65536,7659.01
420400,16,65536,7659.01
420416,16,65536,7659.01
420432,16,65536,7659.01
420448,16,65536,7659.01
420464,16,65536,7659.01
420480,16,65536,7659.01
420496,16,65536,7659.01
420512,16,65536,7659.01
420528,16,65536,7659.01
420544,16,65536,7659.01
420560,16,65536,7659.01
420576,16,65536,7659.01
420592,16,65536,7659.01
420608,16,65536,7659.01
420624,16,65536,7659.01
420640,16,65536,7659.01
420656,16,65536,7659.01
420672,16,65536,7659.01
420688,16,65536,7659.01
420704,16,65536,7659.01
420720,16,65536,7659.01
420736,16,65536,7659.01
420752,16,65536,7659.01
420768,16,65536,7659.01
420784,16,65536,7659.01
420800,16,65536,7659.01
420816,16,65536,7659.01
420832,16,65536,7659.01
420848,16,65536,7659.01
420864,16,65536,7659.01
420880,16,65536,7659.01
420896,16,65536,7659.01
420912,16,65536,7659.01
420928,16,65536,7659.01
420944,16,65536,7659.01
420960,16,65536,7659.01
420976,16,65536,7659.01
420992,16,65536,7659.01
421008,16,65536,7659.01
421024,16,65536,7659.01
421040,16,65536,7659.01
421056,16,65536,7659.01
421072,16,65536,7659.01
421088,16,65536,7659.01
421104,16,65536,7659.01
421120,16,65536,7659.01
421136,16,65536,7659.01
421152,16,65536,7659.01
421168,16,65536,7659.01
421184,16,65536,7659.01
421200,16,65536,7659.01
421216,16,65536,7659.01
421232,16,65536,7659.01
421248,16,65536,7659.01
421264,16,65536,7659.01
421280,16,65536,7659.01
421296,16,65536,7659.01
421312,16,65536,7659.01
421328,16,65536,7659.01
421344,16,65536,7659.01
421360,16,65536,7659.01
421376,16,65536,7659.01
421392,16,65536,7659.01
421408,16,65536,7659.01
421424,16,65536,7659.01
421440,16,65536,7659.01
421456,16,65536,7659.01
421472,16,65536,7659.01
421488,16,65536,7659.01
421504,16,65536,7659.01
421520,16,65536,7659.01
421536,16,65536,7659.01
421552,16,65536,7659.01
421568,16,65536,7659.01
421584,16,65536,7659.01
421600,16,65536,7659.01
421616,16,65536,7659.01
421632,16,65536,7659.01
421648,16,65536,7659.01
421664,16,65536,7659.01
421680,16,65536,7659.01
421696,16,65536,7659.01
421712,16,65536,7659.01
421728,16,65536,7659.01
421744,16,65536,7659.01
421760,16,65536,7659.01
421776,16,65536,7659.01
421792,16,65536,7659.01
421808,16,65536,7659.01
421824,16,65536,7659.01
421840,16,65536,7659.01
421856,16,65536,7659.01
421872,16,65536,7659.01
421888,16,65536,7659.01
421904,16,65536,7659.01
421920,16,65536,7659.01
421936,16,65536,7659.01
421952,16,65536,7659.01
421968,16,65536,7659.01
421984,16,65536,7659.01
422000,16,65536,7659.01
422016,16,65536,7659.01
422032,16,65536,7659.01
422048,16,65536,7659.01
422064,16,65536,7659.01
422080,16,65536,7659.01
422096,16,65536,7659.01
422112,16,65536,7659.01
422128,16,65536,7659.01
422144,16,65536,7659.01
422160,16,65536,7659.01
422176,16,65536,7659.01
422192,16,65536,7659.01
422208,16,65536,7659.01
422224,16,65536,7659.01
422240,16,65536,7659.01
422256,16,65536,7659.01
422272,16,65536,7659.01
422288,16,65536,7659.01
422304,16,65536,7659.01
422320,16,65536,7659.01
422336,16,65536,7659.01
422352,16,65536,7659.01
422368,16,65536,7659.01
422384,16,65536,7659.01
422400,16,65536,7659.01
422416,16,65536,7659.01
422432,16,65536,7659.01
422448,16,65536,7659.01
422464,16,65536,7659.01
422480,16,65536,7659.01
422496,16,65536,7659.01
422512,16,65536,7659.01
422528,16,65536,7659.01
422544,16,65536,7659.01
422560,16,65536,7659.01
422576,16,65536,7659.01
422592,16,65536,7659.01
422608,16,65536,7659.01
422624,16,65536,7659.01
422640,16,65536,7659.01
422656,16,65536,7659.01
422672,16,65536,7659.01
422688,16,65536,7659.01
422704,16,65536,7659.01
422720,16,65536,7659.01
422736,16,65536,7659.01
422752,16,65536,7659.01
422768,16,65536,7659.01
422784,16,65536,7659.01
422800,16,65536,7659.01
422816,16,65536,7659.01
422832,16,65536,7659.01
422848,16,65536,7659.01
422864,16,65536,7659.01
422880,16,65536,7659.01
422896,16,65536,7659.01
422912,16,65536,7659.01
422928,16,65536,7659.01
422944,16,65536,7659.01
422960,16,65536,7659.01
422976,16,65536,7659.01
422992,16,65536,7659.01
423008,16,65536,7659.01
423024,16,65536,7659.01
423040,16,65536,7659.01
423056,16,65536,7659.01
423072,16,65536,7659.01
423088,16,65536,7659.01
423104,16,65536,7659.01
423120,16,65536,7659.01
423136,16,65536,7659.01
423152,16,65536,7659.01
423168,16,65536,7659.01
423184,16,65536,7659.01
423200,16,65536,7659.01
423216,16,65536,7659.01
423232,16,65536,7659.01
423248,16,65536,7659.01
423264,16,65536,7659.01
423280,16,65536,7659.01
423296,16,65536,7659.01
423312,16,65536,7659.01
423328,16,65536,7659.01
423344,16,65536,7659.01
423360,16,65536,7659.01
423376,16,65536,7659.01
423392,16,65536,7659.01
423408,16,65536,7659.01
423424,16,65536,7659.01
423440,16,65536,7659.01
423456,16,65536,7659.01
423472,16,65536,7659.01
423488,16,65536,7659.01
423504,16,65536,7659.01
423520,16,65536,7659.01
423536,16,65536,7659.01
423552,16,65536,7659.01
423568,16,65536,7659.01
423584,16,65536,7659.01
423600,16,65536,7659.01
423616,16,65536,7659.01
423632,16,65536,7659.01
423648,16,65536,7659.01
423664,16,65536,7659.01
423680,16,65536,7659.01
423696,16,65536,7659.01
423712,16,65536,7659.01
423728,16,65536,7659.01
423744,16,65536,7659.01
423760,16,65536,7659.01
423776,16,65536,7659.01
423792,16,65536,7659.01
423808,16,65536,7659.01
423824,16,65536,7659.01
423840,16,65536,7659.01
423856,16,65536,7659.01
423872,16,65536,7659.01
423888,16,65536,7659.01
423904,16,65536,7659.01
423920,16,65536,7659.01
423936,16,65536,7659.01
423952,16,65536,7659.01
423968,16,65536,7659.01
423984,16,65536,7659.01
424000,16,65536,7659.01
424016,16,65536,7659.01
424032,16,65536,7659.01
424048,16,65536,7659.01
424064,16,65536,7659.01
424080,16,65536,7659.01
424096,16,65536,7659.01
424112,16,65536,7659.01
424128,16,65536,7659.01
424144,16,65536,7659.01
424160,16,65536,7659.01
424176,16,65536,7659.01
424192,16,65536,7659.01
424208,16,65536,7659.01
424224,16,65536,7659.01
424240,16,65536,7659.01
424256,16,65536,7659.01
424272,16,65536,7659.01
424288,16,65536,7659.01
424304,16,65536,7659.01
424320,16,65536,7659.01
424336,16,65536,7659.01
424352,16,65536,7659.01
424368,16,65536,7659.01
424384,16,65536,7659.01
424400,16,65536,7659.01
424416,16,65536,7659.01
424432,16,65536,7659.01
424448,16,65536,7659.01
424464,16,65536,7659.01
424480,16,65536,7659.01
424496,16,65536,7659.01
424512,16,65536,7659.01
424528,16,65536,7659.01
424544,16,65536,7659.01
424560,16,65536,7659.01
424576,16,65536,7659.01
424592,16,65536,7659.01
424608,16,65536,7659.01
424624,16,65536,7659.01
424640,16,65536,7659.01
424656,16,65536,7659.01
424672,16,65536,7659.01
424688,16,65536,7659.01
424704,16,65536,7659.01
424720,16,65536,7659.01
424736,16,65536,7659.01
424752,16,65536,7659.01
424768,16,65536,7659.01
424784,16,65536,7659.01
424800,16,65536,7659.01
424816,16,65536,7659.01
424832,16,65536,7659.01
424848,16,65536,7659.01
424864,16,65536,7659.01
424880,16,65536,7659.01
424896,16,65536,7659.01
424912,16,65536,7659.01
424928,16,65536,7659.01
424944,16,65536,7659.01
424960,16,65536,7659.01
424976,16,65536,7659.01
424992,16,65536,7659.01
425008,16,65536,7659.01
425024,16,65536,7659.01
425040,16,65536,7659.01
425056,16,65536,7659.01
425072,16,65536,7659.01
425088,16,65536,7659.01
425104,16,65536,7659.01
425120,16,65536,7659.01
425136,16,65536,7659.01
425152,16,65536,7659.01
425168,16,65536,7659.01
425184,16,65536,7659.01
425200,16,65536,7659.01
425216,16,65536,7659.01
425232,16,65536,7659.01
425248,16,65536,7659.01
425264,16,65536,7659.01
425280,16,65536,7659.01
425296,16,65536,7659.01
425312,16,65536,7659.01
425328,16,65536,7659.01
425344,16,65536,7659.01
425360,16,65536,7659.01
425376,16,65536,7659.01
425392,16,65536,7659.01
425408,16,65536,7659.01
425424,16,65536,7659.01
425440,16,65536,7659.01
425456,16,65536,7659.01
425472,16,65536,7659.01
425488,16,65536,7659.01
425504,16,65536,7659.01
425520,16,65536,7659.01
425536,16,65536,7659.01
425552,16,65536,7659.01
425568,16,65536,7659.01
425584,16,65536,7659.01
425600,16,65536,7659.01
425616,16,65536,7659.01
425632,16,65536,7659.01
425648,16,65536,7659.01
425664,16,65536,7659.01
425680,16,65536,7659.01
425696,16,65536,7659.01
425712,16,65536,7659.01
425728,16,65536,7659.01
425744,16,65536,7659.01
425760,16,65536,7659.01
425776,16,65536,7659.01
425792,16,65536,7659.01
425808,16,65536,7659.01
425824,16,65536,7659.01
425840,16,65536,7659.01
425856,16,65536,7659.01
425872,16,65536,7659.01
425888,16,65536,7659.01
425904,16,65536,7659.01
425920,16,65536,7659.01
425936,16,65536,7659.01
425952,16,65536,7659.01
425968,16,65536,7659.01
425984,16,65536,7659.01
426000,16,65536,7659.01
426016,16,65536,7659.01
426032,16,65536,7659.01
426048,16,65536,7659.01
426064,16,65536,7659.01
426080,16,65536,7659.01
426096,16,65536,7659.01
426112,16,65536,7659.01
426128,16,65536,7659.01
426144,16,65536,7659.01
426160,16,65536,7659.01
426176,16,65536,7659.01
426192,16,65536,7659.01
426208,16,65536,7659.01
426224,16,65536,7659.01
426240,16,65536,7659.01
426256,16,65536,7659.01
426272,16,65536,7659.01
426288,16,65536,7659.01
426304,16,65536,7659.01
426320,16,65536,7659.01
426336,16,65536,7659.01
426352,16,65536,7659.01
426368,16,65536,7659.01
426384,16,65536,7659.01
426400,16,65536,7659.01
426416,16,65536,7659.01
426432,16,65536,7659.01
426448,16,65536,7659.01
426464,16,65536,7659.01
426480,16,65536,7659.01
426496,16,65536,7659.01
426512,16,65536,7659.01
426528,16,65536,7659.01
426544,16,65536,7659.01
426560,16,65536,7659.01
426576,16,65536,7659.01
426592,16,65536,7659.01
426608,16,65536,7659.01
426624,16,65536,7659.01
426640,16,65536,7659.01
426656,16,65536,7659.01
426672,16,65536,7659.01
426688,16,65536,7659.01
426704,16,65536,7659.01
426720,16,65536,7659.01
426736,16,65536,7659.01
426752,16,65536,7659.01
426768,16,65536,7659.01
426784,16,65536,7659.01
426800,16,65536,7659.01
426816,16,65536,7659.01
426832,16,65536,7659.01
426848,16,65536,7659.01
426864,16,65536,7659.01
426880,16,65536,7659.01
426896,16,65536,7659.01
426912,16,65536,7659.01
426928,16,65536,7659.01
426944,16,65536,7659.01
426960,16,65536,7659.01
426976,16,65536,7659.01
426992,16,65536,7659.01
427008,16,65536,7659.01
427024,16,65536,7659.01
427040,16,65536,7659.01
427056,16,65536,7659.01
427072,16,65536,7659.01
427088,16,65536,7659.01
427104,16,65536,7659.01
427120,16,65536,7659.01
427136,16,65536,7659.01
427152,16,65536,7659.01
427168,16,65536,7659.01
427184,16,65536,7659.01
427200,16,65536,7659.01
427216,16,65536,7659.01
427232,16,65536,7659.01
427248,16,65536,7659.01
427264,16,65536,7659.01
427280,16,65536,7659.01
427296,16,65536,7659.01
427312,16,65536,7659.01
427328,16,65536,7659.01
427344,16,65536,7659.01
427360,16,65536,7659.01
427376,16,65536,7659.01
427392,16,65536,7659.01
427408,16,65536,7659.01
427424,16,65536,7659.01
427440,16,65536,7659.01
427456,16,65536,7659.01
427472,16,65536,7659.01
427488,16,65536,7659.01
427504,16,65536,7659.01
427520,16,65536,7659.01
427536,16,65536,7659.01
427552,16,65536,7659.01
427568,16,65536,7659.01
427584,16,65536,7659.01
427600,16,65536,7659.01
427616,16,65536,7659.01
427632,16,65536,7659.01
427648,16,65536,7659.01
427664,16,65536,7659.01
427680,16,65536,7659.01
427696,16,65536,7659.01
427712,16,65536,7659.01
427728,16,65536,7659.01
427744,16,65536,7659.01
427760,16,65536,7659.01
427776,16,65536,7659.01
427792,16,65536,7659.01
427808,16,65536,7659.01
427824,16,65536,7659.01
427840,16,65536,7659.01
427856,16,65536,7659.01
427872,16,65536,7659.01
427888,16,65536,7659.01
427904,16,65536,7659.01
427920,16,65536,7659.01
427936,16,65536,7659.01
427952,16,65536,7659.01
427968,16,65536,7659.01
427984,16,65536,7659.01
428000,16,65536,7659.01
428016,16,65536,7659.01
428032,16,65536,7659.01
428048,16,65536,7659.01
428064,16,65536,7659.01
428080,16,65536,7659.01
428096,16,65536,7659.01
428112,16,65536,7659.01
428128,16,65536,7659.01
428144,16,65536,7659.01
428160,16,65536,7659.01
428176,16,65536,7659.01
428192,16,65536,7659.01
428208,16,65536,7659.01
428224,16,65536,7659.01
428240,16,65536,7659.01
428256,16,65536,7659.01
428272,16,65536,7659.01
428288,16,65536,7659.01
428304,16,65536,7659.01
428320,16,65536,7659.01
428336,16,65536,7659.01
428352,16,65536,7659.01
428368,16,65536,7659.01
428384,16,65536,7659.01
428400,16,65536,7659.01
428416,16,65536,7659.01
428432,16,65536,7659.01
428448,16,65536,7659.01
428464,16,65536,7659.01
428480,16,65536,7659.01
428496,16,65536,7659.01
428512,16,65536,7659.01
428528,16,65536,7659.01
428544,16,65536,7659.01
428560,16,65536,7659.01
428576,16,65536,7659.01
428592,16,65536,7659.01
428608,16,65536,7659.01
428624,16,65536,7659.01
428640,16,65536,7659.01
428656,16,65536,7659.01
428672,16,65536,7659.01
428688,16,65536,7659.01
428704,16,65536,7659.01
428720,16,65536,7659.01
428736,16,65536,7659.01
428752,16,65536,7659.01
428768,16,65536,7659.01
428784,16,65536,7659.01
428800,16,65536,7659.01
428816,16,65536,7659.01
428832,16,65536,7659.01
428848,16,65536,7659.01
428864,16,65536,7659.01
428880,16,65536,7659.01
428896,16,65536,7659.01
428912,16,65536,7659.01
428928,16,65536,7659.01
428944,16,65536,7659.01
428960,16,65536,7659.01
428976,16,65536,7659.01
428992,16,65536,7659.01
429008,16,65536,7659.01
429024,16,65536,7659.01
429040,16,65536,7659.01
429056,16,65536,7659.01
429072,16,65536,7659.01
429088,16,65536,7659.01
429104,16,65536,7659.01
429120,16,65536,7659.01
429136,16,65536,7659.01
429152,16,65536,7659.01
429168,16,65536,7659.01
429184,16,65536,7659.01
429200,16,65536,7659.01
429216,16,65536,7659.01
429232,16,65536,7659.01
429248,16,65536,7659.01
429264,16,65536,7659.01
429280,16,65536,7659.01
429296,16,65536,7659.01
429312,16,65536,7659.01
429328,16,65536,7659.01
429344,16,65536,7659.01
429360,16,65536,7659.01
429376,16,65536,7659.01
429392,16,65536,7659.01
429408,16,65536,7659.01
429424,16,65536,7659.01
429440,16,65536,7659.01
429456,16,65536,7659.01
429472,16,65536,7659.01
429488,16,65536,7659.01
429504,16,65536,7659.01
429520,16,65536,7659.01
429536,16,65536,7659.01
429552,16,65536,7659.01
429568,16,65536,7659.01
429584,16,65536,7659.01
429600,16,65536,7659.01
429616,16,65536,7659.01
429632,16,65536,7659.01
429648,16,65536,7659.01
429664,16,65536,7659.01
429680,16,65536,7659.01
429696,16,65536,7659.01
429712,16,65536,7659.01
429728,16,65536,7659.01
429744,16,65536,7659.01
429760,16,65536,7659.01
429776,16,65536,7659.01
429792,16,65536,7659.01
429808,16,65536,7659.01
429824,16,65536,7659.01
429840,16,65536,7659.01
429856,16,65536,7659.01
429872,16,65536,7659.01
429888,16,65536,7659.01
429904,16,65536,7659.01
429920,16,65536,7659.01
429936,16,65536,7659.01
429952,16,65536,7659.01
429968,16,65536,7659.01
429984,16,65536,7659.01
430000,16,65536,7659.01
430016,16,65536,7659.01
430032,16,65536,7659.01
430048,16,65536,7659.01
430064,16,65536,7659.01
430080,16,65536,7659.01
430096,16,65536,7659.01
430112,16,65536,7659.01
430128,16,65536,7659.01
430144,16,65536,7659.01
430160,16,65536,7659.01
430176,16,65536,7659.01
430192,16,65536,7659.01
430208,16,65536,7659.01
430224,16,65536,7659.01
430240,16,65536,7659.01
430256,16,65536,7659.01
430272,16,65536,7659.01
430288,16,65536,7659.01
430304,16,65536,7659.01
430320,16,65536,7659.01
430336,16,65536,7659.01
430352,16,65536,7659.01
430368,16,65536,7659.01
430384,16,65536,7659.01
430400,16,65536,7659.01
430416,16,65536,7659.01
430432,16,65536,7659.01
430448,16,65536,7659.01
430464,16,65536,7659.01
430480,16,65536,7659.01
430496,16,65536,7659.01
430512,16,65536,7659.01
430528,16,65536,7659.01
430544,16,65536,7659.01
430560,16,65536,7659.01
430576,16,65536,7659.01
430592,16,65536,7659.01
430608,16,65536,7659.01
430624,16,65536,7659.01
430640,16,65536,7659.01
430656,16,65536,7659.01
430672,16,65536,7659.01
430688,16,65536,7659.01
430704,16,65536,7659.01
430720,16,65536,7659.01
430736,16,65536,7659.01
430752,16,65536,7659.01
430768,16,65536,7659.01
430784,16,65536,7659.01
430800,16,65536,7659.01
430816,16,65536,7659.01
430832,16,65536,7659.01
430848,16,65536,7659.01
430864,16,65536,7659.01
430880,16,65536,7659.01
430896,16,65536,7659.01
430912,16,65536,7659.01
430928,16,65536,7659.01
430944,16,65536,7659.01
430960,16,65536,7659.01
430976,16,65536,7659.01
430992,16,65536,7659.01
431008,16,65536,7659.01
431024,16,65536,7659.01
431040,16,65536,7659.01
431056,16,65536,7659.01
431072,16,65536,7659.01
431088,16,65536,7659.01
431104,16,65536,7659.01
431120,16,65536,7659.01
431136,16,65536,7659.01
431152,16,65536,7659.01
431168,16,65536,7659.01
431184,16,65536,7659.01
431200,16,65536,7659.01
431216,16,65536,7659.01
431232,16,65536,7659.01
431248,16,65536,7659.01
431264,16,65536,7659.01
431280,16,65536,7659.01
431296,16,65536,7659.01
431312,16,65536,7659.01
431328,16,65536,7659.01
431344,16,65536,7659.01
431360,16,65536,7659.01
431376,16,65536,7659.01
431392,16,65536,7659.01
431408,16,65536,7659.01
431424,16,65536,7659.01
431440,16,65536,7659.01
431456,16,65536,7659.01
431472,16,65536,7659.01
431488,16,65536,7659.01
431504,16,65536,7659.01
431520,16,65536,7659.01
431536,16,65536,7659.01
431552,16,65536,7659.01
431568,16,65536,7659.01
431584,16,65536,7659.01
431600,16,65536,7659.01
431616,16,65536,7659.01
431632,16,65536,7659.01
431648,16,65536,7659.01
431664,16,65536,7659.01
431680,16,65536,7659.01
431696,16,65536,7659.01
431712,16,65536,7659.01
431728,16,65536,7659.01
431744,16,65536,7659.01
431760,16,65536,7659.01
431776,16,65536,7659.01
431792,16,65536,7659.01
431808,16,65536,7659.01
431824,16,65536,7659.01
431840,16,65536,7659.01
431856,16,65536,7659.01
431872,16,65536,7659.01
431888,16,65536,7659.01
431904,16,65536,7659.01
431920,16,65536,7659.01
431936,16,65536,7659.01
431952,16,65536,7659.01
431968,16,65536,7659.01
431984,16,65536,7659.01
432000,16,65536,7659.01
432016,16,65536,7659.01
432032,16,65536,7659.01
432048,16,65536,7659.01
432064,16,65536,7659.01
432080,16,65536,7659.01
432096,16,65536,7659.01
432112,16,65536,7659.01
432128,16,65536,7659.01
432144,16,65536,7659.01
432160,16,65536,7659.01
432176,16,65536,7659.01
432192,16,65536,7659.01
432208,16,65536,7659.01
432224,16,65536,7659.01
432240,16,65536,7659.01
432256,16,65536,7659.01
432272,16,65536,7659.01
432288,16,65536,7659.01
432304,16,65536,7659.01
432320,16,65536,7659.01
432336,16,65536,7659.01
432352,16,65536,7659.01
432368,16,65536,7659.01
432384,16,65536,7659.01
432400,16,65536,7659.01
432416,16,65536,7659.01
432432,16,65536,7659.01
432448,16,65536,7659.01
432464,16,65536,7659.01
432480,16,65536,7659.01
432496,16,65536,7659.01
432512,16,65536,7659.01
432528,16,65536,7659.01
432544,16,65536,7659.01
432560,16,65536,7659.01
432576,16,65536,7659.01
432592,16,65536,7659.01
432608,16,65536,7659.01
432624,16,65536,7659.01
432640,16,65536,7659.01
432656,16,65536,7659.01
432672,16,65536,7659.01
432688,16,65536,7659.01
432704,16,65536,7659.01
432720,16,65536,7659.01
432736,16,65536,7659.01
432752,16,65536,7659.01
432768,16,65536,7659.01
432784,16,65536,7659.01
432800,16,65536,7659.01
432816,16,65536,7659.01
432832,16,65536,7659.01
432848,16,65536,7659.01
432864,16,65536,7659.01
432880,16,65536,7659.01
432896,16,65536,7659.01
432912,16,65536,7659.01
432928,16,65536,7659.01
432944,16,65536,7659.01
432960,16,65536,7659.01
432976,16,65536,7659.01
432992,16,65536,7659.01
433008,16,65536,7659.01
433024,16,65536,7659.01
433040,16,65536,7659.01
433056,16,65536,7659.01
433072,16,65536,7659.01
433088,16,65536,7659.01
433104,16,65536,7659.01
433120,16,65536,7659.01
433136,16,65536,7659.01
433152,16,65536,7659.01
433168,16,65536,7659.01
433184,16,65536,7659.01
433200,16,65536,7659.01
433216,16,65536,7659.01
433232,16,65536,7659.01
433248,16,65536,7659.01
433264,16,65536,7659.01
433280,16,65536,7659.01
433296,16,65536,7659.01
433312,16,65536,7659.01
433328,16,65536,7659.01
433344,16,65536,7659.01
433360,16,65536,7659.01
433376,16,65536,7659.01
433392,16,65536,7659.01
433408,16,65536,7659.01
433424,16,65536,7659.01
433440,16,65536,7659.01
433456,16,65536,7659.01
433472,16,65536,7659.01
433488,16,65536,7659.01
433504,16,65536,7659.01
433520,16,65536,7659.01
433536,16,65536,7659.01
433552,16,65536,7659.01
433568,16,65536,7659.01
433584,16,65536,7659.01
433600,16,65536,7659.01
433616,16,65536,7659.01
433632,16,65536,7659.01
433648,16,65536,7659.01
433664,16,65536,7659.01
433680,16,65536,7659.01
433696,16,65536,7659.01
433712,16,65536,7659.01
433728,16,65536,7659.01
433744,16,65536,7659.01
433760,16,65536,7659.01
433776,16,65536,7659.01
433792,16,65536,7659.01
433808,16,65536,7659.01
433824,16,65536,7659.01
433840,16,65536,7659.01
433856,16,65536,7659.01
433872,16,65536,7659.01
433888,16,65536,7659.01
433904,16,65536,7659.01
433920,16,65536,7659.01
433936,16,65536,7659.01
433952,16,65536,7659.01
433968,16,65536,7659.01
433984,16,65536,7659.01
434000,16,65536,7659.01
434016,16,65536,7659.01
434032,16,65536,7659.01
434048,16,65536,7659.01
434064,16,65536,7659.01
434080,16,65536,7659.01
434096,16,65536,7659.01
434112,16,65536,7659.01
434128,16,65536,7659.01
434144,16,65536,7659.01
434160,16,65536,7659.01
434176,16,65536,7659.01
434192,16,65536,7659.01
434208,16,65536,7659.01
434224,16,65536,7659.01
434240,16,65536,7659.01
434256,16,65536,7659.01
434272,16,65536,7659.01
434288,16,65536,7659.01
434304,16,65536,7659.01
434320,16,65536,7659.01
434336,16,65536,7659.01
434352,16,65536,7659.01
434368,16,65536,7659.01
434384,16,65536,7659.01
434400,16,65536,7659.01
434416,16,65536,7659.01
434432,16,65536,7659.01
434448,16,65536,7659.01
434464,16,65536,7659.01
434480,16,65536,7659.01
434496,16,65536,7659.01
434512,16,65536,7659.01
434528,16,65536,7659.01
434544,16,65536,7659.01
434560,16,65536,7659.01
434576,16,65536,7659.01
434592,16,65536,7659.01
434608,16,65536,7659.01
434624,16,65536,7659.01
434640,16,65536,7659.01
434656,16,65536,7659.01
434672,16,65536,7659.01
434688,16,65536,7659.01
434704,16,65536,7659.01
434720,16,65536,7659.01
434736,16,65536,7659.01
434752,16,65536,7659.01
434768,16,65536,7659.01
434784,16,65536,7659.01
434800,16,65536,7659.01
434816,16,65536,7659.01
434832,16,65536,7659.01
434848,16,65536,7659.01
434864,16,65536,7659.01
434880,16,65536,7659.01
434896,16,65536,7659.01
434912,16,65536,7659.01
434928,16,65536,7659.01
434944,16,65536,7659.01
434960,16,65536,7659.01
434976,16,65536,7659.01
434992,16,65536,7659.01
435008,16,65536,7659.01
435024,16,65536,7659.01
435040,16,65536,7659.01
435056,16,65536,7659.01
435072,16,65536,7659.01
435088,16,65536,7659.01
435104,16,65536,7659.01
435120,16,65536,7659.01
435136,16,65536,7659.01
435152,16,65536,7659.01
435168,16,65536,7659.01
435184,16,65536,7659.01
435200,16,65536,7659.01
435216,16,65536,7659.01
435232,16,65536,7659.01
435248,16,65536,7659.01
435264,16,65536,7659.01
435280,16,65536,7659.01
435296,16,65536,7659.01
435312,16,65536,7659.01
435328,16,65536,7659.01
435344,16,65536,7659.01
435360,16,65536,7659.01
435376,16,65536,7659.01
435392,16,65536,7659.01
435408,16,65536,7659.01
435424,16,65536,7659.01
435440,16,65536,7659.01
435456,16,65536,7659.01
435472,16,65536,7659.01
435488,16,65536,7659.01
435504,16,65536,7659.01
435520,16,65536,7659.01
435536,16,65536,7659.01
435552,16,65536,7659.01
435568,16,65536,7659.01
435584,16,65536,7659.01
435600,16,65536,7659.01
435616,16,65536,7659.01
435632,16,65536,7659.01
435648,16,65536,7659.01
435664,16,65536,7659.01
435680,16,65536,7659.01
435696,16,65536,7659.01
435712,16,65536,7659.01
435728,16,65536,7659.01
435744,16,65536,7659.01
435760,16,65536,7659.01
435776,16,65536,7659.01
435792,16,65536,7659.01
435808,16,65536,7659.01
435824,16,65536,7659.01
435840,16,65536,7659.01
435856,16,65536,7659.01
435872,16,65536,7659.01
435888,16,65536,7659.01
435904,16,65536,7659.01
435920,16,65536,7659.01
435936,16,65536,7659.01
435952,16,65536,7659.01
435968,16,65536,7659.01
435984,16,65536,7659.01
436000,16,65536,7659.01
436016,16,65536,7659.01
436032,16,65536,7659.01
436048,16,65536,7659.01
436064,16,65536,7659.01
436080,16,65536,7659.01
436096,16,65536,7659.01
436112,16,65536,7659.01
436128,16,65536,7659.01
436144,16,65536,7659.01
436160,16,65536,7659.01
436176,16,65536,7659.01
436192,16,65536,7659.01
436208,16,65536,7659.01
436224,16,65536,7659.01
436240,16,65536,7659.01
436256,16,65536,7659.01
436272,16,65536,7659.01
436288,16,65536,7659.01
436304,16,65536,7659.01
436320,16,65536,7659.01
436336,16,65536,7659.01
436352,16,65536,7659.01
436368,16,65536,7659.01
436384,16,65536,7659.01
436400,16,65536,7659.01
436416,16,65536,7659.01
436432,16,65536,7659.01
436448,16,65536,7659.01
436464,16,65536,7659.01
436480,16,65536,7659.01
436496,16,65536,7659.01
436512,16,65536,7659.01
436528,16,65536,7659.01
436544,16,65536,7659.01
436560,16,65536,7659.01
436576,16,65536,7659.01
436592,16,65536,7659.01
436608,16,65536,7659.01
436624,16,65536,7659.01
436640,16,65536,7659.01
436656,16,65536,7659.01
436672,16,65536,7659.01
436688,16,65536,7659.01
436704,16,65536,7659.01
436720,16,65536,7659.01
436736,16,65536,7659.01
436752,16,65536,7659.01
436768,16,65536,7659.01
436784,16,65536,7659.01
436800,16,65536,7659.01
436816,16,65536,7659.01
436832,16,65536,7659.01
436848,16,65536,7659.01
436864,16,65536,7659.01
436880,16,65536,7659.01
436896,16,65536,7659.01
436912,16,65536,7659.01
436928,16,65536,7659.01
436944,16,65536,7659.01
436960,16,65536,7659.01
436976,16,65536,7659.01
436992,16,65536,7659.01
437008,16,65536,7659.01
437024,16,65536,7659.01
437040,16,65536,7659.01
437056,16,65536,7659.01
437072,16,65536,7659.01
437088,16,65536,7659.01
437104,16,65536,7659.01
437120,16,65536,7659.01
437136,16,65536,7659.01
437152,16,65536,7659.01
437168,16,65536,7659.01
437184,16,65536,7659.01
437200,16,65536,7659.01
437216,16,65536,7659.01
437232,16,65536,7659.01
437248,16,65536,7659.01
437264,16,65536,7659.01
437280,16,65536,7659.01
437296,16,65536,7659.01
437312,16,65536,7659.01
437328,16,65536,7659.01
437344,16,65536,7659.01
437360,16,65536,7659.01
437376,16,65536,7659.01
437392,16,65536,7659.01
437408,16,65536,7659.01
437424,16,65536,7659.01
437440,16,65536,7659.01
437456,16,65536,7659.01
437472,16,65536,7659.01
437488,16,65536,7659.01
437504,16,65536,7659.01
437520,16,65536,7659.01
437536,16,65536,7659.01
437552,16,65536,7659.01
437568,16,65536,7659.01
437584,16,65536,7659.01
437600,16,65536,7659.01
437616,16,65536,7659.01
437632,16,65536,7659.01
437648,16,65536,7659.01
437664,16,65536,7659.01
437680,16,65536,7659.01
437696,16,65536,7659.01
437712,16,65536,7659.01
437728,16,65536,7659.01
437744,16,65536,7659.01
437760,16,65536,7659.01
437776,16,65536,7659.01
437792,16,65536,7659.01
437808,16,65536,7659.01
437824,16,65536,7659.01
437840,16,65536,7659.01
437856,16,65536,7659.01
437872,16,65536,7659.01
437888,16,65536,7659.01
437904,16,65536,7659.01
437920,16,65536,7659.01
437936,16,65536,7659.01
437952,16,65536,7659.01
437968,16,65536,7659.01
437984,16,65536,7659.01
438000,16,65536,7659.01
438016,16,65536,7659.01
438032,16,65536,7659.01
438048,16,65536,7659.01
438064,16,65536,7659.01
438080,16,65536,7659.01
438096,16,65536,7659.01
438112,16,65536,7659.01
438128,16,65536,7659.01
438144,16,65536,7659.01
438160,16,65536,7659.01
438176,16,65536,7659.01
438192,16,65536,7659.01
438208,16,65536,7659.01
438224,16,65536,7659.01
438240,16,65536,7659.01
438256,16,65536,7659.01
438272,16,65536,7659.01
438288,16,65536,7659.01
438304,16,65536,7659.01
438320,16,65536,7659.01
438336,16,65536,7659.01
438352,16,65536,7659.01
438368,16,65536,7659.01
438384,16,65536,7659.01
438400,16,65536,7659.01
438416,16,65536,7659.01
438432,16,65536,7659.01
438448,16,65536,7659.01
438464,16,65536,7659.01
438480,16,65536,7659.01
438496,16,65536,7659.01
438512,16,65536,7659.01
438528,16,65536,7659.01
438544,16,65536,7659.01
438560,16,65536,7659.01
438576,16,65536,7659.01
438592,16,65536,7659.01
438608,16,65536,7659.01
438624,16,65536,7659.01
438640,16,65536,7659.01
438656,16,65536,7659.01
438672,16,65536,7659.01
438688,16,65536,7659.01
438704,16,65536,7659.01
438720,16,65536,7659.01
438736,16,65536,7659.01
438752,16,65536,7659.01
438768,16,65536,7659.01
438784,16,65536,7659.01
438800,16,65536,7659.01
438816,16,65536,7659.01
438832,16,65536,7659.01
438848,16,65536,7659.01
438864,16,65536,7659.01
438880,16,65536,7659.01
438896,16,65536,7659.01
438912,16,65536,7659.01
438928,16,65536,7659.01
438944,16,65536,7659.01
438960,16,65536,7659.01
438976,16,65536,7659.01
438992,16,65536,7659.01
439008,16,65536,7659.01
439024,16,65536,7659.01
439040,16,65536,7659.01
439056,16,65536,7659.01
439072,16,65536,7659.01
439088,16,65536,7659.01
439104,16,65536,7659.01
439120,16,65536,7659.01
439136,16,65536,7659.01
439152,16,65536,7659.01
439168,16,65536,7659.01
439184,16,65536,7659.01
439200,16,65536,7659.01
439216,16,65536,7659.01
439232,16,65536,7659.01
439248,16,65536,7659.01
439264,16,65536,7659.01
439280,16,65536,7659.01
439296,16,65536,7659.01
439312,16,65536,7659.01
439328,16,65536,7659.01
439344,16,65536,7659.01
439360,16,65536,7659.01
439376,16,65536,7659.01
439392,16,65536,7659.01
439408,16,65536,7659.01
439424,16,65536,7659.01
439440,16,65536,7659.01
439456,16,65536,7659.01
439472,16,65536,7659.01
439488,16,65536,7659.01
439504,16,65536,7659.01
439520,16,65536,7659.01
439536,16,65536,7659.01
439552,16,65536,7659.01
439568,16,65536,7659.01
439584,16,65536,7659.01
439600,16,65536,7659.01
439616,16,65536,7659.01
439632,16,65536,7659.01
439648,16,65536,7659.01
439664,16,65536,7659.01
439680,16,65536,7659.01
439696,16,65536,7659.01
439712,16,65536,7659.01
439728,16,65536,7659.01
439744,16,65536,7659.01
439760,16,65536,7659.01
439776,16,65536,7659.01
439792,16,65536,7659.01
439808,16,65536,7659.01
439824,16,65536,7659.01
439840,16,65536,7659.01
439856,16,65536,7659.01
439872,16,65536,7659.01
439888,16,65536,7659.01
439904,16,65536,7659.01
439920,16,65536,7659.01
439936,16,65536,7659.01
439952,16,65536,7659.01
439968,16,65536,7659.01
439984,16,65536,7659.01
440000,16,65536,7659.01
440016,16,65536,7659.01
440032,16,65536,7659.01
440048,16,65536,7659.01
440064,16,65536,7659.01
440080,16,65536,7659.01
440096,16,65536,7659.01
440112,16,65536,7659.01
440128,16,65536,7659.01
440144,16,65536,7659.01
440160,16,65536,7659.01
440176,16,65536,7659.01
440192,16,65536,7659.01
440208,16,65536,7659.01
440224,16,65536,7659.01
440240,16,65536,7659.01
440256,16,65536,7659.01
440272,16,65536,7659.01
440288,16,65536,7659.01
440304,16,65536,7659.01
440320,16,65536,7659.01
440336,16,65536,7659.01
440352,16,65536,7659.01
440368,16,65536,7659.01
440384,16,65536,7659.01
440400,16,65536,7659.01
440416,16,65536,7659.01
440432,16,65536,7659.01
440448,16,65536,7659.01
440464,16,65536,7659.01
440480,16,65536,7659.01
440496,16,65536,7659.01
440512,16,65536,7659.01
440528,16,65536,7659.01
440544,16,65536,7659.01
440560,16,65536,7659.01
440576,16,65536,7659.01
440592,16,65536,7659.01
440608,16,65536,7659.01
440624,16,65536,7659.01
440640,16,65536,7659.01
440656,16,65536,7659.01
440672,16,65536,7659.01
440688,16,65536,7659.01
440704,16,65536,7659.01
440720,16,65536,7659.01
440736,16,65536,7659.01
440752,16,65536,7659.01
440768,16,65536,7659.01
440784,16,65536,7659.01
440800,16,65536,7659.01
440816,16,65536,7659.01
440832,16,65536,7659.01
440848,16,65536,7659.01
440864,16,65536,7659.01
440880,16,65536,7659.01
440896,16,65536,7659.01
440912,16,65536,7659.01
440928,16,65536,7659.01
440944,16,65536,7659.01
440960,16,65536,7659.01
440976,16,65536,7659.01
440992,16,65536,7659.01
441008,16,65536,7659.01
441024,16,65536,7659.01
441040,16,65536,7659.01
441056,16,65536,7659.01
441072,16,65536,7659.01
441088,16,65536,7659.01
441104,16,65536,7659.01
441120,16,65536,7659.01
441136,16,65536,7659.01
441152,16,65536,7659.01
441168,16,65536,7659.01
441184,16,65536,7659.01
441200,16,65536,7659.01
441216,16,65536,7659.01
441232,16,65536,7659.01
441248,16,65536,7659.01
441264,16,65536,7659.01
441280,16,65536,7659.01
441296,16,65536,7659.01
441312,16,65536,7659.01
441328,16,65536,7659.01
441344,16,65536,7659.01
441360,16,65536,7659.01
441376,16,65536,7659.01
441392,16,65536,7659.01
441408,16,65536,7659.01
441424,16,65536,7659.01
441440,16,65536,7659.01
441456,16,65536,7659.01
441472,16,65536,7659.01
441488,16,65536,7659.01
441504,16,65536,7659.01
441520,16,65536,7659.01
441536,16,65536,7659.01
441552,16,65536,7659.01
441568,16,65536,7659.01
441584,16,65536,7659.01
441600,16,65536,7659.01
441616,16,65536,7659.01
441632,16,65536,7659.01
441648,16,65536,7659.01
441664,16,65536,7659.01
441680,16,65536,7659.01
441696,16,65536,7659.01
441712,16,65536,7659.01
441728,16,65536,7659.01
441744,16,65536,7659.01
441760,16,65536,7659.01
441776,16,65536,7659.01
441792,16,65536,7659.01
441808,16,65536,7659.01
441824,16,65536,7659.01
441840,16,65536,7659.01
441856,16,65536,7659.01
441872,16,65536,7659.01
441888,16,65536,7659.01
441904,16,65536,7659.01
441920,16,65536,7659.01
441936,16,65536,7659.01
441952,16,65536,7659.01
441968,16,65536,7659.01
441984,16,65536,7659.01
442000,16,65536,7659.01
442016,16,65536,7659.01
442032,16,65536,7659.01
442048,16,65536,7659.01
442064,16,65536,7659.01
442080,16,65536,7659.01
442096,16,65536,7659.01
442112,16,65536,7659.01
442128,16,65536,7659.01
442144,16,65536,7659.01
442160,16,65536,7659.01
442176,16,65536,7659.01
442192,16,65536,7659.01
442208,16,65536,7659.01
442224,16,65536,7659.01
442240,16,65536,7659.01
442256,16,65536,7659.01
442272,16,65536,7659.01
442288,16,65536,7659.01
442304,16,65536,7659.01
442320,16,65536,7659.01
442336,16,65536,7659.01
442352,16,65536,7659.01
442368,16,65536,7659.01
442384,16,65536,7659.01
442400,16,65536,7659.01
442416,16,65536,7659.01
442432,16,65536,7659.01
442448,16,65536,7659.01
442464,16,65536,7659.01
442480,16,65536,7659.01
442496,16,65536,7659.01
442512,16,65536,7659.01
442528,16,65536,7659.01
442544,16,65536,7659.01
442560,16,65536,7659.01
442576,16,65536,7659.01
442592,16,65536,7659.01
442608,16,65536,7659.01
442624,16,65536,7659.01
442640,16,65536,7659.01
442656,16,65536,7659.01
442672,16,65536,7659.01
442688,16,65536,7659.01
442704,16,65536,7659.01
442720,16,65536,7659.01
442736,16,65536,7659.01
442752,16,65536,7659.01
442768,16,65536,7659.01
442784,16,65536,7659.01
442800,16,65536,7659.01
442816,16,65536,7659.01
442832,16,65536,7659.01
442848,16,65536,7659.01
442864,16,65536,7659.01
442880,16,65536,7659.01
442896,16,65536,7659.01
442912,16,65536,7659.01
442928,16,65536,7659.01
442944,16,65536,7659.01
442960,16,65536,7659.01
442976,16,65536,7659.01
442992,16,65536,7659.01
443008,16,65536,7659.01
443024,16,65536,7659.01
443040,16,65536,7659.01
443056,16,65536,7659.01
443072,16,65536,7659.01
443088,16,65536,7659.01
443104,16,65536,7659.01
443120,16,65536,7659.01
443136,16,65536,7659.01
443152,16,65536,7659.01
443168,16,65536,7659.01
443184,16,65536,7659.01
443200,16,65536,7659.01
443216,16,65536,7659.01
443232,16,65536,7659.01
443248,16,65536,7659.01
443264,16,65536,7659.01
443280,16,65536,7659.01
443296,16,65536,7659.01
443312,16,65536,7659.01
443328,16,65536,7659.01
443344,16,65536,7659.01
443360,16,65536,7659.01
443376,16,65536,7659.01
443392,16,65536,7659.01
443408,16,65536,7659.01
443424,16,65536,7659.01
443440,16,65536,7659.01
443456,16,65536,7659.01
443472,16,65536,7659.01
443488,16,65536,7659.01
443504,16,65536,7659.01
443520,16,65536,7659.01
443536,16,65536,7659.01
443552,16,65536,7659.01
443568,16,65536,7659.01
443584,16,65536,7659.01
443600,16,65536,7659.01
443616,16,65536,7659.01
443632,16,65536,7659.01
443648,16,65536,7659.01
443664,16,65536,7659.01
443680,16,65536,7659.01
443696,16,65536,7659.01
443712,16,65536,7659.01
443728,16,65536,7659.01
443744,16,65536,7659.01
443760,16,65536,7659.01
443776,16,65536,7659.01
443792,16,65536,7659.01
443808,16,65536,7659.01
443824,16,65536,7659.01
443840,16,65536,7659.01
443856,16,65536,7659.01
443872,16,65536,7659.01
443888,16,65536,7659.01
443904,16,65536,7659.01
443920,16,65536,7659.01
443936,16,65536,7659.01
443952,16,65536,7659.01
443968,16,65536,7659.01
443984,16,65536,7659.01
444000,16,65536,7659.01
444016,16,65536,7659.01
444032,16,65536,7659.01
444048,16,65536,7659.01
444064,16,65536,7659.01
444080,16,65536,7659.01
444096,16,65536,7659.01
444112,16,65536,7659.01
444128,16,65536,7659.01
444144,16,65536,7659.01
444160,16,65536,7659.01
444176,16,65536,7659.01
444192,16,65536,7659.01
444208,16,65536,7659.01
444224,16,65536,7659.01
444240,16,65536,7659.01
444256,16,65536,7659.01
444272,16,65536,7659.01
444288,16,65536,7659.01
444304,16,65536,7659.01
444320,16,65536,7659.01
444336,16,65536,7659.01
444352,16,65536,7659.01
444368,16,65536,7659.01
444384,16,65536,7659.01
444400,16,65536,7659.01
444416,16,65536,7659.01
444432,16,65536,7659.01
444448,16,65536,7659.01
444464,16,65536,7659.01
444480,16,65536,7659.01
444496,16,65536,7659.01
444512,16,65536,7659.01
444528,16,65536,7659.01
444544,16,65536,7659.01
444560,16,65536,7659.01
444576,16,65536,7659.01
444592,16,65536,7659.01
444608,16,65536,7659.01
444624,16,65536,7659.01
444640,16,65536,7659.01
444656,16,65536,7659.01
444672,16,65536,7659.01
444688,16,65536,7659.01
444704,16,65536,7659.01
444720,16,65536,7659.01
444736,16,65536,7659.01
444752,16,65536,7659.01
444768,16,65536,7659.01
444784,16,65536,7659.01
444800,16,65536,7659.01
444816,16,65536,7659.01
444832,16,65536,7659.01
444848,16,65536,7659.01
444864,16,65536,7659.01
444880,16,65536,7659.01
444896,16,65536,7659.01
444912,16,65536,7659.01
444928,16,65536,7659.01
444944,16,65536,7659.01
444960,16,65536,7659.01
444976,16,65536,7659.01
444992,16,65536,7659.01
445008,16,65536,7659.01
445024,16,65536,7659.01
445040,16,65536,7659.01
445056,16,65536,7659.01
445072,16,65536,7659.01
445088,16,65536,7659.01
445104,16,65536,7659.01
445120,16,65536,7659.01
445136,16,65536,7659.01
445152,16,65536,7659.01
445168,16,65536,7659.01
445184,16,65536,7659.01
445200,16,65536,7659.01
445216,16,65536,7659.01
445232,16,65536,7659.01
445248,16,65536,7659.01
445264,16,65536,7659.01
445280,16,65536,7659.01
445296,16,65536,7659.01
445312,16,65536,7659.01
445328,16,65536,7659.01
445344,16,65536,7659.01
445360,16,65536,7659.01
445376,16,65536,7659.01
445392,16,65536,7659.01
445408,16,65536,7659.01
445424,16,65536,7659.01
445440,16,65536,7659.01
445456,16,65536,7659.01
445472,16,65536,7659.01
445488,16,65536,7659.01
445504,16,65536,7659.01
445520,16,65536,7659.01
445536,16,65536,7659.01
445552,16,65536,7659.01
445568,16,65536,7659.01
445584,16,65536,7659.01
445600,16,65536,7659.01
445616,16,65536,7659.01
445632,16,65536,7659.01
445648,16,65536,7659.01
445664,16,65536,7659.01
445680,16,65536,7659.01
445696,16,65536,7659.01
445712,16,65536,7659.01
445728,16,65536,7659.01
445744,16,65536,7659.01
445760,16,65536,7659.01
445776,16,65536,7659.01
445792,16,65536,7659.01
445808,16,65536,7659.01
445824,16,65536,7659.01
445840,16,65536,7659.01
445856,16,65536,7659.01
445872,16,65536,7659.01
445888,16,65536,7659.01
445904,16,65536,7659.01
445920,16,65536,7659.01
445936,16,65536,7659.01
445952,16,65536,7659.01
445968,16,65536,7659.01
445984,16,65536,7659.01
446000,16,65536,7659.01
446016,16,65536,7659.01
446032,16,65536,7659.01
446048,16,65536,7659.01
446064,16,65536,7659.01
446080,16,65536,7659.01
446096,16,65536,7659.01
446112,16,65536,7659.01
446128,16,65536,7659.01
446144,16,65536,7659.01
446160,16,65536,7659.01
446176,16,65536,7659.01
446192,16,65536,7659.01
446208,16,65536,7659.01
446224,16,65536,7659.01
446240,16,65536,7659.01
446256,16,65536,7659.01
446272,16,65536,7659.01
446288,16,65536,7659.01
446304,16,65536,7659.01
446320,16,65536,7659.01
446336,16,65536,7659.01
446352,16,65536,7659.01
446368,16,65536,7659.01
446384,16,65536,7659.01
446400,16,65536,7659.01
446416,16,65536,7659.01
446432,16,65536,7659.01
446448,16,65536,7659.01
446464,16,65536,7659.01
446480,16,65536,7659.01
446496,16,65536,7659.01
446512,16,65536,7659.01
446528,16,65536,7659.01
446544,16,65536,7659.01
446560,16,65536,7659.01
446576,16,65536,7659.01
446592,16,65536,7659.01
446608,16,65536,7659.01
446624,16,65536,7659.01
446640,16,65536,7659.01
446656,16,65536,7659.01
446672,16,65536,7659.01
446688,16,65536,7659.01
446704,16,65536,7659.01
446720,16,65536,7659.01
446736,16,65536,7659.01
446752,16,65536,7659.01
446768,16,65536,7659.01
446784,16,65536,7659.01
446800,16,65536,7659.01
446816,16,65536,7659.01
446832,16,65536,7659.01
446848,16,65536,7659.01
446864,16,65536,7659.01
446880,16,65536,7659.01
446896,16,65536,7659.01
446912,16,65536,7659.01
446928,16,65536,7659.01
446944,16,65536,7659.01
446960,16,65536,7659.01
446976,16,65536,7659.01
446992,16,65536,7659.01
447008,16,65536,7659.01
447024,16,65536,7659.01
447040,16,65536,7659.01
447056,16,65536,7659.01
447072,16,65536,7659.01
447088,16,65536,7659.01
447104,16,65536,7659.01
447120,16,65536,7659.01
447136,16,65536,7659.01
447152,16,65536,7659.01
447168,16,65536,7659.01
447184,16,65536,7659.01
447200,16,65536,7659.01
447216,16,65536,7659.01
447232,16,65536,7659.01
447248,16,65536,7659.01
447264,16,65536,7659.01
447280,16,65536,7659.01
447296,16,65536,7659.01
447312,16,65536,7659.01
447328,16,65536,7659.01
447344,16,65536,7659.01
447360,16,65536,7659.01
447376,16,65536,7659.01
447392,16,65536,7659.01
447408,16,65536,7659.01
447424,16,65536,7659.01
447440,16,65536,7659.01
447456,16,65536,7659.01
447472,16,65536,7659.01
447488,16,65536,7659.01
447504,16,65536,7659.01
447520,16,65536,7659.01
447536,16,65536,7659.01
447552,16,65536,7659.01
447568,16,65536,7659.01
447584,16,65536,7659.01
447600,16,65536,7659.01
447616,16,65536,7659.01
447632,16,65536,7659.01
447648,16,65536,7659.01
447664,16,65536,7659.01
447680,16,65536,7659.01
447696,16,65536,7659.01
447712,16,65536,7659.01
447728,16,65536,7659.01
447744,16,65536,7659.01
447760,16,65536,7659.01
447776,16,65536,7659.01
447792,16,65536,7659.01
447808,16,65536,7659.01
447824,16,65536,7659.01
447840,16,65536,7659.01
447856,16,65536,7659.01
447872,16,65536,7659.01
447888,16,65536,7659.01
447904,16,65536,7659.01
447920,16,65536,7659.01
447936,16,65536,7659.01
447952,16,65536,7659.01
447968,16,65536,7659.01
447984,16,65536,7659.01
448000,16,65536,7659.01
448016,16,65536,7659.01
448032,16,65536,7659.01
448048,16,65536,7659.01
448064,16,65536,7659.01
448080,16,65536,7659.01
448096,16,65536,7659.01
448112,16,65536,7659.01
448128,16,65536,7659.01
448144,16,65536,7659.01
448160,16,65536,7659.01
448176,16,65536,7659.01
448192,16,65536,7659.01
448208,16,65536,7659.01
448224,16,65536,7659.01
448240,16,65536,7659.01
448256,16,65536,7659.01
448272,16,65536,7659.01
448288,16,65536,7659.01
448304,16,65536,7659.01
448320,16,65536,7659.01
448336,16,65536,7659.01
448352,16,65536,7659.01
448368,16,65536,7659.01
448384,16,65536,7659.01
448400,16,65536,7659.01
448416,16,65536,7659.01
448432,16,65536,7659.01
448448,16,65536,7659.01
448464,16,65536,7659.01
448480,16,65536,7659.01
448496,16,65536,7659.01
448512,16,65536,7659.01
448528,16,65536,7659.01
448544,16,65536,7659.01
448560,16,65536,7659.01
448576,16,65536,7659.01
448592,16,65536,7659.01
448608,16,65536,7659.01
448624,16,65536,7659.01
448640,16,65536,7659.01
448656,16,65536,7659.01
448672,16,65536,7659.01
448688,16,65536,7659.01
448704,16,65536,7659.01
448720,16,65536,7659.01
448736,16,65536,7659.01
448752,16,65536,7659.01
448768,16,65536,7659.01
448784,16,65536,7659.01
448800,16,65536,7659.01
448816,16,65536,7659.01
448832,16,65536,7659.01
448848,16,65536,7659.01
448864,16,65536,7659.01
448880,16,65536,7659.01
448896,16,65536,7659.01
448912,16,65536,7659.01
448928,16,65536,7659.01
448944,16,65536,7659.01
448960,16,65536,7659.01
448976,16,65536,7659.01
448992,16,65536,7659.01
449008,16,65536,7659.01
449024,16,65536,7659.01
449040,16,65536,7659.01
449056,16,65536,7659.01
449072,16,65536,7659.01
449088,16,65536,7659.01
449104,16,65536,7659.01
449120,16,65536,7659.01
449136,16,65536,7659.01
449152,16,65536,7659.01
449168,16,65536,7659.01
449184,16,65536,7659.01
449200,16,65536,7659.01
449216,16,65536,7659.01
449232,16,65536,7659.01
449248,16,65536,7659.01
449264,16,65536,7659.01
449280,16,65536,7659.01
449296,16,65536,7659.01
449312,16,65536,7659.01
449328,16,65536,7659.01
449344,16,65536,7659.01
449360,16,65536,7659.01
449376,16,65536,7659.01
449392,16,65536,7659.01
449408,16,65536,7659.01
449424,16,65536,7659.01
449440,16,65536,7659.01
449456,16,65536,7659.01
449472,16,65536,7659.01
449488,16,65536,7659.01
449504,16,65536,7659.01
449520,16,65536,7659.01
449536,16,65536,7659.01
449552,16,65536,7659.01
449568,16,65536,7659.01
449584,16,65536,7659.01
449600,16,65536,7659.01
449616,16,65536,7659.01
449632,16,65536,7659.01
449648,16,65536,7659.01
449664,16,65536,7659.01
449680,16,65536,7659.01
449696,16,65536,7659.01
449712,16,65536,7659.01
449728,16,65536,7659.01
449744,16,65536,7659.01
449760,16,65536,7659.01
449776,16,65536,7659.01
449792,16,65536,7659.01
449808,16,65536,7659.01
449824,16,65536,7659.01
449840,16,65536,7659.01
449856,16,65536,7659.01
449872,16,65536,7659.01
449888,16,65536,7659.01
449904,16,65536,7659.01
449920,16,65536,7659.01
449936,16,65536,7659.01
449952,16,65536,7659.01
449968,16,65536,7659.01
449984,16,65536,7659.01
450000,16,65536,7659.01
450016,16,65536,7659.01
450032,16,65536,7659.01
450048,16,65536,7659.01
450064,16,65536,7659.01
450080,16,65536,7659.01
450096,16,65536,7659.01
450112,16,65536,7659.01
450128,16,65536,7659.01
450144,16,65536,7659.01
450160,16,65536,7659.01
450176,16,65536,7659.01
450192,16,65536,7659.01
450208,16,65536,7659.01
450224,16,65536,7659.01
450240,16,65536,7659.01
450256,16,65536,7659.01
450272,16,65536,7659.01
450288,16,65536,7659.01
450304,16,65536,7659.01
450320,16,65536,7659.01
450336,16,65536,7659.01
450352,16,65536,7659.01
450368,16,65536,7659.01
450384,16,65536,7659.01
450400,16,65536,7659.01
450416,16,65536,7659.01
450432,16,65536,7659.01
450448,16,65536,7659.01
450464,16,65536,7659.01
450480,16,65536,7659.01
450496,16,65536,7659.01
450512,16,65536,7659.01
450528,16,65536,7659.01
450544,16,65536,7659.01
450560,16,65536,7659.01
450576,16,65536,7659.01
450592,16,65536,7659.01
450608,16,65536,7659.01
450624,16,65536,7659.01
450640,16,65536,7659.01
450656,16,65536,7659.01
450672,16,65536,7659.01
450688,16,65536,7659.01
450704,16,65536,7659.01
450720,16,65536,7659.01
450736,16,65536,7659.01
450752,16,65536,7659.01
450768,16,65536,7659.01
450784,16,65536,7659.01
450800,16,65536,7659.01
450816,16,65536,7659.01
450832,16,65536,7659.01
450848,16,65536,7659.01
450864,16,65536,7659.01
450880,16,65536,7659.01
450896,16,65536,7659.01
450912,16,65536,7659.01
450928,16,65536,7659.01
450944,16,65536,7659.01
450960,16,65536,7659.01
450976,16,65536,7659.01
450992,16,65536,7659.01
451008,16,65536,7659.01
451024,16,65536,7659.01
451040,16,65536,7659.01
451056,16,65536,7659.01
451072,16,65536,7659.01
451088,16,65536,7659.01
451104,16,65536,7659.01
451120,16,65536,7659.01
451136,16,65536,7659.01
451152,16,65536,7659.01
451168,16,65536,7659.01
451184,16,65536,7659.01
451200,16,65536,7659.01
451216,16,65536,7659.01
451232,16,65536,7659.01
451248,16,65536,7659.01
451264,16,65536,7659.01
451280,16,65536,7659.01
451296,16,65536,7659.01
451312,16,65536,7659.01
451328,16,65536,7659.01
451344,16,65536,7659.01
451360,16,65536,7659.01
451376,16,65536,7659.01
451392,16,65536,7659.01
451408,16,65536,7659.01
451424,16,65536,7659.01
451440,16,65536,7659.01
451456,16,65536,7659.01
451472,16,65536,7659.01
451488,16,65536,7659.01
451504,16,65536,7659.01
451520,16,65536,7659.01
451536,16,65536,7659.01
451552,16,65536,7659.01
451568,16,65536,7659.01
451584,16,65536,7659.01
451600,16,65536,7659.01
451616,16,65536,7659.01
451632,16,65536,7659.01
451648,16,65536,7659.01
451664,16,65536,7659.01
451680,16,65536,7659.01
451696,16,65536,7659.01
451712,16,65536,7659.01
451728,16,65536,7659.01
451744,16,65536,7659.01
451760,16,65536,7659.01
451776,16,65536,7659.01
451792,16,65536,7659.01
451808,16,65536,7659.01
451824,16,65536,7659.01
451840,16,65536,7659.01
451856,16,65536,7659.01
451872,16,65536,7659.01
451888,16,65536,7659.01
451904,16,65536,7659.01
451920,16,65536,7659.01
451936,16,65536,7659.01
451952,16,65536,7659.01
451968,16,65536,7659.01
451984,16,65536,7659.01
452000,16,65536,7659.01
452016,16,65536,7659.01
452032,16,65536,7659.01
452048,16,65536,7659.01
452064,16,65536,7659.01
452080,16,65536,7659.01
452096,16,65536,7659.01
452112,16,65536,7659.01
452128,16,65536,7659.01
452144,16,65536,7659.01
452160,16,65536,7659.01
452176,16,65536,7659.01
452192,16,65536,7659.01
452208,16,65536,7659.01
452224,16,65536,7659.01
452240,16,65536,7659.01
452256,16,65536,7659.01
452272,16,65536,7659.01
452288,16,65536,7659.01
452304,16,65536,7659.01
452320,16,65536,7659.01
452336,16,65536,7659.01
452352,16,65536,7659.01
452368,16,65536,7659.01
452384,16,65536,7659.01
452400,16,65536,7659.01
452416,16,65536,7659.01
452432,16,65536,7659.01
452448,16,65536,7659.01
452464,16,65536,7659.01
452480,16,65536,7659.01
452496,16,65536,7659.01
452512,16,65536,7659.01
452528,16,65536,7659.01
452544,16,65536,7659.01
452560,16,65536,7659.01
452576,16,65536,7659.01
452592,16,65536,7659.01
452608,16,65536,7659.01
452624,16,65536,7659.01
452640,16,65536,7659.01
452656,16,65536,7659.01
452672,16,65536,7659.01
452688,16,65536,7659.01
452704,16,65536,7659.01
452720,16,65536,7659.01
452736,16,65536,7659.01
452752,16,65536,7659.01
452768,16,65536,7659.01
452784,16,65536,7659.01
452800,16,65536,7659.01
452816,16,65536,7659.01
452832,16,65536,7659.01
452848,16,65536,7659.01
452864,16,65536,7659.01
452880,16,65536,7659.01
452896,16,65536,7659.01
452912,16,65536,7659.01
452928,16,65536,7659.01
452944,16,65536,7659.01
452960,16,65536,7659.01
452976,16,65536,7659.01
452992,16,65536,7659.01
453008,16,65536,7659.01
453024,16,65536,7659.01
453040,16,65536,7659.01
453056,16,65536,7659.01
453072,16,65536,7659.01
453088,16,65536,7659.01
453104,16,65536,7659.01
453120,16,65536,7659.01
453136,16,65536,7659.01
453152,16,65536,7659.01
453168,16,65536,7659.01
453184,16,65536,7659.01
453200,16,65536,7659.01
453216,16,65536,7659.01
453232,16,65536,7659.01
453248,16,65536,7659.01
453264,16,65536,7659.01
453280,16,65536,7659.01
453296,16,65536,7659.01
453312,16,65536,7659.01
453328,16,65536,7659.01
453344,16,65536,7659.01
453360,16,65536,7659.01
453376,16,65536,7659.01
453392,16,65536,7659.01
453408,16,65536,7659.01
453424,16,65536,7659.01
453440,16,65536,7659.01
453456,16,65536,7659.01
453472,16,65536,7659.01
453488,16,65536,7659.01
453504,16,65536,7659.01
453520,16,65536,7659.01
453536,16,65536,7659.01
453552,16,65536,7659.01
453568,16,65536,7659.01
453584,16,65536,7659.01
453600,16,65536,7659.01
453616,16,65536,7659.01
453632,16,65536,7659.01
453648,16,65536,7659.01
453664,16,65536,7659.01
453680,16,65536,7659.01
453696,16,65536,7659.01
453712,16,65536,7659.01
453728,16,65536,7659.01
453744,16,65536,7659.01
453760,16,65536,7659.01
453776,16,65536,7659.01
453792,16,65536,7659.01
453808,16,65536,7659.01
453824,16,65536,7659.01
453840,16,65536,7659.01
453856,16,65536,7659.01
453872,16,65536,7659.01
453888,16,65536,7659.01
453904,16,65536,7659.01
453920,16,65536,7659.01
453936,16,65536,7659.01
453952,16,65536,7659.01
453968,16,65536,7659.01
453984,16,65536,7659.01
454000,16,65536,7659.01
454016,16,65536,7659.01
454032,16,65536,7659.01
454048,16,65536,7659.01
454064,16,65536,7659.01
454080,16,65536,7659.01
454096,16,65536,7659.01
454112,16,65536,7659.01
454128,16,65536,7659.01
454144,16,65536,7659.01
454160,16,65536,7659.01
454176,16,65536,7659.01
454192,16,65536,7659.01
454208,16,65536,7659.01
454224,16,65536,7659.01
454240,16,65536,7659.01
454256,16,65536,7659.01
454272,16,65536,7659.01
454288,16,65536,7659.01
454304,16,65536,7659.01
454320,16,65536,7659.01
454336,16,65536,7659.01
454352,16,65536,7659.01
454368,16,65536,7659.01
454384,16,65536,7659.01
454400,16,65536,7659.01
454416,16,65536,7659.01
454432,16,65536,7659.01
454448,16,65536,7659.01
454464,16,65536,7659.01
454480,16,65536,7659.01
454496,16,65536,7659.01
454512,16,65536,7659.01
454528,16,65536,7659.01
454544,16,65536,7659.01
454560,16,65536,7659.01
454576,16,65536,7659.01
454592,16,65536,7659.01
454608,16,65536,7659.01
454624,16,65536,7659.01
454640,16,65536,7659.01
454656,16,65536,7659.01
454672,16,65536,7659.01
454688,16,65536,7659.01
454704,16,65536,7659.01
454720,16,65536,7659.01
454736,16,65536,7659.01
454752,16,65536,7659.01
454768,16,65536,7659.01
454784,16,65536,7659.01
454800,16,65536,7659.01
454816,16,65536,7659.01
454832,16,65536,7659.01
454848,16,65536,7659.01
454864,16,65536,7659.01
454880,16,65536,7659.01
454896,16,65536,7659.01
454912,16,65536,7659.01
454928,16,65536,7659.01
454944,16,65536,7659.01
454960,16,65536,7659.01
454976,16,65536,7659.01
454992,16,65536,7659.01
455008,16,65536,7659.01
455024,16,65536,7659.01
455040,16,65536,7659.01
455056,16,65536,7659.01
455072,16,65536,7659.01
455088,16,65536,7659.01
455104,16,65536,7659.01
455120,16,65536,7659.01
455136,16,65536,7659.01
455152,16,65536,7659.01
455168,16,65536,7659.01
455184,16,65536,7659.01
455200,16,65536,7659.01
455216,16,65536,7659.01
455232,16,65536,7659.01
455248,16,65536,7659.01
455264,16,65536,7659.01
455280,16,65536,7659.01
455296,16,65536,7659.01
455312,16,65536,7659.01
455328,16,65536,7659.01
455344,16,65536,7659.01
455360,16,65536,7659.01
455376,16,65536,7659.01
455392,16,65536,7659.01
455408,16,65536,7659.01
455424,16,65536,7659.01
455440,16,65536,7659.01
455456,16,65536,7659.01
455472,16,65536,7659.01
455488,16,65536,7659.01
455504,16,65536,7659.01
455520,16,65536,7659.01
455536,16,65536,7659.01
455552,16,65536,7659.01
455568,16,65536,7659.01
455584,16,65536,7659.01
455600,16,65536,7659.01
455616,16,65536,7659.01
455632,16,65536,7659.01
455648,16,65536,7659.01
455664,16,65536,7659.01
455680,16,65536,7659.01
455696,16,65536,7659.01
455712,16,65536,7659.01
455728,16,65536,7659.01
455744,16,65536,7659.01
455760,16,65536,7659.01
455776,16,65536,7659.01
455792,16,65536,7659.01
455808,16,65536,7659.01
455824,16,65536,7659.01
455840,16,65536,7659.01
455856,16,65536,7659.01
455872,16,65536,7659.01
455888,16,65536,7659.01
455904,16,65536,7659.01
455920,16,65536,7659.01
455936,16,65536,7659.01
455952,16,65536,7659.01
455968,16,65536,7659.01
455984,16,65536,7659.01
456000,16,65536,7659.01
456016,16,65536,7659.01
456032,16,65536,7659.01
456048,16,65536,7659.01
456064,16,65536,7659.01
456080,16,65536,7659.01
456096,16,65536,7659.01
456112,16,65536,7659.01
456128,16,65536,7659.01
456144,16,65536,7659.01
456160,16,65536,7659.01
456176,16,65536,7659.01
456192,16,65536,7659.01
456208,16,65536,7659.01
456224,16,65536,7659.01
456240,16,65536,7659.01
456256,16,65536,7659.01
456272,16,65536,7659.01
456288,16,65536,7659.01
456304,16,65536,7659.01
456320,16,65536,7659.01
456336,16,65536,7659.01
456352,16,65536,7659.01
456368,16,65536,7659.01
456384,16,65536,7659.01
456400,16,65536,7659.01
456416,16,65536,7659.01
456432,16,65536,7659.01
456448,16,65536,7659.01
456464,16,65536,7659.01
456480,16,65536,7659.01
456496,16,65536,7659.01
456512,16,65536,7659.01
456528,16,65536,7659.01
456544,16,65536,7659.01
456560,16,65536,7659.01
456576,16,65536,7659.01
456592,16,65536,7659.01
456608,16,65536,7659.01
456624,16,65536,7659.01
456640,16,65536,7659.01
456656,16,65536,7659.01
456672,16,65536,7659.01
456688,16,65536,7659.01
456704,16,65536,7659.01
456720,16,65536,7659.01
456736,16,65536,7659.01
456752,16,65536,7659.01
456768,16,65536,7659.01
456784,16,65536,7659.01
456800,16,65536,7659.01
456816,16,65536,7659.01
456832,16,65536,7659.01
456848,16,65536,7659.01
456864,16,65536,7659.01
456880,16,65536,7659.01
456896,16,65536,7659.01
456912,16,65536,7659.01
456928,16,65536,7659.01
456944,16,65536,7659.01
456960,16,65536,7659.01
456976,16,65536,7659.01
456992,16,65536,7659.01
457008,16,65536,7659.01
457024,16,65536,7659.01
457040,16,65536,7659.01
457056,16,65536,7659.01
457072,16,65536,7659.01
457088,16,65536,7659.01
457104,16,65536,7659.01
457120,16,65536,7659.01
457136,16,65536,7659.01
457152,16,65536,7659.01
457168,16,65536,7659.01
457184,16,65536,7659.01
457200,16,65536,7659.01
457216,16,65536,7659.01
457232,16,65536,7659.01
457248,16,65536,7659.01
457264,16,65536,7659.01
457280,16,65536,7659.01
457296,16,65536,7659.01
457312,16,65536,7659.01
457328,16,65536,7659.01
457344,16,65536,7659.01
457360,16,65536,7659.01
457376,16,65536,7659.01
457392,16,65536,7659.01
457408,16,65536,7659.01
457424,16,65536,7659.01
457440,16,65536,7659.01
457456,16,65536,7659.01
457472,16,65536,7659.01
457488,16,65536,7659.01
457504,16,65536,7659.01
457520,16,65536,7659.01
457536,16,65536,7659.01
457552,16,65536,7659.01
457568,16,65536,7659.01
457584,16,65536,7659.01
457600,16,65536,7659.01
457616,16,65536,7659.01
457632,16,65536,7659.01
457648,16,65536,7659.01
457664,16,65536,7659.01
457680,16,65536,7659.01
457696,16,65536,7659.01
457712,16,65536,7659.01
457728,16,65536,7659.01
457744,16,65536,7659.01
457760,16,65536,7659.01
457776,16,65536,7659.01
457792,16,65536,7659.01
457808,16,65536,7659.01
457824,16,65536,7659.01
457840,16,65536,7659.01
457856,16,65536,7659.01
457872,16,65536,7659.01
457888,16,65536,7659.01
457904,16,65536,7659.01
457920,16,65536,7659.01
457936,16,65536,7659.01
457952,16,65536,7659.01
457968,16,65536,7659.01
457984,16,65536,7659.01
458000,16,65536,7659.01
458016,16,65536,7659.01
458032,16,65536,7659.01
458048,16,65536,7659.01
458064,16,65536,7659.01
458080,16,65536,7659.01
458096,16,65536,7659.01
458112,16,65536,7659.01
458128,16,65536,7659.01
458144,16,65536,7659.01
458160,16,65536,7659.01
458176,16,65536,7659.01
458192,16,65536,7659.01
458208,16,65536,7659.01
458224,16,65536,7659.01
458240,16,65536,7659.01
458256,16,65536,7659.01
458272,16,65536,7659.01
458288,16,65536,7659.01
458304,16,65536,7659.01
458320,16,65536,7659.01
458336,16,65536,7659.01
458352,16,65536,7659.01
458368,16,65536,7659.01
458384,16,65536,7659.01
458400,16,65536,7659.01
458416,16,65536,7659.01
458432,16,65536,7659.01
458448,16,65536,7659.01
458464,16,65536,7659.01
458480,16,65536,7659.01
458496,16,65536,7659.01
458512,16,65536,7659.01
458528,16,65536,7659.01
458544,16,65536,7659.01
458560,16,65536,7659.01
458576,16,65536,7659.01
458592,16,65536,7659.01
458608,16,65536,7659.01
458624,16,65536,7659.01
458640,16,65536,7659.01
458656,16,65536,7659.01
458672,16,65536,7659.01
458688,16,65536,7659.01
458704,16,65536,7659.01
458720,16,65536,7659.01
458736,16,65536,7659.01
458752,16,65536,7659.01
458768,16,65536,7659.01
458784,16,65536,7659.01
458800,16,65536,7659.01
458816,16,65536,7659.01
458832,16,65536,7659.01
458848,16,65536,7659.01
458864,16,65536,7659.01
458880,16,65536,7659.01
458896,16,65536,7659.01
458912,16,65536,7659.01
458928,16,65536,7659.01
458944,16,65536,7659.01
458960,16,65536,7659.01
458976,16,65536,7659.01
458992,16,65536,7659.01
459008,16,65536,7659.01
459024,16,65536,7659.01
459040,16,65536,7659.01
459056,16,65536,7659.01
459072,16,65536,7659.01
459088,16,65536,7659.01
459104,16,65536,7659.01
459120,16,65536,7659.01
459136,16,65536,7659.01
459152,16,65536,7659.01
459168,16,65536,7659.01
459184,16,65536,7659.01
459200,16,65536,7659.01
459216,16,65536,7659.01
459232,16,65536,7659.01
459248,16,65536,7659.01
459264,16,65536,7659.01
459280,16,65536,7659.01
459296,16,65536,7659.01
459312,16,65536,7659.01
459328,16,65536,7659.01
459344,16,65536,7659.01
459360,16,65536,7659.01
459376,16,65536,7659.01
459392,16,65536,7659.01
459408,16,65536,7659.01
459424,16,65536,7659.01
459440,16,65536,7659.01
459456,16,65536,7659.01
459472,16,65536,7659.01
459488,16,65536,7659.01
459504,16,65536,7659.01
459520,16,65536,7659.01
459536,16,65536,7659.01
459552,16,65536,7659.01
459568,16,65536,7659.01
459584,16,65536,7659.01
459600,16,65536,7659.01
459616,16,65536,7659.01
459632,16,65536,7659.01
459648,16,65536,7659.01
459664,16,65536,7659.01
459680,16,65536,7659.01
459696,16,65536,7659.01
459712,16,65536,7659.01
459728,16,65536,7659.01
459744,16,65536,7659.01
459760,16,65536,7659.01
459776,16,65536,7659.01
459792,16,65536,7659.01
459808,16,65536,7659.01
459824,16,65536,7659.01
459840,16,65536,7659.01
459856,16,65536,7659.01
459872,16,65536,7659.01
459888,16,65536,7659.01
459904,16,65536,7659.01
459920,16,65536,7659.01
459936,16,65536,7659.01
459952,16,65536,7659.01
459968,16,65536,7659.01
459984,16,65536,7659.01
460000,16,65536,7659.01
460016,16,65536,7659.01
460032,16,65536,7659.01
460048,16,65536,7659.01
460064,16,65536,7659.01
460080,16,65536,7659.01
460096,16,65536,7659.01
460112,16,65536,7659.01
460128,16,65536,7659.01
460144,16,65536,7659.01
460160,16,65536,7659.01
460176,16,65536,7659.01
460192,16,65536,7659.01
460208,16,65536,7659.01
460224,16,65536,7659.01
460240,16,65536,7659.01
460256,16,65536,7659.01
460272,16,65536,7659.01
460288,16,65536,7659.01
460304,16,65536,7659.01
460320,16,65536,7659.01
460336,16,65536,7659.01
460352,16,65536,7659.01
460368,16,65536,7659.01
460384,16,65536,7659.01
460400,16,65536,7659.01
460416,16,65536,7659.01
460432,16,65536,7659.01
460448,16,65536,7659.01
460464,16,65536,7659.01
460480,16,65536,7659.01
460496,16,65536,7659.01
460512,16,65536,7659.01
460528,16,65536,7659.01
460544,16,65536,7659.01
460560,16,65536,7659.01
460576,16,65536,7659.01
460592,16,65536,7659.01
460608,16,65536,7659.01
460624,16,65536,7659.01
460640,16,65536,7659.01
460656,16,65536,7659.01
460672,16,65536,7659.01
460688,16,65536,7659.01
460704,16,65536,7659.01
460720,16,65536,7659.01
460736,16,65536,7659.01
460752,16,65536,7659.01
460768,16,65536,7659.01
460784,16,65536,7659.01
460800,16,65536,7659.01
460816,16,65536,7659.01
460832,16,65536,7659.01
460848,16,65536,7659.01
460864,16,65536,7659.01
460880,16,65536,7659.01
460896,16,65536,7659.01
460912,16,65536,7659.01
460928,16,65536,7659.01
460944,16,65536,7659.01
460960,16,65536,7659.01
460976,16,65536,7659.01
460992,16,65536,7659.01
461008,16,65536,7659.01
461024,16,65536,7659.01
461040,16,65536,7659.01
461056,16,65536,7659.01
461072,16,65536,7659.01
461088,16,65536,7659.01
461104,16,65536,7659.01
461120,16,65536,7659.01
461136,16,65536,7659.01
461152,16,65536,7659.01
461168,16,65536,7659.01
461184,16,65536,7659.01
461200,16,65536,7659.01
461216,16,65536,7659.01
461232,16,65536,7659.01
461248,16,65536,7659.01
461264,16,65536,7659.01
461280,16,65536,7659.01
461296,16,65536,7659.01
461312,16,65536,7659.01
461328,16,65536,7659.01
461344,16,65536,7659.01
461360,16,65536,7659.01
461376,16,65536,7659.01
461392,16,65536,7659.01
461408,16,65536,7659.01
461424,16,65536,7659.01
461440,16,65536,7659.01
461456,16,65536,7659.01
461472,16,65536,7659.01
461488,16,65536,7659.01
461504,16,65536,7659.01
461520,16,65536,7659.01
461536,16,65536,7659.01
461552,16,65536,7659.01
461568,16,65536,7659.01
461584,16,65536,7659.01
461600,16,65536,7659.01
461616,16,65536,7659.01
461632,16,65536,7659.01
461648,16,65536,7659.01
461664,16,65536,7659.01
461680,16,65536,7659.01
461696,16,65536,7659.01
461712,16,65536,7659.01
461728,16,65536,7659.01
461744,16,65536,7659.01
461760,16,65536,7659.01
461776,16,65536,7659.01
461792,16,65536,7659.01
461808,16,65536,7659.01
461824,16,65536,7659.01
461840,16,65536,7659.01
461856,16,65536,7659.01
461872,16,65536,7659.01
461888,16,65536,7659.01
461904,16,65536,7659.01
461920,16,65536,7659.01
461936,16,65536,7659.01
461952,16,65536,7659.01
461968,16,65536,7659.01
461984,16,65536,7659.01
462000,16,65536,7659.01
462016,16,65536,7659.01
462032,16,65536,7659.01
462048,16,65536,7659.01
462064,16,65536,7659.01
462080,16,65536,7659.01
462096,16,65536,7659.01
462112,16,65536,7659.01
462128,16,65536,7659.01
462144,16,65536,7659.01
462160,16,65536,7659.01
462176,16,65536,7659.01
462192,16,65536,7659.01
462208,16,65536,7659.01
462224,16,65536,7659.01
462240,16,65536,7659.01
462256,16,65536,7659.01
462272,16,65536,7659.01
462288,16,65536,7659.01
462304,16,65536,7659.01
462320,16,65536,7659.01
462336,16,65536,7659.01
462352,16,65536,7659.01
462368,16,65536,7659.01
462384,16,65536,7659.01
462400,16,65536,7659.01
462416,16,65536,7659.01
462432,16,65536,7659.01
462448,16,65536,7659.01
462464,16,65536,7659.01
462480,16,65536,7659.01
462496,16,65536,7659.01
462512,16,65536,7659.01
462528,16,65536,7659.01
462544,16,65536,7659.01
462560,16,65536,7659.01
462576,16,65536,7659.01
462592,16,65536,7659.01
462608,16,65536,7659.01
462624,16,65536,7659.01
462640,16,65536,7659.01
462656,16,65536,7659.01
462672,16,65536,7659.01
462688,16,65536,7659.01
462704,16,65536,7659.01
462720,16,65536,7659.01
462736,16,65536,7659.01
462752,16,65536,7659.01
462768,16,65536,7659.01
462784,16,65536,7659.01
462800,16,65536,7659.01
462816,16,65536,7659.01
462832,16,65536,7659.01
462848,16,65536,7659.01
462864,16,65536,7659.01
462880,16,65536,7659.01
462896,16,65536,7659.01
462912,16,65536,7659.01
462928,16,65536,7659.01
462944,16,65536,7659.01
462960,16,65536,7659.01
462976,16,65536,7659.01
462992,16,65536,7659.01
463008,16,65536,7659.01
463024,16,65536,7659.01
463040,16,65536,7659.01
463056,16,65536,7659.01
463072,16,65536,7659.01
463088,16,65536,7659.01
463104,16,65536,7659.01
463120,16,65536,7659.01
463136,16,65536,7659.01
463152,16,65536,7659.01
463168,16,65536,7659.01
463184,16,65536,7659.01
463200,16,65536,7659.01
463216,16,65536,7659.01
463232,16,65536,7659.01
463248,16,65536,7659.01
463264,16,65536,7659.01
463280,16,65536,7659.01
463296,16,65536,7659.01
463312,16,65536,7659.01
463328,16,65536,7659.01
463344,16,65536,7659.01
463360,16,65536,7659.01
463376,16,65536,7659.01
463392,16,65536,7659.01
463408,16,65536,7659.01
463424,16,65536,7659.01
463440,16,65536,7659.01
463456,16,65536,7659.01
463472,16,65536,7659.01
463488,16,65536,7659.01
463504,16,65536,7659.01
463520,16,65536,7659.01
463536,16,65536,7659.01
463552,16,65536,7659.01
463568,16,65536,7659.01
463584,16,65536,7659.01
463600,16,65536,7659.01
463616,16,65536,7659.01
463632,16,65536,7659.01
463648,16,65536,7659.01
463664,16,65536,7659.01
463680,16,65536,7659.01
463696,16,65536,7659.01
463712,16,65536,7659.01
463728,16,65536,7659.01
463744,16,65536,7659.01
463760,16,65536,7659.01
463776,16,65536,7659.01
463792,16,65536,7659.01
463808,16,65536,7659.01
463824,16,65536,7659.01
463840,16,65536,7659.01
463856,16,65536,7659.01
463872,16,65536,7659.01
463888,16,65536,7659.01
463904,16,65536,7659.01
463920,16,65536,7659.01
463936,16,65536,7659.01
463952,16,65536,7659.01
463968,16,65536,7659.01
463984,16,65536,7659.01
464000,16,65536,7659.01
464016,16,65536,7659.01
464032,16,65536,7659.01
464048,16,65536,7659.01
464064,16,65536,7659.01
464080,16,65536,7659.01
464096,16,65536,7659.01
464112,16,65536,7659.01
464128,16,65536,7659.01
464144,16,65536,7659.01
464160,16,65536,7659.01
464176,16,65536,7659.01
464192,16,65536,7659.01
464208,16,65536,7659.01
464224,16,65536,7659.01
464240,16,65536,7659.01
464256,16,65536,7659.01
464272,16,65536,7659.01
464288,16,65536,7659.01
464304,16,65536,7659.01
464320,16,65536,7659.01
464336,16,65536,7659.01
464352,16,65536,7659.01
464368,16,65536,7659.01
464384,16,65536,7659.01
464400,16,65536,7659.01
464416,16,65536,7659.01
464432,16,65536,7659.01
464448,16,65536,7659.01
464464,16,65536,7659.01
464480,16,65536,7659.01
464496,16,65536,7659.01
464512,16,65536,7659.01
464528,16,65536,7659.01
464544,16,65536,7659.01
464560,16,65536,7659.01
464576,16,65536,7659.01
464592,16,65536,7659.01
464608,16,65536,7659.01
464624,16,65536,7659.01
464640,16,65536,7659.01
464656,16,65536,7659.01
464672,16,65536,7659.01
464688,16,65536,7659.01
464704,16,65536,7659.01
464720,16,65536,7659.01
464736,16,65536,7659.01
464752,16,65536,7659.01
464768,16,65536,7659.01
464784,16,65536,7659.01
464800,16,65536,7659.01
464816,16,65536,7659.01
464832,16,65536,7659.01
464848,16,65536,7659.01
464864,16,65536,7659.01
464880,16,65536,7659.01
464896,16,65536,7659.01
464912,16,65536,7659.01
464928,16,65536,7659.01
464944,16,65536,7659.01
464960,16,65536,7659.01
464976,16,65536,7659.01
464992,16,65536,7659.01
465008,16,65536,7659.01
465024,16,65536,7659.01
465040,16,65536,7659.01
465056,16,65536,7659.01
465072,16,65536,7659.01
465088,16,65536,7659.01
465104,16,65536,7659.01
465120,16,65536,7659.01
465136,16,65536,7659.01
465152,16,65536,7659.01
465168,16,65536,7659.01
465184,16,65536,7659.01
465200,16,65536,7659.01
465216,16,65536,7659.01
465232,16,65536,7659.01
465248,16,65536,7659.01
465264,16,65536,7659.01
465280,16,65536,7659.01
465296,16,65536,7659.01
465312,16,65536,7659.01
465328,16,65536,7659.01
465344,16,65536,7659.01
465360,16,65536,7659.01
465376,16,65536,7659.01
465392,16,65536,7659.01
465408,16,65536,7659.01
465424,16,65536,7659.01
465440,16,65536,7659.01
465456,16,65536,7659.01
465472,16,65536,7659.01
465488,16,65536,7659.01
465504,16,65536,7659.01
465520,16,65536,7659.01
465536,16,65536,7659.01
465552,16,65536,7659.01
465568,16,65536,7659.01
465584,16,65536,7659.01
465600,16,65536,7659.01
465616,16,65536,7659.01
465632,16,65536,7659.01
465648,16,65536,7659.01
465664,16,65536,7659.01
465680,16,65536,7659.01
465696,16,65536,7659.01
465712,16,65536,7659.01
465728,16,65536,7659.01
465744,16,65536,7659.01
465760,16,65536,7659.01
465776,16,65536,7659.01
465792,16,65536,7659.01
465808,16,65536,7659.01
465824,16,65536,7659.01
465840,16,65536,7659.01
465856,16,65536,7659.01
465872,16,65536,7659.01
465888,16,65536,7659.01
465904,16,65536,7659.01
465920,16,65536,7659.01
465936,16,65536,7659.01
465952,16,65536,7659.01
465968,16,65536,7659.01
465984,16,65536,7659.01
466000,16,65536,7659.01
466016,16,65536,7659.01
466032,16,65536,7659.01
466048,16,65536,7659.01
466064,16,65536,7659.01
466080,16,65536,7659.01
466096,16,65536,7659.01
466112,16,65536,7659.01
466128,16,65536,7659.01
466144,16,65536,7659.01
466160,16,65536,7659.01
466176,16,65536,7659.01
466192,16,65536,7659.01
466208,16,65536,7659.01
466224,16,65536,7659.01
466240,16,65536,7659.01
466256,16,65536,7659.01
466272,16,65536,7659.01
466288,16,65536,7659.01
466304,16,65536,7659.01
466320,16,65536,7659.01
466336,16,65536,7659.01
466352,16,65536,7659.01
466368,16,65536,7659.01
466384,16,65536,7659.01
466400,16,65536,7659.01
466416,16,65536,7659.01
466432,16,65536,7659.01
466448,16,65536,7659.01
466464,16,65536,7659.01
466480,16,65536,7659.01
466496,16,65536,7659.01
466512,16,65536,7659.01
466528,16,65536,7659.01
466544,16,65536,7659.01
466560,16,65536,7659.01
466576,16,65536,7659.01
466592,16,65536,7659.01
466608,16,65536,7659.01
466624,16,65536,7659.01
466640,16,65536,7659.01
466656,16,65536,7659.01
466672,16,65536,7659.01
466688,16,65536,7659.01
466704,16,65536,7659.01
466720,16,65536,7659.01
466736,16,65536,7659.01
466752,16,65536,7659.01
466768,16,65536,7659.01
466784,16,65536,7659.01
466800,16,65536,7659.01
466816,16,65536,7659.01
466832,16,65536,7659.01
466848,16,65536,7659.01
466864,16,65536,7659.01
466880,16,65536,7659.01
466896,16,65536,7659.01
466912,16,65536,7659.01
466928,16,65536,7659.01
466944,16,65536,7659.01
466960,16,65536,7659.01
466976,16,65536,7659.01
466992,16,65536,7659.01
467008,16,65536,7659.01
467024,16,65536,7659.01
467040,16,65536,7659.01
467056,16,65536,7659.01
467072,16,65536,7659.01
467088,16,65536,7659.01
467104,16,65536,7659.01
467120,16,65536,7659.01
467136,16,65536,7659.01
467152,16,65536,7659.01
467168,16,65536,7659.01
467184,16,65536,7659.01
467200,16,65536,7659.01
467216,16,65536,7659.01
467232,16,65536,7659.01
467248,16,65536,7659.01
467264,16,65536,7659.01
467280,16,65536,7659.01
467296,16,65536,7659.01
467312,16,65536,7659.01
467328,16,65536,7659.01
467344,16,65536,7659.01
467360,16,65536,7659.01
467376,16,65536,7659.01
467392,16,65536,7659.01
467408,16,65536,7659.01
467424,16,65536,7659.01
467440,16,65536,7659.01
467456,16,65536,7659.01
467472,16,65536,7659.01
467488,16,65536,7659.01
467504,16,65536,7659.01
467520,16,65536,7659.01
467536,16,65536,7659.01
467552,16,65536,7659.01
467568,16,65536,7659.01
467584,16,65536,7659.01
467600,16,65536,7659.01
467616,16,65536,7659.01
467632,16,65536,7659.01
467648,16,65536,7659.01
467664,16,65536,7659.01
467680,16,65536,7659.01
467696,16,65536,7659.01
467712,16,65536,7659.01
467728,16,65536,7659.01
467744,16,65536,7659.01
467760,16,65536,7659.01
467776,16,65536,7659.01
467792,16,65536,7659.01
467808,16,65536,7659.01
467824,16,65536,7659.01
467840,16,65536,7659.01
467856,16,65536,7659.01
467872,16,65536,7659.01
467888,16,65536,7659.01
467904,16,65536,7659.01
467920,16,65536,7659.01
467936,16,65536,7659.01
467952,16,65536,7659.01
467968,16,65536,7659.01
467984,16,65536,7659.01
468000,16,65536,7659.01
468016,16,65536,7659.01
468032,16,65536,7659.01
468048,16,65536,7659.01
468064,16,65536,7659.01
468080,16,65536,7659.01
468096,16,65536,7659.01
468112,16,65536,7659.01
468128,16,65536,7659.01
468144,16,65536,7659.01
468160,16,65536,7659.01
468176,16,65536,7659.01
468192,16,65536,7659.01
468208,16,65536,7659.01
468224,16,65536,7659.01
468240,16,65536,7659.01
468256,16,65536,7659.01
468272,16,65536,7659.01
468288,16,65536,7659.01
468304,16,65536,7659.01
468320,16,65536,7659.01
468336,16,65536,7659.01
468352,16,65536,7659.01
468368,16,65536,7659.01
468384,16,65536,7659.01
468400,16,65536,7659.01
468416,16,65536,7659.01
468432,16,65536,7659.01
468448,16,65536,7659.01
468464,16,65536,7659.01
468480,16,65536,7659.01
468496,16,65536,7659.01
468512,16,65536,7659.01
468528,16,65536,7659.01
468544,16,65536,7659.01
468560,16,65536,7659.01
468576,16,65536,7659.01
468592,16,65536,7659.01
468608,16,65536,7659.01
468624,16,65536,7659.01
468640,16,65536,7659.01
468656,16,65536,7659.01
468672,16,65536,7659.01
468688,16,65536,7659.01
468704,16,65536,7659.01
468720,16,65536,7659.01
468736,16,65536,7659.01
468752,16,65536,7659.01
468768,16,65536,7659.01
468784,16,65536,7659.01
468800,16,65536,7659.01
468816,16,65536,7659.01
468832,16,65536,7659.01
468848,16,65536,7659.01
468864,16,65536,7659.01
468880,16,65536,7659.01
468896,16,65536,7659.01
468912,16,65536,7659.01
468928,16,65536,7659.01
468944,16,65536,7659.01
468960,16,65536,7659.01
468976,16,65536,7659.01
468992,16,65536,7659.01
469008,16,65536,7659.01
469024,16,65536,7659.01
469040,16,65536,7659.01
469056,16,65536,7659.01
469072,16,65536,7659.01
469088,16,65536,7659.01
469104,16,65536,7659.01
469120,16,65536,7659.01
469136,16,65536,7659.01
469152,16,65536,7659.01
469168,16,65536,7659.01
469184,16,65536,7659.01
469200,16,65536,7659.01
469216,16,65536,7659.01
469232,16,65536,7659.01
469248,16,65536,7659.01
469264,16,65536,7659.01
469280,16,65536,7659.01
469296,16,65536,7659.01
469312,16,65536,7659.01
469328,16,65536,7659.01
469344,16,65536,7659.01
469360,16,65536,7659.01
469376,16,65536,7659.01
469392,16,65536,7659.01
469408,16,65536,7659.01
469424,16,65536,7659.01
469440,16,65536,7659.01
469456,16,65536,7659.01
469472,16,65536,7659.01
469488,16,65536,7659.01
469504,16,65536,7659.01
469520,16,65536,7659.01
469536,16,65536,7659.01
469552,16,65536,7659.01
469568,16,65536,7659.01
469584,16,65536,7659.01
469600,16,65536,7659.01
469616,16,65536,7659.01
469632,16,65536,7659.01
469648,16,65536,7659.01
469664,16,65536,7659.01
469680,16,65536,7659.01
469696,16,65536,7659.01
469712,16,65536,7659.01
469728,16,65536,7659.01
469744,16,65536,7659.01
469760,16,65536,7659.01
469776,16,65536,7659.01
469792,16,65536,7659.01
469808,16,65536,7659.01
469824,16,65536,7659.01
469840,16,65536,7659.01
469856,16,65536,7659.01
469872,16,65536,7659.01
469888,16,65536,7659.01
469904,16,65536,7659.01
469920,16,65536,7659.01
469936,16,65536,7659.01
469952,16,65536,7659.01
469968,16,65536,7659.01
469984,16,65536,7659.01
470000,16,65536,7659.01
470016,16,65536,7659.01
470032,16,65536,7659.01
470048,16,65536,7659.01
470064,16,65536,7659.01
470080,16,65536,7659.01
470096,16,65536,7659.01
470112,16,65536,7659.01
470128,16,65536,7659.01
470144,16,65536,7659.01
470160,16,65536,7659.01
470176,16,65536,7659.01
470192,16,65536,7659.01
470208,16,65536,7659.01
470224,16,65536,7659.01
470240,16,65536,7659.01
470256,16,65536,7659.01
470272,16,65536,7659.01
470288,16,65536,7659.01
470304,16,65536,7659.01
470320,16,65536,7659.01
470336,16,65536,7659.01
470352,16,65536,7659.01
470368,16,65536,7659.01
470384,16,65536,7659.01
470400,16,65536,7659.01
470416,16,65536,7659.01
470432,16,65536,7659.01
470448,16,65536,7659.01
470464,16,65536,7659.01
470480,16,65536,7659.01
470496,16,65536,7659.01
470512,16,65536,7659.01
470528,16,65536,7659.01
470544,16,65536,7659.01
470560,16,65536,7659.01
470576,16,65536,7659.01
470592,16,65536,7659.01
470608,16,65536,7659.01
470624,16,65536,7659.01
470640,16,65536,7659.01
470656,16,65536,7659.01
470672,16,65536,7659.01
470688,16,65536,7659.01
470704,16,65536,7659.01
470720,16,65536,7659.01
470736,16,65536,7659.01
470752,16,65536,7659.01
470768,16,65536,7659.01
470784,16,65536,7659.01
470800,16,65536,7659.01
470816,16,65536,7659.01
470832,16,65536,7659.01
470848,16,65536,7659.01
470864,16,65536,7659.01
470880,16,65536,7659.01
470896,16,65536,7659.01
470912,16,65536,7659.01
470928,16,65536,7659.01
470944,16,65536,7659.01
470960,16,65536,7659.01
470976,16,65536,7659.01
470992,16,65536,7659.01
471008,16,65536,7659.01
471024,16,65536,7659.01
471040,16,65536,7659.01
471056,16,65536,7659.01
471072,16,65536,7659.01
471088,16,65536,7659.01
471104,16,65536,7659.01
471120,16,65536,7659.01
471136,16,65536,7659.01
471152,16,65536,7659.01
471168,16,65536,7659.01
471184,16,65536,7659.01
471200,16,65536,7659.01
471216,16,65536,7659.01
471232,16,65536,7659.01
471248,16,65536,7659.01
471264,16,65536,7659.01
471280,16,65536,7659.01
471296,16,65536,7659.01
471312,16,65536,7659.01
471328,16,65536,7659.01
471344,16,65536,7659.01
471360,16,65536,7659.01
471376,16,65536,7659.01
471392,16,65536,7659.01
471408,16,65536,7659.01
471424,16,65536,7659.01
471440,16,65536,7659.01
471456,16,65536,7659.01
471472,16,65536,7659.01
471488,16,65536,7659.01
471504,16,65536,7659.01
471520,16,65536,7659.01
471536,16,65536,7659.01
471552,16,65536,7659.01
471568,16,65536,7659.01
471584,16,65536,7659.01
471600,16,65536,7659.01
471616,16,65536,7659.01
471632,16,65536,7659.01
471648,16,65536,7659.01
471664,16,65536,7659.01
471680,16,65536,7659.01
471696,16,65536,7659.01
471712,16,65536,7659.01
471728,16,65536,7659.01
471744,16,65536,7659.01
471760,16,65536,7659.01
471776,16,65536,7659.01
471792,16,65536,7659.01
471808,16,65536,7659.01
471824,16,65536,7659.01
471840,16,65536,7659.01
471856,16,65536,7659.01
471872,16,65536,7659.01
471888,16,65536,7659.01
471904,16,65536,7659.01
471920,16,65536,7659.01
471936,16,65536,7659.01
471952,16,65536,7659.01
471968,16,65536,7659.01
471984,16,65536,7659.01
472000,16,65536,7659.01
472016,16,65536,7659.01
472032,16,65536,7659.01
472048,16,65536,7659.01
472064,16,65536,7659.01
472080,16,65536,7659.01
472096,16,65536,7659.01
472112,16,65536,7659.01
472128,16,65536,7659.01
472144,16,65536,7659.01
472160,16,65536,7659.01
472176,16,65536,7659.01
472192,16,65536,7659.01
472208,16,65536,7659.01
472224,16,65536,7659.01
472240,16,65536,7659.01
472256,16,65536,7659.01
472272,16,65536,7659.01
472288,16,65536,7659.01
472304,16,65536,7659.01
472320,16,65536,7659.01
472336,16,65536,7659.01
472352,16,65536,7659.01
472368,16,65536,7659.01
472384,16,65536,7659.01
472400,16,65536,7659.01
472416,16,65536,7659.01
472432,16,65536,7659.01
472448,16,65536,7659.01
472464,16,65536,7659.01
472480,16,65536,7659.01
472496,16,65536,7659.01
472512,16,65536,7659.01
472528,16,65536,7659.01
472544,16,65536,7659.01
472560,16,65536,7659.01
472576,16,65536,7659.01
472592,16,65536,7659.01
472608,16,65536,7659.01
472624,16,65536,7659.01
472640,16,65536,7659.01
472656,16,65536,7659.01
472672,16,65536,7659.01
472688,16,65536,7659.01
472704,16,65536,7659.01
472720,16,65536,7659.01
472736,16,65536,7659.01
472752,16,65536,7659.01
472768,16,65536,7659.01
472784,16,65536,7659.01
472800,16,65536,7659.01
472816,16,65536,7659.01
472832,16,65536,7659.01
472848,16,65536,7659.01
472864,16,65536,7659.01
472880,16,65536,7659.01
472896,16,65536,7659.01
472912,16,65536,7659.01
472928,16,65536,7659.01
472944,16,65536,7659.01
472960,16,65536,7659.01
472976,16,65536,7659.01
472992,16,65536,7659.01
473008,16,65536,7659.01
473024,16,65536,7659.01
473040,16,65536,7659.01
473056,16,65536,7659.01
473072,16,65536,7659.01
473088,16,65536,7659.01
473104,16,65536,7659.01
473120,16,65536,7659.01
473136,16,65536,7659.01
473152,16,65536,7659.01
473168,16,65536,7659.01
473184,16,65536,7659.01
473200,16,65536,7659.01
473216,16,65536,7659.01
473232,16,65536,7659.01
473248,16,65536,7659.01
473264,16,65536,7659.01
473280,16,65536,7659.01
473296,16,65536,7659.01
473312,16,65536,7659.01
473328,16,65536,7659.01
473344,16,65536,7659.01
473360,16,65536,7659.01
473376,16,65536,7659.01
473392,16,65536,7659.01
473408,16,65536,7659.01
473424,16,65536,7659.01
473440,16,65536,7659.01
473456,16,65536,7659.01
473472,16,65536,7659.01
473488,16,65536,7659.01
473504,16,65536,7659.01
473520,16,65536,7659.01
473536,16,65536,7659.01
473552,16,65536,7659.01
473568,16,65536,7659.01
473584,16,65536,7659.01
473600,16,65536,7659.01
473616,16,65536,7659.01
473632,16,65536,7659.01
473648,16,65536,7659.01
473664,16,65536,7659.01
473680,16,65536,7659.01
473696,16,65536,7659.01
473712,16,65536,7659.01
473728,16,65536,7659.01
473744,16,65536,7659.01
473760,16,65536,7659.01
473776,16,65536,7659.01
473792,16,65536,7659.01
473808,16,65536,7659.01
473824,16,65536,7659.01
473840,16,65536,7659.01
473856,16,65536,7659.01
473872,16,65536,7659.01
473888,16,65536,7659.01
473904,16,65536,7659.01
473920,16,65536,7659.01
473936,16,65536,7659.01
473952,16,65536,7659.01
473968,16,65536,7659.01
473984,16,65536,7659.01
474000,16,65536,7659.01
474016,16,65536,7659.01
474032,16,65536,7659.01
474048,16,65536,7659.01
474064,16,65536,7659.01
474080,16,65536,7659.01
474096,16,65536,7659.01
474112,16,65536,7659.01
474128,16,65536,7659.01
474144,16,65536,7659.01
474160,16,65536,7659.01
474176,16,65536,7659.01
474192,16,65536,7659.01
474208,16,65536,7659.01
474224,16,65536,7659.01
474240,16,65536,7659.01
474256,16,65536,7659.01
474272,16,65536,7659.01
474288,16,65536,7659.01
474304,16,65536,7659.01
474320,16,65536,7659.01
474336,16,65536,7659.01
474352,16,65536,7659.01
474368,16,65536,7659.01
474384,16,65536,7659.01
474400,16,65536,7659.01
474416,16,65536,7659.01
474432,16,65536,7659.01
474448,16,65536,7659.01
474464,16,65536,7659.01
474480,16,65536,7659.01
474496,16,65536,7659.01
474512,16,65536,7659.01
474528,16,65536,7659.01
474544,16,65536,7659.01
474560,16,65536,7659.01
474576,16,65536,7659.01
474592,16,65536,7659.01
474608,16,65536,7659.01
474624,16,65536,7659.01
474640,16,65536,7659.01
474656,16,65536,7659.01
474672,16,65536,7659.01
474688,16,65536,7659.01
474704,16,65536,7659.01
474720,16,65536,7659.01
474736,16,65536,7659.01
474752,16,65536,7659.01
474768,16,65536,7659.01
474784,16,65536,7659.01
474800,16,65536,7659.01
474816,16,65536,7659.01
474832,16,65536,7659.01
474848,16,65536,7659.01
474864,16,65536,7659.01
474880,16,65536,7659.01
474896,16,65536,7659.01
474912,16,65536,7659.01
474928,16,65536,7659.01
474944,16,65536,7659.01
474960,16,65536,7659.01
474976,16,65536,7659.01
474992,16,65536,7659.01
475008,16,65536,7659.01
475024,16,65536,7659.01
475040,16,65536,7659.01
475056,16,65536,7659.01
475072,16,65536,7659.01
475088,16,65536,7659.01
475104,16,65536,7659.01
475120,16,65536,7659.01
475136,16,65536,7659.01
475152,16,65536,7659.01
475168,16,65536,7659.01
475184,16,65536,7659.01
475200,16,65536,7659.01
475216,16,65536,7659.01
475232,16,65536,7659.01
475248,16,65536,7659.01
475264,16,65536,7659.01
475280,16,65536,7659.01
475296,16,65536,7659.01
475312,16,65536,7659.01
475328,16,65536,7659.01
475344,16,65536,7659.01
475360,16,65536,7659.01
475376,16,65536,7659.01
475392,16,65536,7659.01
475408,16,65536,7659.01
475424,16,65536,7659.01
475440,16,65536,7659.01
475456,16,65536,7659.01
475472,16,65536,7659.01
475488,16,65536,7659.01
475504,16,65536,7659.01
475520,16,65536,7659.01
475536,16,65536,7659.01
475552,16,65536,7659.01
475568,16,65536,7659.01
475584,16,65536,7659.01
475600,16,65536,7659.01
475616,16,65536,7659.01
475632,16,65536,7659.01
475648,16,65536,7659.01
475664,16,65536,7659.01
475680,16,65536,7659.01
475696,16,65536,7659.01
475712,16,65536,7659.01
475728,16,65536,7659.01
475744,16,65536,7659.01
475760,16,65536,7659.01
475776,16,65536,7659.01
475792,16,65536,7659.01
475808,16,65536,7659.01
475824,16,65536,7659.01
475840,16,65536,7659.01
475856,16,65536,7659.01
475872,16,65536,7659.01
475888,16,65536,7659.01
475904,16,65536,7659.01
475920,16,65536,7659.01
475936,16,65536,7659.01
475952,16,65536,7659.01
475968,16,65536,7659.01
475984,16,65536,7659.01
476000,16,65536,7659.01
476016,16,65536,7659.01
476032,16,65536,7659.01
476048,16,65536,7659.01
476064,16,65536,7659.01
476080,16,65536,7659.01
476096,16,65536,7659.01
476112,16,65536,7659.01
476128,16,65536,7659.01
476144,16,65536,7659.01
476160,16,65536,7659.01
476176,16,65536,7659.01
476192,16,65536,7659.01
476208,16,65536,7659.01
476224,16,65536,7659.01
476240,16,65536,7659.01
476256,16,65536,7659.01
476272,16,65536,7659.01
476288,16,65536,7659.01
476304,16,65536,7659.01
476320,16,65536,7659.01
476336,16,65536,7659.01
476352,16,65536,7659.01
476368,16,65536,7659.01
476384,16,65536,7659.01
476400,16,65536,7659.01
476416,16,65536,7659.01
476432,16,65536,7659.01
476448,16,65536,7659.01
476464,16,65536,7659.01
476480,16,65536,7659.01
476496,16,65536,7659.01
476512,16,65536,7659.01
476528,16,65536,7659.01
476544,16,65536,7659.01
476560,16,65536,7659.01
476576,16,65536,7659.01
476592,16,65536,7659.01
476608,16,65536,7659.01
476624,16,65536,7659.01
476640,16,65536,7659.01
476656,16,65536,7659.01
476672,16,65536,7659.01
476688,16,65536,7659.01
476704,16,65536,7659.01
476720,16,65536,7659.01
476736,16,65536,7659.01
476752,16,65536,7659.01
476768,16,65536,7659.01
476784,16,65536,7659.01
476800,16,65536,7659.01
476816,16,65536,7659.01
476832,16,65536,7659.01
476848,16,65536,7659.01
476864,16,65536,7659.01
476880,16,65536,7659.01
476896,16,65536,7659.01
476912,16,65536,7659.01
476928,16,65536,7659.01
476944,16,65536,7659.01
476960,16,65536,7659.01
476976,16,65536,7659.01
476992,16,65536,7659.01
477008,16,65536,7659.01
477024,16,65536,7659.01
477040,16,65536,7659.01
477056,16,65536,7659.01
477072,16,65536,7659.01
477088,16,65536,7659.01
477104,16,65536,7659.01
477120,16,65536,7659.01
477136,16,65536,7659.01
477152,16,65536,7659.01
477168,16,65536,7659.01
477184,16,65536,7659.01
477200,16,65536,7659.01
477216,16,65536,7659.01
477232,16,65536,7659.01
477248,16,65536,7659.01
477264,16,65536,7659.01
477280,16,65536,7659.01
477296,16,65536,7659.01
477312,16,65536,7659.01
477328,16,65536,7659.01
477344,16,65536,7659.01
477360,16,65536,7659.01
477376,16,65536,7659.01
477392,16,65536,7659.01
477408,16,65536,7659.01
477424,16,65536,7659.01
477440,16,65536,7659.01
477456,16,65536,7659.01
477472,16,65536,7659.01
477488,16,65536,7659.01
477504,16,65536,7659.01
477520,16,65536,7659.01
477536,16,65536,7659.01
477552,16,65536,7659.01
477568,16,65536,7659.01
477584,16,65536,7659.01
477600,16,65536,7659.01
477616,16,65536,7659.01
477632,16,65536,7659.01
477648,16,65536,7659.01
477664,16,65536,7659.01
477680,16,65536,7659.01
477696,16,65536,7659.01
477712,16,65536,7659.01
477728,16,65536,7659.01
477744,16,65536,7659.01
477760,16,65536,7659.01
477776,16,65536,7659.01
477792,16,65536,7659.01
477808,16,65536,7659.01
477824,16,65536,7659.01
477840,16,65536,7659.01
477856,16,65536,7659.01
477872,16,65536,7659.01
477888,16,65536,7659.01
477904,16,65536,7659.01
477920,16,65536,7659.01
477936,16,65536,7659.01
477952,16,65536,7659.01
477968,16,65536,7659.01
477984,16,65536,7659.01
478000,16,65536,7659.01
478016,16,65536,7659.01
478032,16,65536,7659.01
478048,16,65536,7659.01
478064,16,65536,7659.01
478080,16,65536,7659.01
478096,16,65536,7659.01
478112,16,65536,7659.01
478128,16,65536,7659.01
478144,16,65536,7659.01
478160,16,65536,7659.01
478176,16,65536,7659.01
478192,16,65536,7659.01
478208,16,65536,7659.01
478224,16,65536,7659.01
478240,16,65536,7659.01
478256,16,65536,7659.01
478272,16,65536,7659.01
478288,16,65536,7659.01
478304,16,65536,7659.01
478320,16,65536,7659.01
478336,16,65536,7659.01
478352,16,65536,7659.01
478368,16,65536,7659.01
478384,16,65536,7659.01
478400,16,65536,7659.01
478416,16,65536,7659.01
478432,16,65536,7659.01
478448,16,65536,7659.01
478464,16,65536,7659.01
478480,16,65536,7659.01
478496,16,65536,7659.01
478512,16,65536,7659.01
478528,16,65536,7659.01
478544,16,65536,7659.01
478560,16,65536,7659.01
478576,16,65536,7659.01
478592,16,65536,7659.01
478608,16,65536,7659.01
478624,16,65536,7659.01
478640,16,65536,7659.01
478656,16,65536,7659.01
478672,16,65536,7659.01
478688,16,65536,7659.01
478704,16,65536,7659.01
478720,16,65536,7659.01
478736,16,65536,7659.01
478752,16,65536,7659.01
478768,16,65536,7659.01
478784,16,65536,7659.01
478800,16,65536,7659.01
478816,16,65536,7659.01
478832,16,65536,7659.01
478848,16,65536,7659.01
478864,16,65536,7659.01
478880,16,65536,7659.01
478896,16,65536,7659.01
478912,16,65536,7659.01
478928,16,65536,7659.01
478944,16,65536,7659.01
478960,16,65536,7659.01
478976,16,65536,7659.01
478992,16,65536,7659.01
479008,16,65536,7659.01
479024,16,65536,7659.01
479040,16,65536,7659.01
479056,16,65536,7659.01
479072,16,65536,7659.01
479088,16,65536,7659.01
479104,16,65536,7659.01
479120,16,65536,7659.01
479136,16,65536,7659.01
479152,16,65536,7659.01
479168,16,65536,7659.01
479184,16,65536,7659.01
479200,16,65536,7659.01
479216,16,65536,7659.01
479232,16,65536,7659.01
479248,16,65536,7659.01
479264,16,65536,7659.01
479280,16,65536,7659.01
479296,16,65536,7659.01
479312,16,65536,7659.01
479328,16,65536,7659.01
479344,16,65536,7659.01
479360,16,65536,7659.01
479376,16,65536,7659.01
479392,16,65536,7659.01
479408,16,65536,7659.01
479424,16,65536,7659.01
479440,16,65536,7659.01
479456,16,65536,7659.01
479472,16,65536,7659.01
479488,16,65536,7659.01
479504,16,65536,7659.01
479520,16,65536,7659.01
479536,16,65536,7659.01
479552,16,65536,7659.01
479568,16,65536,7659.01
479584,16,65536,7659.01
479600,16,65536,7659.01
479616,16,65536,7659.01
479632,16,65536,7659.01
479648,16,65536,7659.01
479664,16,65536,7659.01
479680,16,65536,7659.01
479696,16,65536,7659.01
479712,16,65536,7659.01
479728,16,65536,7659.01
479744,16,65536,7659.01
479760,16,65536,7659.01
479776,16,65536,7659.01
479792,16,65536,7659.01
479808,16,65536,7659.01
479824,16,65536,7659.01
479840,16,65536,7659.01
479856,16,65536,7659.01
479872,16,65536,7659.01
479888,16,65536,7659.01
479904,16,65536,7659.01
479920,16,65536,7659.01
479936,16,65536,7659.01
479952,16,65536,7659.01
479968,16,65536,7659.01
479984,16,65536,7659.01
480000,16,65536,7659.01
480016,16,65536,7659.01
480032,16,65536,7659.01
480048,16,65536,7659.01
480064,16,65536,7659.01
480080,16,65536,7659.01
480096,16,65536,7659.01
480112,16,65536,7659.01
480128,16,65536,7659.01
480144,16,65536,7659.01
480160,16,65536,7659.01
480176,16,65536,7659.01
480192,16,65536,7659.01
480208,16,65536,7659.01
480224,16,65536,7659.01
480240,16,65536,7659.01
480256,16,65536,7659.01
480272,16,65536,7659.01
480288,16,65536,7659.01
480304,16,65536,7659.01
480320,16,65536,7659.01
480336,16,65536,7659.01
480352,16,65536,7659.01
480368,16,65536,7659.01
480384,16,65536,7659.01
480400,16,65536,7659.01
480416,16,65536,7659.01
480432,16,65536,7659.01
480448,16,65536,7659.01
480464,16,65536,7659.01
480480,16,65536,7659.01
480496,16,65536,7659.01
480512,16,65536,7659.01
480528,16,65536,7659.01
480544,16,65536,7659.01
480560,16,65536,7659.01
480576,16,65536,7659.01
480592,16,65536,7659.01
480608,16,65536,7659.01
480624,16,65536,7659.01
480640,16,65536,7659.01
480656,16,65536,7659.01
480672,16,65536,7659.01
480688,16,65536,7659.01
480704,16,65536,7659.01
480720,16,65536,7659.01
480736,16,65536,7659.01
480752,16,65536,7659.01
480768,16,65536,7659.01
480784,16,65536,7659.01
480800,16,65536,7659.01
480816,16,65536,7659.01
480832,16,65536,7659.01
480848,16,65536,7659.01
480864,16,65536,7659.01
480880,16,65536,7659.01
480896,16,65536,7659.01
480912,16,65536,7659.01
480928,16,65536,7659.01
480944,16,65536,7659.01
480960,16,65536,7659.01
480976,16,65536,7659.01
480992,16,65536,7659.01
481008,16,65536,7659.01
481024,16,65536,7659.01
481040,16,65536,7659.01
481056,16,65536,7659.01
481072,16,65536,7659.01
481088,16,65536,7659.01
481104,16,65536,7659.01
481120,16,65536,7659.01
481136,16,65536,7659.01
481152,16,65536,7659.01
481168,16,65536,7659.01
481184,16,65536,7659.01
481200,16,65536,7659.01
481216,16,65536,7659.01
481232,16,65536,7659.01
481248,16,65536,7659.01
481264,16,65536,7659.01
481280,16,65536,7659.01
481296,16,65536,7659.01
481312,16,65536,7659.01
481328,16,65536,7659.01
481344,16,65536,7659.01
481360,16,65536,7659.01
481376,16,65536,7659.01
481392,16,65536,7659.01
481408,16,65536,7659.01
481424,16,65536,7659.01
481440,16,65536,7659.01
481456,16,65536,7659.01
481472,16,65536,7659.01
481488,16,65536,7659.01
481504,16,65536,7659.01
481520,16,65536,7659.01
481536,16,65536,7659.01
481552,16,65536,7659.01
481568,16,65536,7659.01
481584,16,65536,7659.01
481600,16,65536,7659.01
481616,16,65536,7659.01
481632,16,65536,7659.01
481648,16,65536,7659.01
481664,16,65536,7659.01
481680,16,65536,7659.01
481696,16,65536,7659.01
481712,16,65536,7659.01
481728,16,65536,7659.01
481744,16,65536,7659.01
481760,16,65536,7659.01
481776,16,65536,7659.01
481792,16,65536,7659.01
481808,16,65536,7659.01
481824,16,65536,7659.01
481840,16,65536,7659.01
481856,16,65536,7659.01
481872,16,65536,7659.01
481888,16,65536,7659.01
481904,16,65536,7659.01
481920,16,65536,7659.01
481936,16,65536,7659.01
481952,16,65536,7659.01
481968,16,65536,7659.01
481984,16,65536,7659.01
482000,16,65536,7659.01
482016,16,65536,7659.01
482032,16,65536,7659.01
482048,16,65536,7659.01
482064,16,65536,7659.01
482080,16,65536,7659.01
482096,16,65536,7659.01
482112,16,65536,7659.01
482128,16,65536,7659.01
482144,16,65536,7659.01
482160,16,65536,7659.01
482176,16,65536,7659.01
482192,16,65536,7659.01
482208,16,65536,7659.01
482224,16,65536,7659.01
482240,16,65536,7659.01
482256,16,65536,7659.01
482272,16,65536,7659.01
482288,16,65536,7659.01
482304,16,65536,7659.01
482320,16,65536,7659.01
482336,16,65536,7659.01
482352,16,65536,7659.01
482368,16,65536,7659.01
482384,16,65536,7659.01
482400,16,65536,7659.01
482416,16,65536,7659.01
482432,16,65536,7659.01
482448,16,65536,7659.01
482464,16,65536,7659.01
482480,16,65536,7659.01
482496,16,65536,7659.01
482512,16,65536,7659.01
482528,16,65536,7659.01
482544,16,65536,7659.01
482560,16,65536,7659.01
482576,16,65536,7659.01
482592,16,65536,7659.01
482608,16,65536,7659.01
482624,16,65536,7659.01
482640,16,65536,7659.01
482656,16,65536,7659.01
482672,16,65536,7659.01
482688,16,65536,7659.01
482704,16,65536,7659.01
482720,16,65536,7659.01
482736,16,65536,7659.01
482752,16,65536,7659.01
482768,16,65536,7659.01
482784,16,65536,7659.01
482800,16,65536,7659.01
482816,16,65536,7659.01
482832,16,65536,7659.01
482848,16,65536,7659.01
482864,16,65536,7659.01
482880,16,65536,7659.01
482896,16,65536,7659.01
482912,16,65536,7659.01
482928,16,65536,7659.01
482944,16,65536,7659.01
482960,16,65536,7659.01
482976,16,65536,7659.01
482992,16,65536,7659.01
483008,16,65536,7659.01
483024,16,65536,7659.01
483040,16,65536,7659.01
483056,16,65536,7659.01
483072,16,65536,7659.01
483088,16,65536,7659.01
483104,16,65536,7659.01
483120,16,65536,7659.01
483136,16,65536,7659.01
483152,16,65536,7659.01
483168,16,65536,7659.01
483184,16,65536,7659.01
483200,16,65536,7659.01
483216,16,65536,7659.01
483232,16,65536,7659.01
483248,16,65536,7659.01
483264,16,65536,7659.01
483280,16,65536,7659.01
483296,16,65536,7659.01
483312,16,65536,7659.01
483328,16,65536,7659.01
483344,16,65536,7659.01
483360,16,65536,7659.01
483376,16,65536,7659.01
483392,16,65536,7659.01
483408,16,65536,7659.01
483424,16,65536,7659.01
483440,16,65536,7659.01
483456,16,65536,7659.01
483472,16,65536,7659.01
483488,16,65536,7659.01
483504,16,65536,7659.01
483520,16,65536,7659.01
483536,16,65536,7659.01
483552,16,65536,7659.01
483568,16,65536,7659.01
483584,16,65536,7659.01
483600,16,65536,7659.01
483616,16,65536,7659.01
483632,16,65536,7659.01
483648,16,65536,7659.01
483664,16,65536,7659.01
483680,16,65536,7659.01
483696,16,65536,7659.01
483712,16,65536,7659.01
483728,16,65536,7659.01
483744,16,65536,7659.01
483760,16,65536,7659.01
483776,16,65536,7659.01
483792,16,65536,7659.01
483808,16,65536,7659.01
483824,16,65536,7659.01
483840,16,65536,7659.01
483856,16,65536,7659.01
483872,16,65536,7659.01
483888,16,65536,7659.01
483904,16,65536,7659.01
483920,16,65536,7659.01
483936,16,65536,7659.01
483952,16,65536,7659.01
483968,16,65536,7659.01
483984,16,65536,7659.01
484000,16,65536,7659.01
484016,16,65536,7659.01
484032,16,65536,7659.01
484048,16,65536,7659.01
484064,16,65536,7659.01
484080,16,65536,7659.01
484096,16,65536,7659.01
484112,16,65536,7659.01
484128,16,65536,7659.01
484144,16,65536,7659.01
484160,16,65536,7659.01
484176,16,65536,7659.01
484192,16,65536,7659.01
484208,16,65536,7659.01
484224,16,65536,7659.01
484240,16,65536,7659.01
484256,16,65536,7659.01
484272,16,65536,7659.01
484288,16,65536,7659.01
484304,16,65536,7659.01
484320,16,65536,7659.01
484336,16,65536,7659.01
484352,16,65536,7659.01
484368,16,65536,7659.01
484384,16,65536,7659.01
484400,16,65536,7659.01
484416,16,65536,7659.01
484432,16,65536,7659.01
484448,16,65536,7659.01
484464,16,65536,7659.01
484480,16,65536,7659.01
484496,16,65536,7659.01
484512,16,65536,7659.01
484528,16,65536,7659.01
484544,16,65536,7659.01
484560,16,65536,7659.01
484576,16,65536,7659.01
484592,16,65536,7659.01
484608,16,65536,7659.01
484624,16,65536,7659.01
484640,16,65536,7659.01
484656,16,65536,7659.01
484672,16,65536,7659.01
484688,16,65536,7659.01
484704,16,65536,7659.01
484720,16,65536,7659.01
484736,16,65536,7659.01
484752,16,65536,7659.01
484768,16,65536,7659.01
484784,16,65536,7659.01
484800,16,65536,7659.01
484816,16,65536,7659.01
484832,16,65536,7659.01
484848,16,65536,7659.01
484864,16,65536,7659.01
484880,16,65536,7659.01
484896,16,65536,7659.01
484912,16,65536,7659.01
484928,16,65536,7659.01
484944,16,65536,7659.01
484960,16,65536,7659.01
484976,16,65536,7659.01
484992,16,65536,7659.01
485008,16,65536,7659.01
485024,16,65536,7659.01
485040,16,65536,7659.01
485056,16,65536,7659.01
485072,16,65536,7659.01
485088,16,65536,7659.01
485104,16,65536,7659.01
485120,16,65536,7659.01
485136,16,65536,7659.01
485152,16,65536,7659.01
485168,16,65536,7659.01
485184,16,65536,7659.01
485200,16,65536,7659.01
485216,16,65536,7659.01
485232,16,65536,7659.01
485248,16,65536,7659.01
485264,16,65536,7659.01
485280,16,65536,7659.01
485296,16,65536,7659.01
485312,16,65536,7659.01
485328,16,65536,7659.01
485344,16,65536,7659.01
485360,16,65536,7659.01
485376,16,65536,7659.01
485392,16,65536,7659.01
485408,16,65536,7659.01
485424,16,65536,7659.01
485440,16,65536,7659.01
485456,16,65536,7659.01
485472,16,65536,7659.01
485488,16,65536,7659.01
485504,16,65536,7659.01
485520,16,65536,7659.01
485536,16,65536,7659.01
485552,16,65536,7659.01
485568,16,65536,7659.01
485584,16,65536,7659.01
485600,16,65536,7659.01
485616,16,65536,7659.01
485632,16,65536,7659.01
485648,16,65536,7659.01
485664,16,65536,7659.01
485680,16,65536,7659.01
485696,16,65536,7659.01
485712,16,65536,7659.01
485728,16,65536,7659.01
485744,16,65536,7659.01
485760,16,65536,7659.01
485776,16,65536,7659.01
485792,16,65536,7659.01
485808,16,65536,7659.01
485824,16,65536,7659.01
485840,16,65536,7659.01
485856,16,65536,7659.01
485872,16,65536,7659.01
485888,16,65536,7659.01
485904,16,65536,7659.01
485920,16,65536,7659.01
485936,16,65536,7659.01
485952,16,65536,7659.01
485968,16,65536,7659.01
485984,16,65536,7659.01
486000,16,65536,7659.01
486016,16,65536,7659.01
486032,16,65536,7659.01
486048,16,65536,7659.01
486064,16,65536,7659.01
486080,16,65536,7659.01
486096,16,65536,7659.01
486112,16,65536,7659.01
486128,16,65536,7659.01
486144,16,65536,7659.01
486160,16,65536,7659.01
486176,16,65536,7659.01
486192,16,65536,7659.01
486208,16,65536,7659.01
486224,16,65536,7659.01
486240,16,65536,7659.01
486256,16,65536,7659.01
486272,16,65536,7659.01
486288,16,65536,7659.01
486304,16,65536,7659.01
486320,16,65536,7659.01
486336,16,65536,7659.01
486352,16,65536,7659.01
486368,16,65536,7659.01
486384,16,65536,7659.01
486400,16,65536,7659.01
486416,16,65536,7659.01
486432,16,65536,7659.01
486448,16,65536,7659.01
486464,16,65536,7659.01
486480,16,65536,7659.01
486496,16,65536,7659.01
486512,16,65536,7659.01
486528,16,65536,7659.01
486544,16,65536,7659.01
486560,16,65536,7659.01
486576,16,65536,7659.01
486592,16,65536,7659.01
486608,16,65536,7659.01
486624,16,65536,7659.01
486640,16,65536,7659.01
486656,16,65536,7659.01
486672,16,65536,7659.01
486688,16,65536,7659.01
486704,16,65536,7659.01
486720,16,65536,7659.01
486736,16,65536,7659.01
486752,16,65536,7659.01
486768,16,65536,7659.01
486784,16,65536,7659.01
486800,16,65536,7659.01
486816,16,65536,7659.01
486832,16,65536,7659.01
486848,16,65536,7659.01
486864,16,65536,7659.01
486880,16,65536,7659.01
486896,16,65536,7659.01
486912,16,65536,7659.01
486928,16,65536,7659.01
486944,16,65536,7659.01
486960,16,65536,7659.01
486976,16,65536,7659.01
486992,16,65536,7659.01
487008,16,65536,7659.01
487024,16,65536,7659.01
487040,16,65536,7659.01
487056,16,65536,7659.01
487072,16,65536,7659.01
487088,16,65536,7659.01
487104,16,65536,7659.01
487120,16,65536,7659.01
487136,16,65536,7659.01
487152,16,65536,7659.01
487168,16,65536,7659.01
487184,16,65536,7659.01
487200,16,65536,7659.01
487216,16,65536,7659.01
487232,16,65536,7659.01
487248,16,65536,7659.01
487264,16,65536,7659.01
487280,16,65536,7659.01
487296,16,65536,7659.01
487312,16,65536,7659.01
487328,16,65536,7659.01
487344,16,65536,7659.01
487360,16,65536,7659.01
487376,16,65536,7659.01
487392,16,65536,7659.01
487408,16,65536,7659.01
487424,16,65536,7659.01
487440,16,65536,7659.01
487456,16,65536,7659.01
487472,16,65536,7659.01
487488,16,65536,7659.01
487504,16,65536,7659.01
487520,16,65536,7659.01
487536,16,65536,7659.01
487552,16,65536,7659.01
487568,16,65536,7659.01
487584,16,65536,7659.01
487600,16,65536,7659.01
487616,16,65536,7659.01
487632,16,65536,7659.01
487648,16,65536,7659.01
487664,16,65536,7659.01
487680,16,65536,7659.01
487696,16,65536,7659.01
487712,16,65536,7659.01
487728,16,65536,7659.01
487744,16,65536,7659.01
487760,16,65536,7659.01
487776,16,65536,7659.01
487792,16,65536,7659.01
487808,16,65536,7659.01
487824,16,65536,7659.01
487840,16,65536,7659.01
487856,16,65536,7659.01
487872,16,65536,7659.01
487888,16,65536,7659.01
487904,16,65536,7659.01
487920,16,65536,7659.01
487936,16,65536,7659.01
487952,16,65536,7659.01
487968,16,65536,7659.01
487984,16,65536,7659.01
488000,16,65536,7659.01
488016,16,65536,7659.01
488032,16,65536,7659.01
488048,16,65536,7659.01
488064,16,65536,7659.01
488080,16,65536,7659.01
488096,16,65536,7659.01
488112,16,65536,7659.01
488128,16,65536,7659.01
488144,16,65536,7659.01
488160,16,65536,7659.01
488176,16,65536,7659.01
488192,16,65536,7659.01
488208,16,65536,7659.01
488224,16,65536,7659.01
488240,16,65536,7659.01
488256,16,65536,7659.01
488272,16,65536,7659.01
488288,16,65536,7659.01
488304,16,65536,7659.01
488320,16,65536,7659.01
488336,16,65536,7659.01
488352,16,65536,7659.01
488368,16,65536,7659.01
488384,16,65536,7659.01
488400,16,65536,7659.01
488416,16,65536,7659.01
488432,16,65536,7659.01
488448,16,65536,7659.01
488464,16,65536,7659.01
488480,16,65536,7659.01
488496,16,65536,7659.01
488512,16,65536,7659.01
488528,16,65536,7659.01
488544,16,65536,7659.01
488560,16,65536,7659.01
488576,16,65536,7659.01
488592,16,65536,7659.01
488608,16,65536,7659.01
488624,16,65536,7659.01
488640,16,65536,7659.01
488656,16,65536,7659.01
488672,16,65536,7659.01
488688,16,65536,7659.01
488704,16,65536,7659.01
488720,16,65536,7659.01
488736,16,65536,7659.01
488752,16,65536,7659.01
488768,16,65536,7659.01
488784,16,65536,7659.01
488800,16,65536,7659.01
488816,16,65536,7659.01
488832,16,65536,7659.01
488848,16,65536,7659.01
488864,16,65536,7659.01
488880,16,65536,7659.01
488896,16,65536,7659.01
488912,16,65536,7659.01
488928,16,65536,7659.01
488944,16,65536,7659.01
488960,16,65536,7659.01
488976,16,65536,7659.01
488992,16,65536,7659.01
489008,16,65536,7659.01
489024,16,65536,7659.01
489040,16,65536,7659.01
489056,16,65536,7659.01
489072,16,65536,7659.01
489088,16,65536,7659.01
489104,16,65536,7659.01
489120,16,65536,7659.01
489136,16,65536,7659.01
489152,16,65536,7659.01
489168,16,65536,7659.01
489184,16,65536,7659.01
489200,16,65536,7659.01
489216,16,65536,7659.01
489232,16,65536,7659.01
489248,16,65536,7659.01
489264,16,65536,7659.01
489280,16,65536,7659.01
489296,16,65536,7659.01
489312,16,65536,7659.01
489328,16,65536,7659.01
489344,16,65536,7659.01
489360,16,65536,7659.01
489376,16,65536,7659.01
489392,16,65536,7659.01
489408,16,65536,7659.01
489424,16,65536,7659.01
489440,16,65536,7659.01
489456,16,65536,7659.01
489472,16,65536,7659.01
489488,16,65536,7659.01
489504,16,65536,7659.01
489520,16,65536,7659.01
489536,16,65536,7659.01
489552,16,65536,7659.01
489568,16,65536,7659.01
489584,16,65536,7659.01
489600,16,65536,7659.01
489616,16,65536,7659.01
489632,16,65536,7659.01
489648,16,65536,7659.01
489664,16,65536,7659.01
489680,16,65536,7659.01
489696,16,65536,7659.01
489712,16,65536,7659.01
489728,16,65536,7659.01
489744,16,65536,7659.01
489760,16,65536,7659.01
489776,16,65536,7659.01
489792,16,65536,7659.01
489808,16,65536,7659.01
489824,16,65536,7659.01
489840,16,65536,7659.01
489856,16,65536,7659.01
489872,16,65536,7659.01
489888,16,65536,7659.01
489904,16,65536,7659.01
489920,16,65536,7659.01
489936,16,65536,7659.01
489952,16,65536,7659.01
489968,16,65536,7659.01
489984,16,65536,7659.01
490000,16,65536,7659.01
490016,16,65536,7659.01
490032,16,65536,7659.01
490048,16,65536,7659.01
490064,16,65536,7659.01
490080,16,65536,7659.01
490096,16,65536,7659.01
490112,16,65536,7659.01
490128,16,65536,7659.01
490144,16,65536,7659.01
490160,16,65536,7659.01
490176,16,65536,7659.01
490192,16,65536,7659.01
490208,16,65536,7659.01
490224,16,65536,7659.01
490240,16,65536,7659.01
490256,16,65536,7659.01
490272,16,65536,7659.01
490288,16,65536,7659.01
490304,16,65536,7659.01
490320,16,65536,7659.01
490336,16,65536,7659.01
490352,16,65536,7659.01
490368,16,65536,7659.01
490384,16,65536,7659.01
490400,16,65536,7659.01
490416,16,65536,7659.01
490432,16,65536,7659.01
490448,16,65536,7659.01
490464,16,65536,7659.01
490480,16,65536,7659.01
490496,16,65536,7659.01
490512,16,65536,7659.01
490528,16,65536,7659.01
490544,16,65536,7659.01
490560,16,65536,7659.01
490576,16,65536,7659.01
490592,16,65536,7659.01
490608,16,65536,7659.01
490624,16,65536,7659.01
490640,16,65536,7659.01
490656,16,65536,7659.01
490672,16,65536,7659.01
490688,16,65536,7659.01
490704,16,65536,7659.01
490720,16,65536,7659.01
490736,16,65536,7659.01
490752,16,65536,7659.01
490768,16,65536,7659.01
490784,16,65536,7659.01
490800,16,65536,7659.01
490816,16,65536,7659.01
490832,16,65536,7659.01
490848,16,65536,7659.01
490864,16,65536,7659.01
490880,16,65536,7659.01
490896,16,65536,7659.01
490912,16,65536,7659.01
490928,16,65536,7659.01
490944,16,65536,7659.01
490960,16,65536,7659.01
490976,16,65536,7659.01
490992,16,65536,7659.01
491008,16,65536,7659.01
491024,16,65536,7659.01
491040,16,65536,7659.01
491056,16,65536,7659.01
491072,16,65536,7659.01
491088,16,65536,7659.01
491104,16,65536,7659.01
491120,16,65536,7659.01
491136,16,65536,7659.01
491152,16,65536,7659.01
491168,16,65536,7659.01
491184,16,65536,7659.01
491200,16,65536,7659.01
491216,16,65536,7659.01
491232,16,65536,7659.01
491248,16,65536,7659.01
491264,16,65536,7659.01
491280,16,65536,7659.01
491296,16,65536,7659.01
491312,16,65536,7659.01
491328,16,65536,7659.01
491344,16,65536,7659.01
491360,16,65536,7659.01
491376,16,65536,7659.01
491392,16,65536,7659.01
491408,16,65536,7659.01
491424,16,65536,7659.01
491440,16,65536,7659.01
491456,16,65536,7659.01
491472,16,65536,7659.01
491488,16,65536,7659.01
491504,16,65536,7659.01
491520,16,65536,7659.01
491536,16,65536,7659.01
491552,16,65536,7659.01
491568,16,65536,7659.01
491584,16,65536,7659.01
491600,16,65536,7659.01
491616,16,65536,7659.01
491632,16,65536,7659.01
491648,16,65536,7659.01
491664,16,65536,7659.01
491680,16,65536,7659.01
491696,16,65536,7659.01
491712,16,65536,7659.01
491728,16,65536,7659.01
491744,16,65536,7659.01
491760,16,65536,7659.01
491776,16,65536,7659.01
491792,16,65536,7659.01
491808,16,65536,7659.01
491824,16,65536,7659.01
491840,16,65536,7659.01
491856,16,65536,7659.01
491872,16,65536,7659.01
491888,16,65536,7659.01
491904,16,65536,7659.01
491920,16,65536,7659.01
491936,16,65536,7659.01
491952,16,65536,7659.01
491968,16,65536,7659.01
491984,16,65536,7659.01
492000,16,65536,7659.01
492016,16,65536,7659.01
492032,16,65536,7659.01
492048,16,65536,7659.01
492064,16,65536,7659.01
492080,16,65536,7659.01
492096,16,65536,7659.01
492112,16,65536,7659.01
492128,16,65536,7659.01
492144,16,65536,7659.01
492160,16,65536,7659.01
492176,16,65536,7659.01
492192,16,65536,7659.01
492208,16,65536,7659.01
492224,16,65536,7659.01
492240,16,65536,7659.01
492256,16,65536,7659.01
492272,16,65536,7659.01
492288,16,65536,7659.01
492304,16,65536,7659.01
492320,16,65536,7659.01
492336,16,65536,7659.01
492352,16,65536,7659.01
492368,16,65536,7659.01
492384,16,65536,7659.01
492400,16,65536,7659.01
492416,16,65536,7659.01
492432,16,65536,7659.01
492448,16,65536,7659.01
492464,16,65536,7659.01
492480,16,65536,7659.01
492496,16,65536,7659.01
492512,16,65536,7659.01
492528,16,65536,7659.01
492544,16,65536,7659.01
492560,16,65536,7659.01
492576,16,65536,7659.01
492592,16,65536,7659.01
492608,16,65536,7659.01
492624,16,65536,7659.01
492640,16,65536,7659.01
492656,16,65536,7659.01
492672,16,65536,7659.01
492688,16,65536,7659.01
492704,16,65536,7659.01
492720,16,65536,7659.01
492736,16,65536,7659.01
492752,16,65536,7659.01
492768,16,65536,7659.01
492784,16,65536,7659.01
492800,16,65536,7659.01
492816,16,65536,7659.01
492832,16,65536,7659.01
492848,16,65536,7659.01
492864,16,65536,7659.01
492880,16,65536,7659.01
492896,16,65536,7659.01
492912,16,65536,7659.01
492928,16,65536,7659.01
492944,16,65536,7659.01
492960,16,65536,7659.01
492976,16,65536,7659.01
492992,16,65536,7659.01
493008,16,65536,7659.01
493024,16,65536,7659.01
493040,16,65536,7659.01
493056,16,65536,7659.01
493072,16,65536,7659.01
493088,16,65536,7659.01
493104,16,65536,7659.01
493120,16,65536,7659.01
493136,16,65536,7659.01
493152,16,65536,7659.01
493168,16,65536,7659.01
493184,16,65536,7659.01
493200,16,65536,7659.01
493216,16,65536,7659.01
493232,16,65536,7659.01
493248,16,65536,7659.01
493264,16,65536,7659.01
493280,16,65536,7659.01
493296,16,65536,7659.01
493312,16,65536,7659.01
493328,16,65536,7659.01
493344,16,65536,7659.01
493360,16,65536,7659.01
493376,16,65536,7659.01
493392,16,65536,7659.01
493408,16,65536,7659.01
493424,16,65536,7659.01
493440,16,65536,7659.01
493456,16,65536,7659.01
493472,16,65536,7659.01
493488,16,65536,7659.01
493504,16,65536,7659.01
493520,16,65536,7659.01
493536,16,65536,7659.01
493552,16,65536,7659.01
493568,16,65536,7659.01
493584,16,65536,7659.01
493600,16,65536,7659.01
493616,16,65536,7659.01
493632,16,65536,7659.01
493648,16,65536,7659.01
493664,16,65536,7659.01
493680,16,65536,7659.01
493696,16,65536,7659.01
493712,16,65536,7659.01
493728,16,65536,7659.01
493744,16,65536,7659.01
493760,16,65536,7659.01
493776,16,65536,7659.01
493792,16,65536,7659.01
493808,16,65536,7659.01
493824,16,65536,7659.01
493840,16,65536,7659.01
493856,16,65536,7659.01
493872,16,65536,7659.01
493888,16,65536,7659.01
493904,16,65536,7659.01
493920,16,65536,7659.01
493936,16,65536,7659.01
493952,16,65536,7659.01
493968,16,65536,7659.01
493984,16,65536,7659.01
494000,16,65536,7659.01
494016,16,65536,7659.01
494032,16,65536,7659.01
494048,16,65536,7659.01
494064,16,65536,7659.01
494080,16,65536,7659.01
494096,16,65536,7659.01
494112,16,65536,7659.01
494128,16,65536,7659.01
494144,16,65536,7659.01
494160,16,65536,7659.01
494176,16,65536,7659.01
494192,16,65536,7659.01
494208,16,65536,7659.01
494224,16,65536,7659.01
494240,16,65536,7659.01
494256,16,65536,7659.01
494272,16,65536,7659.01
494288,16,65536,7659.01
494304,16,65536,7659.01
494320,16,65536,7659.01
494336,16,65536,7659.01
494352,16,65536,7659.01
494368,16,65536,7659.01
494384,16,65536,7659.01
494400,16,65536,7659.01
494416,16,65536,7659.01
494432,16,65536,7659.01
494448,16,65536,7659.01
494464,16,65536,7659.01
494480,16,65536,7659.01
494496,16,65536,7659.01
494512,16,65536,7659.01
494528,16,65536,7659.01
494544,16,65536,7659.01
494560,16,65536,7659.01
494576,16,65536,7659.01
494592,16,65536,7659.01
494608,16,65536,7659.01
494624,16,65536,7659.01
494640,16,65536,7659.01
494656,16,65536,7659.01
494672,16,65536,7659.01
494688,16,65536,7659.01
494704,16,65536,7659.01
494720,16,65536,7659.01
494736,16,65536,7659.01
494752,16,65536,7659.01
494768,16,65536,7659.01
494784,16,65536,7659.01
494800,16,65536,7659.01
494816,16,65536,7659.01
494832,16,65536,7659.01
494848,16,65536,7659.01
494864,16,65536,7659.01
494880,16,65536,7659.01
494896,16,65536,7659.01
494912,16,65536,7659.01
494928,16,65536,7659.01
494944,16,65536,7659.01
494960,16,65536,7659.01
494976,16,65536,7659.01
494992,16,65536,7659.01
495008,16,65536,7659.01
495024,16,65536,7659.01
495040,16,65536,7659.01
495056,16,65536,7659.01
495072,16,65536,7659.01
495088,16,65536,7659.01
495104,16,65536,7659.01
495120,16,65536,7659.01
495136,16,65536,7659.01
495152,16,65536,7659.01
495168,16,65536,7659.01
495184,16,65536,7659.01
495200,16,65536,7659.01
495216,16,65536,7659.01
495232,16,65536,7659.01
495248,16,65536,7659.01
495264,16,65536,7659.01
495280,16,65536,7659.01
495296,16,65536,7659.01
495312,16,65536,7659.01
495328,16,65536,7659.01
495344,16,65536,7659.01
495360,16,65536,7659.01
495376,16,65536,7659.01
495392,16,65536,7659.01
495408,16,65536,7659.01
495424,16,65536,7659.01
495440,16,65536,7659.01
495456,16,65536,7659.01
495472,16,65536,7659.01
495488,16,65536,7659.01
495504,16,65536,7659.01
495520,16,65536,7659.01
495536,16,65536,7659.01
495552,16,65536,7659.01
495568,16,65536,7659.01
495584,16,65536,7659.01
495600,16,65536,7659.01
495616,16,65536,7659.01
495632,16,65536,7659.01
495648,16,65536,7659.01
495664,16,65536,7659.01
495680,16,65536,7659.01
495696,16,65536,7659.01
495712,16,65536,7659.01
495728,16,65536,7659.01
495744,16,65536,7659.01
495760,16,65536,7659.01
495776,16,65536,7659.01
495792,16,65536,7659.01
495808,16,65536,7659.01
495824,16,65536,7659.01
495840,16,65536,7659.01
495856,16,65536,7659.01
495872,16,65536,7659.01
495888,16,65536,7659.01
495904,16,65536,7659.01
495920,16,65536,7659.01
495936,16,65536,7659.01
495952,16,65536,7659.01
495968,16,65536,7659.01
495984,16,65536,7659.01
496000,16,65536,7659.01
496016,16,65536,7659.01
496032,16,65536,7659.01
496048,16,65536,7659.01
496064,16,65536,7659.01
496080,16,65536,7659.01
496096,16,65536,7659.01
496112,16,65536,7659.01
496128,16,65536,7659.01
496144,16,65536,7659.01
496160,16,65536,7659.01
496176,16,65536,7659.01
496192,16,65536,7659.01
496208,16,65536,7659.01
496224,16,65536,7659.01
496240,16,65536,7659.01
496256,16,65536,7659.01
496272,16,65536,7659.01
496288,16,65536,7659.01
496304,16,65536,7659.01
496320,16,65536,7659.01
496336,16,65536,7659.01
496352,16,65536,7659.01
496368,16,65536,7659.01
496384,16,65536,7659.01
496400,16,65536,7659.01
496416,16,65536,7659.01
496432,16,65536,7659.01
496448,16,65536,7659.01
496464,16,65536,7659.01
496480,16,65536,7659.01
496496,16,65536,7659.01
496512,16,65536,7659.01
496528,16,65536,7659.01
496544,16,65536,7659.01
496560,16,65536,7659.01
496576,16,65536,7659.01
496592,16,65536,7659.01
496608,16,65536,7659.01
496624,16,65536,7659.01
496640,16,65536,7659.01
496656,16,65536,7659.01
496672,16,65536,7659.01
496688,16,65536,7659.01
496704,16,65536,7659.01
496720,16,65536,7659.01
496736,16,65536,7659.01
496752,16,65536,7659.01
496768,16,65536,7659.01
496784,16,65536,7659.01
496800,16,65536,7659.01
496816,16,65536,7659.01
496832,16,65536,7659.01
496848,16,65536,7659.01
496864,16,65536,7659.01
496880,16,65536,7659.01
496896,16,65536,7659.01
496912,16,65536,7659.01
496928,16,65536,7659.01
496944,16,65536,7659.01
496960,16,65536,7659.01
496976,16,65536,7659.01
496992,16,65536,7659.01
497008,16,65536,7659.01
497024,16,65536,7659.01
497040,16,65536,7659.01
497056,16,65536,7659.01
497072,16,65536,7659.01
497088,16,65536,7659.01
497104,16,65536,7659.01
497120,16,65536,7659.01
497136,16,65536,7659.01
497152,16,65536,7659.01
497168,16,65536,7659.01
497184,16,65536,7659.01
497200,16,65536,7659.01
497216,16,65536,7659.01
497232,16,65536,7659.01
497248,16,65536,7659.01
497264,16,65536,7659.01
497280,16,65536,7659.01
497296,16,65536,7659.01
497312,16,65536,7659.01
497328,16,65536,7659.01
497344,16,65536,7659.01
497360,16,65536,7659.01
497376,16,65536,7659.01
497392,16,65536,7659.01
497408,16,65536,7659.01
497424,16,65536,7659.01
497440,16,65536,7659.01
497456,16,65536,7659.01
497472,16,65536,7659.01
497488,16,65536,7659.01
497504,16,65536,7659.01
497520,16,65536,7659.01
497536,16,65536,7659.01
497552,16,65536,7659.01
497568,16,65536,7659.01
497584,16,65536,7659.01
497600,16,65536,7659.01
497616,16,65536,7659.01
497632,16,65536,7659.01
497648,16,65536,7659.01
497664,16,65536,7659.01
497680,16,65536,7659.01
497696,16,65536,7659.01
497712,16,65536,7659.01
497728,16,65536,7659.01
497744,16,65536,7659.01
497760,16,65536,7659.01
497776,16,65536,7659.01
497792,16,65536,7659.01
497808,16,65536,7659.01
497824,16,65536,7659.01
497840,16,65536,7659.01
497856,16,65536,7659.01
497872,16,65536,7659.01
497888,16,65536,7659.01
497904,16,65536,7659.01
497920,16,65536,7659.01
497936,16,65536,7659.01
497952,16,65536,7659.01
497968,16,65536,7659.01
497984,16,65536,7659.01
498000,16,65536,7659.01
498016,16,65536,7659.01
498032,16,65536,7659.01
498048,16,65536,7659.01
498064,16,65536,7659.01
498080,16,65536,7659.01
498096,16,65536,7659.01
498112,16,65536,7659.01
498128,16,65536,7659.01
498144,16,65536,7659.01
498160,16,65536,7659.01
498176,16,65536,7659.01
498192,16,65536,7659.01
498208,16,65536,7659.01
498224,16,65536,7659.01
498240,16,65536,7659.01
498256,16,65536,7659.01
498272,16,65536,7659.01
498288,16,65536,7659.01
498304,16,65536,7659.01
498320,16,65536,7659.01
498336,16,65536,7659.01
498352,16,65536,7659.01
498368,16,65536,7659.01
498384,16,65536,7659.01
498400,16,65536,7659.01
498416,16,65536,7659.01
498432,16,65536,7659.01
498448,16,65536,7659.01
498464,16,65536,7659.01
498480,16,65536,7659.01
498496,16,65536,7659.01
498512,16,65536,7659.01
498528,16,65536,7659.01
498544,16,65536,7659.01
498560,16,65536,7659.01
498576,16,65536,7659.01
498592,16,65536,7659.01
498608,16,65536,7659.01
498624,16,65536,7659.01
498640,16,65536,7659.01
498656,16,65536,7659.01
498672,16,65536,7659.01
498688,16,65536,7659.01
498704,16,65536,7659.01
498720,16,65536,7659.01
498736,16,65536,7659.01
498752,16,65536,7659.01
498768,16,65536,7659.01
498784,16,65536,7659.01
498800,16,65536,7659.01
498816,16,65536,7659.01
498832,16,65536,7659.01
498848,16,65536,7659.01
498864,16,65536,7659.01
498880,16,65536,7659.01
498896,16,65536,7659.01
498912,16,65536,7659.01
498928,16,65536,7659.01
498944,16,65536,7659.01
498960,16,65536,7659.01
498976,16,65536,7659.01
498992,16,65536,7659.01
499008,16,65536,7659.01
499024,16,65536,7659.01
499040,16,65536,7659.01
499056,16,65536,7659.01
499072,16,65536,7659.01
499088,16,65536,7659.01
499104,16,65536,7659.01
499120,16,65536,7659.01
499136,16,65536,7659.01
499152,16,65536,7659.01
499168,16,65536,7659.01
499184,16,65536,7659.01
499200,16,65536,7659.01
499216,16,65536,7659.01
499232,16,65536,7659.01
499248,16,65536,7659.01
499264,16,65536,7659.01
499280,16,65536,7659.01
499296,16,65536,7659.01
499312,16,65536,7659.01
499328,16,65536,7659.01
499344,16,65536,7659.01
499360,16,65536,7659.01
499376,16,65536,7659.01
499392,16,65536,7659.01
499408,16,65536,7659.01
499424,16,65536,7659.01
499440,16,65536,7659.01
499456,16,65536,7659.01
499472,16,65536,7659.01
499488,16,65536,7659.01
499504,16,65536,7659.01
499520,16,65536,7659.01
499536,16,65536,7659.01
499552,16,65536,7659.01
499568,16,65536,7659.01
499584,16,65536,7659.01
499600,16,65536,7659.01
499616,16,65536,7659.01
499632,16,65536,7659.01
499648,16,65536,7659.01
499664,16,65536,7659.01
499680,16,65536,7659.01
499696,16,65536,7659.01
499712,16,65536,7659.01
499728,16,65536,7659.01
499744,16,65536,7659.01
499760,16,65536,7659.01
499776,16,65536,7659.01
499792,16,65536,7659.01
499808,16,65536,7659.01
499824,16,65536,7659.01
499840,16,65536,7659.01
499856,16,65536,7659.01
499872,16,65536,7659.01
499888,16,65536,7659.01
499904,16,65536,7659.01
499920,16,65536,7659.01
499936,16,65536,7659.01
499952,16,65536,7659.01
499968,16,65536,7659.01
499984,16,65536,7659.01
500000,16,65536,7659.01
500016,16,65536,7659.01
500032,16,65536,7659.01
500048,16,65536,7659.01
500064,16,65536,7659.01
500080,16,65536,7659.01
500096,16,65536,7659.01
500112,16,65536,7659.01
500128,16,65536,7659.01
500144,16,65536,7659.01
500160,16,65536,7659.01
500176,16,65536,7659.01
500192,16,65536,7659.01
500208,16,65536,7659.01
500224,16,65536,7659.01
500240,16,65536,7659.01
500256,16,65536,7659.01
500272,16,65536,7659.01
500288,16,65536,7659.01
500304,16,65536,7659.01
500320,16,65536,7659.01
500336,16,65536,7659.01
500352,16,65536,7659.01
500368,16,65536,7659.01
500384,16,65536,7659.01
500400,16,65536,7659.01
500416,16,65536,7659.01
500432,16,65536,7659.01
500448,16,65536,7659.01
500464,16,65536,7659.01
500480,16,65536,7659.01
500496,16,65536,7659.01
500512,16,65536,7659.01
500528,16,65536,7659.01
500544,16,65536,7659.01
500560,16,65536,7659.01
500576,16,65536,7659.01
500592,16,65536,7659.01
500608,16,65536,7659.01
500624,16,65536,7659.01
500640,16,65536,7659.01
500656,16,65536,7659.01
500672,16,65536,7659.01
500688,16,65536,7659.01
500704,16,65536,7659.01
500720,16,65536,7659.01
500736,16,65536,7659.01
500752,16,65536,7659.01
500768,16,65536,7659.01
500784,16,65536,7659.01
500800,16,65536,7659.01
500816,16,65536,7659.01
500832,16,65536,7659.01
500848,16,65536,7659.01
500864,16,65536,7659.01
500880,16,65536,7659.01
500896,16,65536,7659.01
500912,16,65536,7659.01
500928,16,65536,7659.01
500944,16,65536,7659.01
500960,16,65536,7659.01
500976,16,65536,7659.01
500992,16,65536,7659.01
501008,16,65536,7659.01
501024,16,65536,7659.01
501040,16,65536,7659.01
501056,16,65536,7659.01
501072,16,65536,7659.01
501088,16,65536,7659.01
501104,16,65536,7659.01
501120,16,65536,7659.01
501136,16,65536,7659.01
501152,16,65536,7659.01
501168,16,65536,7659.01
501184,16,65536,7659.01
501200,16,65536,7659.01
501216,16,65536,7659.01
501232,16,65536,7659.01
501248,16,65536,7659.01
501264,16,65536,7659.01
501280,16,65536,7659.01
501296,16,65536,7659.01
501312,16,65536,7659.01
501328,16,65536,7659.01
501344,16,65536,7659.01
501360,16,65536,7659.01
501376,16,65536,7659.01
501392,16,65536,7659.01
501408,16,65536,7659.01
501424,16,65536,7659.01
501440,16,65536,7659.01
501456,16,65536,7659.01
501472,16,65536,7659.01
501488,16,65536,7659.01
501504,16,65536,7659.01
501520,16,65536,7659.01
501536,16,65536,7659.01
501552,16,65536,7659.01
501568,16,65536,7659.01
501584,16,65536,7659.01
501600,16,65536,7659.01
501616,16,65536,7659.01
501632,16,65536,7659.01
501648,16,65536,7659.01
501664,16,65536,7659.01
501680,16,65536,7659.01
501696,16,65536,7659.01
501712,16,65536,7659.01
501728,16,65536,7659.01
501744,16,65536,7659.01
501760,16,65536,7659.01
501776,16,65536,7659.01
501792,16,65536,7659.01
501808,16,65536,7659.01
501824,16,65536,7659.01
501840,16,65536,7659.01
501856,16,65536,7659.01
501872,16,65536,7659.01
501888,16,65536,7659.01
501904,16,65536,7659.01
501920,16,65536,7659.01
501936,16,65536,7659.01
501952,16,65536,7659.01
501968,16,65536,7659.01
501984,16,65536,7659.01
502000,16,65536,7659.01
502016,16,65536,7659.01
502032,16,65536,7659.01
502048,16,65536,7659.01
502064,16,65536,7659.01
502080,16,65536,7659.01
502096,16,65536,7659.01
502112,16,65536,7659.01
502128,16,65536,7659.01
502144,16,65536,7659.01
502160,16,65536,7659.01
502176,16,65536,7659.01
502192,16,65536,7659.01
502208,16,65536,7659.01
502224,16,65536,7659.01
502240,16,65536,7659.01
502256,16,65536,7659.01
502272,16,65536,7659.01
502288,16,65536,7659.01
502304,16,65536,7659.01
502320,16,65536,7659.01
502336,16,65536,7659.01
502352,16,65536,7659.01
502368,16,65536,7659.01
502384,16,65536,7659.01
502400,16,65536,7659.01
502416,16,65536,7659.01
502432,16,65536,7659.01
502448,16,65536,7659.01
502464,16,65536,7659.01
502480,16,65536,7659.01
502496,16,65536,7659.01
502512,16,65536,7659.01
502528,16,65536,7659.01
502544,16,65536,7659.01
502560,16,65536,7659.01
502576,16,65536,7659.01
502592,16,65536,7659.01
502608,16,65536,7659.01
502624,16,65536,7659.01
502640,16,65536,7659.01
502656,16,65536,7659.01
502672,16,65536,7659.01
502688,16,65536,7659.01
502704,16,65536,7659.01
502720,16,65536,7659.01
502736,16,65536,7659.01
502752,16,65536,7659.01
502768,16,65536,7659.01
502784,16,65536,7659.01
502800,16,65536,7659.01
502816,16,65536,7659.01
502832,16,65536,7659.01
502848,16,65536,7659.01
502864,16,65536,7659.01
502880,16,65536,7659.01
502896,16,65536,7659.01
502912,16,65536,7659.01
502928,16,65536,7659.01
502944,16,65536,7659.01
502960,16,65536,7659.01
502976,16,65536,7659.01
502992,16,65536,7659.01
503008,16,65536,7659.01
503024,16,65536,7659.01
503040,16,65536,7659.01
503056,16,65536,7659.01
503072,16,65536,7659.01
503088,16,65536,7659.01
503104,16,65536,7659.01
503120,16,65536,7659.01
503136,16,65536,7659.01
503152,16,65536,7659.01
503168,16,65536,7659.01
503184,16,65536,7659.01
503200,16,65536,7659.01
503216,16,65536,7659.01
503232,16,65536,7659.01
503248,16,65536,7659.01
503264,16,65536,7659.01
503280,16,65536,7659.01
503296,16,65536,7659.01
503312,16,65536,7659.01
503328,16,65536,7659.01
503344,16,65536,7659.01
503360,16,65536,7659.01
503376,16,65536,7659.01
503392,16,65536,7659.01
503408,16,65536,7659.01
503424,16,65536,7659.01
503440,16,65536,7659.01
503456,16,65536,7659.01
503472,16,65536,7659.01
503488,16,65536,7659.01
503504,16,65536,7659.01
503520,16,65536,7659.01
503536,16,65536,7659.01
503552,16,65536,7659.01
503568,16,65536,7659.01
503584,16,65536,7659.01
503600,16,65536,7659.01
503616,16,65536,7659.01
503632,16,65536,7659.01
503648,16,65536,7659.01
503664,16,65536,7659.01
503680,16,65536,7659.01
503696,16,65536,7659.01
503712,16,65536,7659.01
503728,16,65536,7659.01
503744,16,65536,7659.01
503760,16,65536,7659.01
503776,16,65536,7659.01
503792,16,65536,7659.01
503808,16,65536,7659.01
503824,16,65536,7659.01
503840,16,65536,7659.01
503856,16,65536,7659.01
503872,16,65536,7659.01
503888,16,65536,7659.01
503904,16,65536,7659.01
503920,16,65536,7659.01
503936,16,65536,7659.01
503952,16,65536,7659.01
503968,16,65536,7659.01
503984,16,65536,7659.01
504000,16,65536,7659.01
504016,16,65536,7659.01
504032,16,65536,7659.01
504048,16,65536,7659.01
504064,16,65536,7659.01
504080,16,65536,7659.01
504096,16,65536,7659.01
504112,16,65536,7659.01
504128,16,65536,7659.01
504144,16,65536,7659.01
504160,16,65536,7659.01
504176,16,65536,7659.01
504192,16,65536,7659.01
504208,16,65536,7659.01
504224,16,65536,7659.01
504240,16,65536,7659.01
504256,16,65536,7659.01
504272,16,65536,7659.01
504288,16,65536,7659.01
504304,16,65536,7659.01
504320,16,65536,7659.01
504336,16,65536,7659.01
504352,16,65536,7659.01
504368,16,65536,7659.01
504384,16,65536,7659.01
504400,16,65536,7659.01
504416,16,65536,7659.01
504432,16,65536,7659.01
504448,16,65536,7659.01
504464,16,65536,7659.01
504480,16,65536,7659.01
504496,16,65536,7659.01
504512,16,65536,7659.01
504528,16,65536,7659.01
504544,16,65536,7659.01
504560,16,65536,7659.01
504576,16,65536,7659.01
504592,16,65536,7659.01
504608,16,65536,7659.01
504624,16,65536,7659.01
504640,16,65536,7659.01
504656,16,65536,7659.01
504672,16,65536,7659.01
504688,16,65536,7659.01
504704,16,65536,7659.01
504720,16,65536,7659.01
504736,16,65536,7659.01
504752,16,65536,7659.01
504768,16,65536,7659.01
504784,16,65536,7659.01
504800,16,65536,7659.01
504816,16,65536,7659.01
504832,16,65536,7659.01
504848,16,65536,7659.01
504864,16,65536,7659.01
504880,16,65536,7659.01
504896,16,65536,7659.01
504912,16,65536,7659.01
504928,16,65536,7659.01
504944,16,65536,7659.01
504960,16,65536,7659.01
504976,16,65536,7659.01
504992,16,65536,7659.01
505008,16,65536,7659.01
505024,16,65536,7659.01
505040,16,65536,7659.01
505056,16,65536,7659.01
505072,16,65536,7659.01
505088,16,65536,7659.01
505104,16,65536,7659.01
505120,16,65536,7659.01
505136,16,65536,7659.01
505152,16,65536,7659.01
505168,16,65536,7659.01
505184,16,65536,7659.01
505200,16,65536,7659.01
505216,16,65536,7659.01
505232,16,65536,7659.01
505248,16,65536,7659.01
505264,16,65536,7659.01
505280,16,65536,7659.01
505296,16,65536,7659.01
505312,16,65536,7659.01
505328,16,65536,7659.01
505344,16,65536,7659.01
505360,16,65536,7659.01
505376,16,65536,7659.01
505392,16,65536,7659.01
505408,16,65536,7659.01
505424,16,65536,7659.01
505440,16,65536,7659.01
505456,16,65536,7659.01
505472,16,65536,7659.01
505488,16,65536,7659.01
505504,16,65536,7659.01
505520,16,65536,7659.01
505536,16,65536,7659.01
505552,16,65536,7659.01
505568,16,65536,7659.01
505584,16,65536,7659.01
505600,16,65536,7659.01
505616,16,65536,7659.01
505632,16,65536,7659.01
505648,16,65536,7659.01
505664,16,65536,7659.01
505680,16,65536,7659.01
505696,16,65536,7659.01
505712,16,65536,7659.01
505728,16,65536,7659.01
505744,16,65536,7659.01
505760,16,65536,7659.01
505776,16,65536,7659.01
505792,16,65536,7659.01
505808,16,65536,7659.01
505824,16,65536,7659.01
505840,16,65536,7659.01
505856,16,65536,7659.01
505872,16,65536,7659.01
505888,16,65536,7659.01
505904,16,65536,7659.01
505920,16,65536,7659.01
505936,16,65536,7659.01
505952,16,65536,7659.01
505968,16,65536,7659.01
505984,16,65536,7659.01
506000,16,65536,7659.01
506016,16,65536,7659.01
506032,16,65536,7659.01
506048,16,65536,7659.01
506064,16,65536,7659.01
506080,16,65536,7659.01
506096,16,65536,7659.01
506112,16,65536,7659.01
506128,16,65536,7659.01
506144,16,65536,7659.01
506160,16,65536,7659.01
506176,16,65536,7659.01
506192,16,65536,7659.01
506208,16,65536,7659.01
506224,16,65536,7659.01
506240,16,65536,7659.01
506256,16,65536,7659.01
506272,16,65536,7659.01
506288,16,65536,7659.01
506304,16,65536,7659.01
506320,16,65536,7659.01
506336,16,65536,7659.01
506352,16,65536,7659.01
506368,16,65536,7659.01
506384,16,65536,7659.01
506400,16,65536,7659.01
506416,16,65536,7659.01
506432,16,65536,7659.01
506448,16,65536,7659.01
506464,16,65536,7659.01
506480,16,65536,7659.01
506496,16,65536,7659.01
506512,16,65536,7659.01
506528,16,65536,7659.01
506544,16,65536,7659.01
506560,16,65536,7659.01
506576,16,65536,7659.01
506592,16,65536,7659.01
506608,16,65536,7659.01
506624,16,65536,7659.01
506640,16,65536,7659.01
506656,16,65536,7659.01
506672,16,65536,7659.01
506688,16,65536,7659.01
506704,16,65536,7659.01
506720,16,65536,7659.01
506736,16,65536,7659.01
506752,16,65536,7659.01
506768,16,65536,7659.01
506784,16,65536,7659.01
506800,16,65536,7659.01
506816,16,65536,7659.01
506832,16,65536,7659.01
506848,16,65536,7659.01
506864,16,65536,7659.01
506880,16,65536,7659.01
506896,16,65536,7659.01
506912,16,65536,7659.01
506928,16,65536,7659.01
506944,16,65536,7659.01
506960,16,65536,7659.01
506976,16,65536,7659.01
506992,16,65536,7659.01
507008,16,65536,7659.01
507024,16,65536,7659.01
507040,16,65536,7659.01
507056,16,65536,7659.01
507072,16,65536,7659.01
507088,16,65536,7659.01
507104,16,65536,7659.01
507120,16,65536,7659.01
507136,16,65536,7659.01
507152,16,65536,7659.01
507168,16,65536,7659.01
507184,16,65536,7659.01
507200,16,65536,7659.01
507216,16,65536,7659.01
507232,16,65536,7659.01
507248,16,65536,7659.01
507264,16,65536,7659.01
507280,16,65536,7659.01
507296,16,65536,7659.01
507312,16,65536,7659.01
507328,16,65536,7659.01
507344,16,65536,7659.01
507360,16,65536,7659.01
507376,16,65536,7659.01
507392,16,65536,7659.01
507408,16,65536,7659.01
507424,16,65536,7659.01
507440,16,65536,7659.01
507456,16,65536,7659.01
507472,16,65536,7659.01
507488,16,65536,7659.01
507504,16,65536,7659.01
507520,16,65536,7659.01
507536,16,65536,7659.01
507552,16,65536,7659.01
507568,16,65536,7659.01
507584,16,65536,7659.01
507600,16,65536,7659.01
507616,16,65536,7659.01
507632,16,65536,7659.01
507648,16,65536,7659.01
507664,16,65536,7659.01
507680,16,65536,7659.01
507696,16,65536,7659.01
507712,16,65536,7659.01
507728,16,65536,7659.01
507744,16,65536,7659.01
507760,16,65536,7659.01
507776,16,65536,7659.01
507792,16,65536,7659.01
507808,16,65536,7659.01
507824,16,65536,7659.01
507840,16,65536,7659.01
507856,16,65536,7659.01
507872,16,65536,7659.01
507888,16,65536,7659.01
507904,16,65536,7659.01
507920,16,65536,7659.01
507936,16,65536,7659.01
507952,16,65536,7659.01
507968,16,65536,7659.01
507984,16,65536,7659.01
508000,16,65536,7659.01
508016,16,65536,7659.01
508032,16,65536,7659.01
508048,16,65536,7659.01
508064,16,65536,7659.01
508080,16,65536,7659.01
508096,16,65536,7659.01
508112,16,65536,7659.01
508128,16,65536,7659.01
508144,16,65536,7659.01
508160,16,65536,7659.01
508176,16,65536,7659.01
508192,16,65536,7659.01
508208,16,65536,7659.01
508224,16,65536,7659.01
508240,16,65536,7659.01
508256,16,65536,7659.01
508272,16,65536,7659.01
508288,16,65536,7659.01
508304,16,65536,7659.01
508320,16,65536,7659.01
508336,16,65536,7659.01
508352,16,65536,7659.01
508368,16,65536,7659.01
508384,16,65536,7659.01
508400,16,65536,7659.01
508416,16,65536,7659.01
508432,16,65536,7659.01
508448,16,65536,7659.01
508464,16,65536,7659.01
508480,16,65536,7659.01
508496,16,65536,7659.01
508512,16,65536,7659.01
508528,16,65536,7659.01
508544,16,65536,7659.01
508560,16,65536,7659.01
508576,16,65536,7659.01
508592,16,65536,7659.01
508608,16,65536,7659.01
508624,16,65536,7659.01
508640,16,65536,7659.01
508656,16,65536,7659.01
508672,16,65536,7659.01
508688,16,65536,7659.01
508704,16,65536,7659.01
508720,16,65536,7659.01
508736,16,65536,7659.01
508752,16,65536,7659.01
508768,16,65536,7659.01
508784,16,65536,7659.01
508800,16,65536,7659.01
508816,16,65536,7659.01
508832,16,65536,7659.01
508848,16,65536,7659.01
508864,16,65536,7659.01
508880,16,65536,7659.01
508896,16,65536,7659.01
508912,16,65536,7659.01
508928,16,65536,7659.01
508944,16,65536,7659.01
508960,16,65536,7659.01
508976,16,65536,7659.01
508992,16,65536,7659.01
509008,16,65536,7659.01
509024,16,65536,7659.01
509040,16,65536,7659.01
509056,16,65536,7659.01
509072,16,65536,7659.01
509088,16,65536,7659.01
509104,16,65536,7659.01
509120,16,65536,7659.01
509136,16,65536,7659.01
509152,16,65536,7659.01
509168,16,65536,7659.01
509184,16,65536,7659.01
509200,16,65536,7659.01
509216,16,65536,7659.01
509232,16,65536,7659.01
509248,16,65536,7659.01
509264,16,65536,7659.01
509280,16,65536,7659.01
509296,16,65536,7659.01
509312,16,65536,7659.01
509328,16,65536,7659.01
509344,16,65536,7659.01
509360,16,65536,7659.01
509376,16,65536,7659.01
509392,16,65536,7659.01
509408,16,65536,7659.01
509424,16,65536,7659.01
509440,16,65536,7659.01
509456,16,65536,7659.01
509472,16,65536,7659.01
509488,16,65536,7659.01
509504,16,65536,7659.01
509520,16,65536,7659.01
509536,16,65536,7659.01
509552,16,65536,7659.01
509568,16,65536,7659.01
509584,16,65536,7659.01
509600,16,65536,7659.01
509616,16,65536,7659.01
509632,16,65536,7659.01
509648,16,65536,7659.01
509664,16,65536,7659.01
509680,16,65536,7659.01
509696,16,65536,7659.01
509712,16,65536,7659.01
509728,16,65536,7659.01
509744,16,65536,7659.01
509760,16,65536,7659.01
509776,16,65536,7659.01
509792,16,65536,7659.01
509808,16,65536,7659.01
509824,16,65536,7659.01
509840,16,65536,7659.01
509856,16,65536,7659.01
509872,16,65536,7659.01
509888,16,65536,7659.01
509904,16,65536,7659.01
509920,16,65536,7659.01
509936,16,65536,7659.01
509952,16,65536,7659.01
509968,16,65536,7659.01
509984,16,65536,7659.01
510000,16,65536,7659.01
510016,16,65536,7659.01
510032,16,65536,7659.01
510048,16,65536,7659.01
510064,16,65536,7659.01
510080,16,65536,7659.01
510096,16,65536,7659.01
510112,16,65536,7659.01
510128,16,65536,7659.01
510144,16,65536,7659.01
510160,16,65536,7659.01
510176,16,65536,7659.01
510192,16,65536,7659.01
510208,16,65536,7659.01
510224,16,65536,7659.01
510240,16,65536,7659.01
510256,16,65536,7659.01
510272,16,65536,7659.01
510288,16,65536,7659.01
510304,16,65536,7659.01
510320,16,65536,7659.01
510336,16,65536,7659.01
510352,16,65536,7659.01
510368,16,65536,7659.01
510384,16,65536,7659.01
510400,16,65536,7659.01
510416,16,65536,7659.01
510432,16,65536,7659.01
510448,16,65536,7659.01
510464,16,65536,7659.01
510480,16,65536,7659.01
510496,16,65536,7659.01
510512,16,65536,7659.01
510528,16,65536,7659.01
510544,16,65536,7659.01
510560,16,65536,7659.01
510576,16,65536,7659.01
510592,16,65536,7659.01
510608,16,65536,7659.01
510624,16,65536,7659.01
510640,16,65536,7659.01
510656,16,65536,7659.01
510672,16,65536,7659.01
510688,16,65536,7659.01
510704,16,65536,7659.01
510720,16,65536,7659.01
510736,16,65536,7659.01
510752,16,65536,7659.01
510768,16,65536,7659.01
510784,16,65536,7659.01
510800,16,65536,7659.01
510816,16,65536,7659.01
510832,16,65536,7659.01
510848,16,65536,7659.01
510864,16,65536,7659.01
510880,16,65536,7659.01
510896,16,65536,7659.01
510912,16,65536,7659.01
510928,16,65536,7659.01
510944,16,65536,7659.01
510960,16,65536,7659.01
510976,16,65536,7659.01
510992,16,65536,7659.01
511008,16,65536,7659.01
511024,16,65536,7659.01
511040,16,65536,7659.01
511056,16,65536,7659.01
511072,16,65536,7659.01
511088,16,65536,7659.01
511104,16,65536,7659.01
511120,16,65536,7659.01
511136,16,65536,7659.01
511152,16,65536,7659.01
511168,16,65536,7659.01
511184,16,65536,7659.01
511200,16,65536,7659.01
511216,16,65536,7659.01
511232,16,65536,7659.01
511248,16,65536,7659.01
511264,16,65536,7659.01
511280,16,65536,7659.01
511296,16,65536,7659.01
511312,16,65536,7659.01
511328,16,65536,7659.01
511344,16,65536,7659.01
511360,16,65536,7659.01
511376,16,65536,7659.01
511392,16,65536,7659.01
511408,16,65536,7659.01
511424,16,65536,7659.01
511440,16,65536,7659.01
511456,16,65536,7659.01
511472,16,65536,7659.01
511488,16,65536,7659.01
511504,16,65536,7659.01
511520,16,65536,7659.01
511536,16,65536,7659.01
511552,16,65536,7659.01
511568,16,65536,7659.01
511584,16,65536,7659.01
511600,16,65536,7659.01
511616,16,65536,7659.01
511632,16,65536,7659.01
511648,16,65536,7659.01
511664,16,65536,7659.01
511680,16,65536,7659.01
511696,16,65536,7659.01
511712,16,65536,7659.01
511728,16,65536,7659.01
511744,16,65536,7659.01
511760,16,65536,7659.01
511776,16,65536,7659.01
511792,16,65536,7659.01
511808,16,65536,7659.01
511824,16,65536,7659.01
511840,16,65536,7659.01
511856,16,65536,7659.01
511872,16,65536,7659.01
511888,16,65536,7659.01
511904,16,65536,7659.01
511920,16,65536,7659.01
511936,16,65536,7659.01
511952,16,65536,7659.01
511968,16,65536,7659.01
511984,16,65536,7659.01
512000,16,65536,7659.01
512016,16,65536,7659.01
512032,16,65536,7659.01
512048,16,65536,7659.01
512064,16,65536,7659.01
512080,16,65536,7659.01
512096,16,65536,7659.01
512112,16,65536,7659.01
512128,16,65536,7659.01
512144,16,65536,7659.01
512160,16,65536,7659.01
512176,16,65536,7659.01
512192,16,65536,7659.01
512208,16,65536,7659.01
512224,16,65536,7659.01
512240,16,65536,7659.01
512256,16,65536,7659.01
512272,16,65536,7659.01
512288,16,65536,7659.01
512304,16,65536,7659.01
512320,16,65536,7659.01
512336,16,65536,7659.01
512352,16,65536,7659.01
512368,16,65536,7659.01
512384,16,65536,7659.01
512400,16,65536,7659.01
512416,16,65536,7659.01
512432,16,65536,7659.01
512448,16,65536,7659.01
512464,16,65536,7659.01
512480,16,65536,7659.01
512496,16,65536,7659.01
512512,16,65536,7659.01
512528,16,65536,7659.01
512544,16,65536,7659.01
512560,16,65536,7659.01
512576,16,65536,7659.01
512592,16,65536,7659.01
512608,16,65536,7659.01
512624,16,65536,7659.01
512640,16,65536,7659.01
512656,16,65536,7659.01
512672,16,65536,7659.01
512688,16,65536,7659.01
512704,16,65536,7659.01
512720,16,65536,7659.01
512736,16,65536,7659.01
512752,16,65536,7659.01
512768,16,65536,7659.01
512784,16,65536,7659.01
512800,16,65536,7659.01
512816,16,65536,7659.01
512832,16,65536,7659.01
512848,16,65536,7659.01
512864,16,65536,7659.01
512880,16,65536,7659.01
512896,16,65536,7659.01
512912,16,65536,7659.01
512928,16,65536,7659.01
512944,16,65536,7659.01
512960,16,65536,7659.01
512976,16,65536,7659.01
512992,16,65536,7659.01
513008,16,65536,7659.01
513024,16,65536,7659.01
513040,16,65536,7659.01
513056,16,65536,7659.01
513072,16,65536,7659.01
513088,16,65536,7659.01
513104,16,65536,7659.01
513120,16,65536,7659.01
513136,16,65536,7659.01
513152,16,65536,7659.01
513168,16,65536,7659.01
513184,16,65536,7659.01
513200,16,65536,7659.01
513216,16,65536,7659.01
513232,16,65536,7659.01
513248,16,65536,7659.01
513264,16,65536,7659.01
513280,16,65536,7659.01
513296,16,65536,7659.01
513312,16,65536,7659.01
513328,16,65536,7659.01
513344,16,65536,7659.01
513360,16,65536,7659.01
513376,16,65536,7659.01
513392,16,65536,7659.01
513408,16,65536,7659.01
513424,16,65536,7659.01
513440,16,65536,7659.01
513456,16,65536,7659.01
513472,16,65536,7659.01
513488,16,65536,7659.01
513504,16,65536,7659.01
513520,16,65536,7659.01
513536,16,65536,7659.01
513552,16,65536,7659.01
513568,16,65536,7659.01
513584,16,65536,7659.01
513600,16,65536,7659.01
513616,16,65536,7659.01
513632,16,65536,7659.01
513648,16,65536,7659.01
513664,16,65536,7659.01
513680,16,65536,7659.01
513696,16,65536,7659.01
513712,16,65536,7659.01
513728,16,65536,7659.01
513744,16,65536,7659.01
513760,16,65536,7659.01
513776,16,65536,7659.01
513792,16,65536,7659.01
513808,16,65536,7659.01
513824,16,65536,7659.01
513840,16,65536,7659.01
513856,16,65536,7659.01
513872,16,65536,7659.01
513888,16,65536,7659.01
513904,16,65536,7659.01
513920,16,65536,7659.01
513936,16,65536,7659.01
513952,16,65536,7659.01
513968,16,65536,7659.01
513984,16,65536,7659.01
514000,16,65536,7659.01
514016,16,65536,7659.01
514032,16,65536,7659.01
514048,16,65536,7659.01
514064,16,65536,7659.01
514080,16,65536,7659.01
514096,16,65536,7659.01
514112,16,65536,7659.01
514128,16,65536,7659.01
514144,16,65536,7659.01
514160,16,65536,7659.01
514176,16,65536,7659.01
514192,16,65536,7659.01
514208,16,65536,7659.01
514224,16,65536,7659.01
514240,16,65536,7659.01
514256,16,65536,7659.01
514272,16,65536,7659.01
514288,16,65536,7659.01
514304,16,65536,7659.01
514320,16,65536,7659.01
514336,16,65536,7659.01
514352,16,65536,7659.01
514368,16,65536,7659.01
514384,16,65536,7659.01
514400,16,65536,7659.01
514416,16,65536,7659.01
514432,16,65536,7659.01
514448,16,65536,7659.01
514464,16,65536,7659.01
514480,16,65536,7659.01
514496,16,65536,7659.01
514512,16,65536,7659.01
514528,16,65536,7659.01
514544,16,65536,7659.01
514560,16,65536,7659.01
514576,16,65536,7659.01
514592,16,65536,7659.01
514608,16,65536,7659.01
514624,16,65536,7659.01
514640,16,65536,7659.01
514656,16,65536,7659.01
514672,16,65536,7659.01
514688,16,65536,7659.01
514704,16,65536,7659.01
514720,16,65536,7659.01
514736,16,65536,7659.01
514752,16,65536,7659.01
514768,16,65536,7659.01
514784,16,65536,7659.01
514800,16,65536,7659.01
514816,16,65536,7659.01
514832,16,65536,7659.01
514848,16,65536,7659.01
514864,16,65536,7659.01
514880,16,65536,7659.01
514896,16,65536,7659.01
514912,16,65536,7659.01
514928,16,65536,7659.01
514944,16,65536,7659.01
514960,16,65536,7659.01
514976,16,65536,7659.01
514992,16,65536,7659.01
515008,16,65536,7659.01
515024,16,65536,7659.01
515040,16,65536,7659.01
515056,16,65536,7659.01
515072,16,65536,7659.01
515088,16,65536,7659.01
515104,16,65536,7659.01
515120,16,65536,7659.01
515136,16,65536,7659.01
515152,16,65536,7659.01
515168,16,65536,7659.01
515184,16,65536,7659.01
515200,16,65536,7659.01
515216,16,65536,7659.01
515232,16,65536,7659.01
515248,16,65536,7659.01
515264,16,65536,7659.01
515280,16,65536,7659.01
515296,16,65536,7659.01
515312,16,65536,7659.01
515328,16,65536,7659.01
515344,16,65536,7659.01
515360,16,65536,7659.01
515376,16,65536,7659.01
515392,16,65536,7659.01
515408,16,65536,7659.01
515424,16,65536,7659.01
515440,16,65536,7659.01
515456,16,65536,7659.01
515472,16,65536,7659.01
515488,16,65536,7659.01
515504,16,65536,7659.01
515520,16,65536,7659.01
515536,16,65536,7659.01
515552,16,65536,7659.01
515568,16,65536,7659.01
515584,16,65536,7659.01
515600,16,65536,7659.01
515616,16,65536,7659.01
515632,16,65536,7659.01
515648,16,65536,7659.01
515664,16,65536,7659.01
515680,16,65536,7659.01
515696,16,65536,7659.01
515712,16,65536,7659.01
515728,16,65536,7659.01
515744,16,65536,7659.01
515760,16,65536,7659.01
515776,16,65536,7659.01
515792,16,65536,7659.01
515808,16,65536,7659.01
515824,16,65536,7659.01
515840,16,65536,7659.01
515856,16,65536,7659.01
515872,16,65536,7659.01
515888,16,65536,7659.01
515904,16,65536,7659.01
515920,16,65536,7659.01
515936,16,65536,7659.01
515952,16,65536,7659.01
515968,16,65536,7659.01
515984,16,65536,7659.01
516000,16,65536,7659.01
516016,16,65536,7659.01
516032,16,65536,7659.01
516048,16,65536,7659.01
516064,16,65536,7659.01
516080,16,65536,7659.01
516096,16,65536,7659.01
516112,16,65536,7659.01
516128,16,65536,7659.01
516144,16,65536,7659.01
516160,16,65536,7659.01
516176,16,65536,7659.01
516192,16,65536,7659.01
516208,16,65536,7659.01
516224,16,65536,7659.01
516240,16,65536,7659.01
516256,16,65536,7659.01
516272,16,65536,7659.01
516288,16,65536,7659.01
516304,16,65536,7659.01
516320,16,65536,7659.01
516336,16,65536,7659.01
516352,16,65536,7659.01
516368,16,65536,7659.01
516384,16,65536,7659.01
516400,16,65536,7659.01
516416,16,65536,7659.01
516432,16,65536,7659.01
516448,16,65536,7659.01
516464,16,65536,7659.01
516480,16,65536,7659.01
516496,16,65536,7659.01
516512,16,65536,7659.01
516528,16,65536,7659.01
516544,16,65536,7659.01
516560,16,65536,7659.01
516576,16,65536,7659.01
516592,16,65536,7659.01
516608,16,65536,7659.01
516624,16,65536,7659.01
516640,16,65536,7659.01
516656,16,65536,7659.01
516672,16,65536,7659.01
516688,16,65536,7659.01
516704,16,65536,7659.01
516720,16,65536,7659.01
516736,16,65536,7659.01
516752,16,65536,7659.01
516768,16,65536,7659.01
516784,16,65536,7659.01
516800,16,65536,7659.01
516816,16,65536,7659.01
516832,16,65536,7659.01
516848,16,65536,7659.01
516864,16,65536,7659.01
516880,16,65536,7659.01
516896,16,65536,7659.01
516912,16,65536,7659.01
516928,16,65536,7659.01
516944,16,65536,7659.01
516960,16,65536,7659.01
516976,16,65536,7659.01
516992,16,65536,7659.01
517008,16,65536,7659.01
517024,16,65536,7659.01
517040,16,65536,7659.01
517056,16,65536,7659.01
517072,16,65536,7659.01
517088,16,65536,7659.01
517104,16,65536,7659.01
517120,16,65536,7659.01
517136,16,65536,7659.01
517152,16,65536,7659.01
517168,16,65536,7659.01
517184,16,65536,7659.01
517200,16,65536,7659.01
517216,16,65536,7659.01
517232,16,65536,7659.01
517248,16,65536,7659.01
517264,16,65536,7659.01
517280,16,65536,7659.01
517296,16,65536,7659.01
517312,16,65536,7659.01
517328,16,65536,7659.01
517344,16,65536,7659.01
517360,16,65536,7659.01
517376,16,65536,7659.01
517392,16,65536,7659.01
517408,16,65536,7659.01
517424,16,65536,7659.01
517440,16,65536,7659.01
517456,16,65536,7659.01
517472,16,65536,7659.01
517488,16,65536,7659.01
517504,16,65536,7659.01
517520,16,65536,7659.01
517536,16,65536,7659.01
517552,16,65536,7659.01
517568,16,65536,7659.01
517584,16,65536,7659.01
517600,16,65536,7659.01
517616,16,65536,7659.01
517632,16,65536,7659.01
517648,16,65536,7659.01
517664,16,65536,7659.01
517680,16,65536,7659.01
517696,16,65536,7659.01
517712,16,65536,7659.01
517728,16,65536,7659.01
517744,16,65536,7659.01
517760,16,65536,7659.01
517776,16,65536,7659.01
517792,16,65536,7659.01
517808,16,65536,7659.01
517824,16,65536,7659.01
517840,16,65536,7659.01
517856,16,65536,7659.01
517872,16,65536,7659.01
517888,16,65536,7659.01
517904,16,65536,7659.01
517920,16,65536,7659.01
517936,16,65536,7659.01
517952,16,65536,7659.01
517968,16,65536,7659.01
517984,16,65536,7659.01
518000,16,65536,7659.01
518016,16,65536,7659.01
518032,16,65536,7659.01
518048,16,65536,7659.01
518064,16,65536,7659.01
518080,16,65536,7659.01
518096,16,65536,7659.01
518112,16,65536,7659.01
518128,16,65536,7659.01
518144,16,65536,7659.01
518160,16,65536,7659.01
518176,16,65536,7659.01
518192,16,65536,7659.01
518208,16,65536,7659.01
518224,16,65536,7659.01
518240,16,65536,7659.01
518256,16,65536,7659.01
518272,16,65536,7659.01
518288,16,65536,7659.01
518304,16,65536,7659.01
518320,16,65536,7659.01
518336,16,65536,7659.01
518352,16,65536,7659.01
518368,16,65536,7659.01
518384,16,65536,7659.01
518400,16,65536,7659.01
518416,16,65536,7659.01
518432,16,65536,7659.01
518448,16,65536,7659.01
518464,16,65536,7659.01
518480,16,65536,7659.01
518496,16,65536,7659.01
518512,16,65536,7659.01
518528,16,65536,7659.01
518544,16,65536,7659.01
518560,16,65536,7659.01
518576,16,65536,7659.01
518592,16,65536,7659.01
518608,16,65536,7659.01
518624,16,65536,7659.01
518640,16,65536,7659.01
518656,16,65536,7659.01
518672,16,65536,7659.01
518688,16,65536,7659.01
518704,16,65536,7659.01
518720,16,65536,7659.01
518736,16,65536,7659.01
518752,16,65536,7659.01
518768,16,65536,7659.01
518784,16,65536,7659.01
518800,16,65536,7659.01
518816,16,65536,7659.01
518832,16,65536,7659.01
518848,16,65536,7659.01
518864,16,65536,7659.01
518880,16,65536,7659.01
518896,16,65536,7659.01
518912,16,65536,7659.01
518928,16,65536,7659.01
518944,16,65536,7659.01
518960,16,65536,7659.01
518976,16,65536,7659.01
518992,16,65536,7659.01
519008,16,65536,7659.01
519024,16,65536,7659.01
519040,16,65536,7659.01
519056,16,65536,7659.01
519072,16,65536,7659.01
519088,16,65536,7659.01
519104,16,65536,7659.01
519120,16,65536,7659.01
519136,16,65536,7659.01
519152,16,65536,7659.01
519168,16,65536,7659.01
519184,16,65536,7659.01
519200,16,65536,7659.01
519216,16,65536,7659.01
519232,16,65536,7659.01
519248,16,65536,7659.01
519264,16,65536,7659.01
519280,16,65536,7659.01
519296,16,65536,7659.01
519312,16,65536,7659.01
519328,16,65536,7659.01
519344,16,65536,7659.01
519360,16,65536,7659.01
519376,16,65536,7659.01
519392,16,65536,7659.01
519408,16,65536,7659.01
519424,16,65536,7659.01
519440,16,65536,7659.01
519456,16,65536,7659.01
519472,16,65536,7659.01
519488,16,65536,7659.01
519504,16,65536,7659.01
519520,16,65536,7659.01
519536,16,65536,7659.01
519552,16,65536,7659.01
519568,16,65536,7659.01
519584,16,65536,7659.01
519600,16,65536,7659.01
519616,16,65536,7659.01
519632,16,65536,7659.01
519648,16,65536,7659.01
519664,16,65536,7659.01
519680,16,65536,7659.01
519696,16,65536,7659.01
519712,16,65536,7659.01
519728,16,65536,7659.01
519744,16,65536,7659.01
519760,16,65536,7659.01
519776,16,65536,7659.01
519792,16,65536,7659.01
519808,16,65536,7659.01
519824,16,65536,7659.01
519840,16,65536,7659.01
519856,16,65536,7659.01
519872,16,65536,7659.01
519888,16,65536,7659.01
519904,16,65536,7659.01
519920,16,65536,7659.01
519936,16,65536,7659.01
519952,16,65536,7659.01
519968,16,65536,7659.01
519984,16,65536,7659.01
520000,16,65536,7659.01
520016,16,65536,7659.01
520032,16,65536,7659.01
520048,16,65536,7659.01
520064,16,65536,7659.01
520080,16,65536,7659.01
520096,16,65536,7659.01
520112,16,65536,7659.01
520128,16,65536,7659.01
520144,16,65536,7659.01
520160,16,65536,7659.01
520176,16,65536,7659.01
520192,16,65536,7659.01
520208,16,65536,7659.01
520224,16,65536,7659.01
520240,16,65536,7659.01
520256,16,65536,7659.01
520272,16,65536,7659.01
520288,16,65536,7659.01
520304,16,65536,7659.01
520320,16,65536,7659.01
520336,16,65536,7659.01
520352,16,65536,7659.01
520368,16,65536,7659.01
520384,16,65536,7659.01
520400,16,65536,7659.01
520416,16,65536,7659.01
520432,16,65536,7659.01
520448,16,65536,7659.01
520464,16,65536,7659.01
520480,16,65536,7659.01
520496,16,65536,7659.01
520512,16,65536,7659.01
520528,16,65536,7659.01
520544,16,65536,7659.01
520560,16,65536,7659.01
520576,16,65536,7659.01
520592,16,65536,7659.01
520608,16,65536,7659.01
520624,16,65536,7659.01
520640,16,65536,7659.01
520656,16,65536,7659.01
520672,16,65536,7659.01
520688,16,65536,7659.01
520704,16,65536,7659.01
520720,16,65536,7659.01
520736,16,65536,7659.01
520752,16,65536,7659.01
520768,16,65536,7659.01
520784,16,65536,7659.01
520800,16,65536,7659.01
520816,16,65536,7659.01
520832,16,65536,7659.01
520848,16,65536,7659.01
520864,16,65536,7659.01
520880,16,65536,7659.01
520896,16,65536,7659.01
520912,16,65536,7659.01
520928,16,65536,7659.01
520944,16,65536,7659.01
520960,16,65536,7659.01
520976,16,65536,7659.01
520992,16,65536,7659.01
521008,16,65536,7659.01
521024,16,65536,7659.01
521040,16,65536,7659.01
521056,16,65536,7659.01
521072,16,65536,7659.01
521088,16,65536,7659.01
521104,16,65536,7659.01
521120,16,65536,7659.01
521136,16,65536,7659.01
521152,16,65536,7659.01
521168,16,65536,7659.01
521184,16,65536,7659.01
521200,16,65536,7659.01
521216,16,65536,7659.01
521232,16,65536,7659.01
521248,16,65536,7659.01
521264,16,65536,7659.01
521280,16,65536,7659.01
521296,16,65536,7659.01
521312,16,65536,7659.01
521328,16,65536,7659.01
521344,16,65536,7659.01
521360,16,65536,7659.01
521376,16,65536,7659.01
521392,16,65536,7659.01
521408,16,65536,7659.01
521424,16,65536,7659.01
521440,16,65536,7659.01
521456,16,65536,7659.01
521472,16,65536,7659.01
521488,16,65536,7659.01
521504,16,65536,7659.01
521520,16,65536,7659.01
521536,16,65536,7659.01
521552,16,65536,7659.01
521568,16,65536,7659.01
521584,16,65536,7659.01
521600,16,65536,7659.01
521616,16,65536,7659.01
521632,16,65536,7659.01
521648,16,65536,7659.01
521664,16,65536,7659.01
521680,16,65536,7659.01
521696,16,65536,7659.01
521712,16,65536,7659.01
521728,16,65536,7659.01
521744,16,65536,7659.01
521760,16,65536,7659.01
521776,16,65536,7659.01
521792,16,65536,7659.01
521808,16,65536,7659.01
521824,16,65536,7659.01
521840,16,65536,7659.01
521856,16,65536,7659.01
521872,16,65536,7659.01
521888,16,65536,7659.01
521904,16,65536,7659.01
521920,16,65536,7659.01
521936,16,65536,7659.01
521952,16,65536,7659.01
521968,16,65536,7659.01
521984,16,65536,7659.01
522000,16,65536,7659.01
522016,16,65536,7659.01
522032,16,65536,7659.01
522048,16,65536,7659.01
522064,16,65536,7659.01
522080,16,65536,7659.01
522096,16,65536,7659.01
522112,16,65536,7659.01
522128,16,65536,7659.01
522144,16,65536,7659.01
522160,16,65536,7659.01
522176,16,65536,7659.01
522192,16,65536,7659.01
522208,16,65536,7659.01
522224,16,65536,7659.01
522240,16,65536,7659.01
522256,16,65536,7659.01
522272,16,65536,7659.01
522288,16,65536,7659.01
522304,16,65536,7659.01
522320,16,65536,7659.01
522336,16,65536,7659.01
522352,16,65536,7659.01
522368,16,65536,7659.01
522384,16,65536,7659.01
522400,16,65536,7659.01
522416,16,65536,7659.01
522432,16,65536,7659.01
522448,16,65536,7659.01
522464,16,65536,7659.01
522480,16,65536,7659.01
522496,16,65536,7659.01
522512,16,65536,7659.01
522528,16,65536,7659.01
522544,16,65536,7659.01
522560,16,65536,7659.01
522576,16,65536,7659.01
522592,16,65536,7659.01
522608,16,65536,7659.01
522624,16,65536,7659.01
522640,16,65536,7659.01
522656,16,65536,7659.01
522672,16,65536,7659.01
522688,16,65536,7659.01
522704,16,65536,7659.01
522720,16,65536,7659.01
522736,16,65536,7659.01
522752,16,65536,7659.01
522768,16,65536,7659.01
522784,16,65536,7659.01
522800,16,65536,7659.01
522816,16,65536,7659.01
522832,16,65536,7659.01
522848,16,65536,7659.01
522864,16,65536,7659.01
522880,16,65536,7659.01
522896,16,65536,7659.01
522912,16,65536,7659.01
522928,16,65536,7659.01
522944,16,65536,7659.01
522960,16,65536,7659.01
522976,16,65536,7659.01
522992,16,65536,7659.01
523008,16,65536,7659.01
523024,16,65536,7659.01
523040,16,65536,7659.01
523056,16,65536,7659.01
523072,16,65536,7659.01
523088,16,65536,7659.01
523104,16,65536,7659.01
523120,16,65536,7659.01
523136,16,65536,7659.01
523152,16,65536,7659.01
523168,16,65536,7659.01
523184,16,65536,7659.01
523200,16,65536,7659.01
523216,16,65536,7659.01
523232,16,65536,7659.01
523248,16,65536,7659.01
523264,16,65536,7659.01
523280,16,65536,7659.01
523296,16,65536,7659.01
523312,16,65536,7659.01
523328,16,65536,7659.01
523344,16,65536,7659.01
523360,16,65536,7659.01
523376,16,65536,7659.01
523392,16,65536,7659.01
523408,16,65536,7659.01
523424,16,65536,7659.01
523440,16,65536,7659.01
523456,16,65536,7659.01
523472,16,65536,7659.01
523488,16,65536,7659.01
523504,16,65536,7659.01
523520,16,65536,7659.01
523536,16,65536,7659.01
523552,16,65536,7659.01
523568,16,65536,7659.01
523584,16,65536,7659.01
523600,16,65536,7659.01
523616,16,65536,7659.01
523632,16,65536,7659.01
523648,16,65536,7659.01
523664,16,65536,7659.01
523680,16,65536,7659.01
523696,16,65536,7659.01
523712,16,65536,7659.01
523728,16,65536,7659.01
523744,16,65536,7659.01
523760,16,65536,7659.01
523776,16,65536,7659.01
523792,16,65536,7659.01
523808,16,65536,7659.01
523824,16,65536,7659.01
523840,16,65536,7659.01
523856,16,65536,7659.01
523872,16,65536,7659.01
523888,16,65536,7659.01
523904,16,65536,7659.01
523920,16,65536,7659.01
523936,16,65536,7659.01
523952,16,65536,7659.01
523968,16,65536,7659.01
523984,16,65536,7659.01
524000,16,65536,7659.01
524016,16,65536,7659.01
524032,16,65536,7659.01
524048,16,65536,7659.01
524064,16,65536,7659.01
524080,16,65536,7659.01
524096,16,65536,7659.01
524112,16,65536,7659.01
524128,16,65536,7659.01
524144,16,65536,7659.01
524160,16,65536,7659.01
524176,16,65536,7659.01
524192,16,65536,7659.01
524208,16,65536,7659.01
524224,16,65536,7659.01
524240,16,65536,7659.01
524256,16,65536,7659.01
524272,16,65536,7659.01
524288,16,65536,7659.01
