range (byte),stride (byte),niter,t (us)
16,16,100,9.984
16,16,10016,733.952
16,16,13646,1000.19
16,16,32768,2397.18
32,16,32768,2396.93
48,16,32768,2397.18
64,16,32768,2396.93
80,16,32768,2397.57
96,16,32768,2397.18
112,16,32768,2397.57
128,16,32768,2397.95
144,16,32768,2397.95
160,16,32768,2397.95
176,16,32768,2397.95
192,16,32768,2397.95
208,16,32768,2397.57
224,16,32768,2398.08
240,16,32768,2397.95
256,16,32768,2397.95
272,16,32768,2397.95
288,16,32768,2397.95
304,16,32768,2397.95
320,16,32768,2397.95
336,16,32768,2397.95
352,16,32768,2397.95
368,16,32768,2397.95
384,16,32768,2397.95
400,16,32768,2397.95
416,16,32768,2398.08
432,16,32768,2397.95
448,16,32768,2398.08
464,16,32768,2397.95
480,16,32768,2397.95
496,16,32768,2397.95
512,16,32768,2397.95
528,16,32768,2397.95
544,16,32768,2397.95
560,16,32768,2397.95
576,16,32768,2397.95
592,16,32768,2397.95
608,16,32768,2398.08
624,16,32768,2397.95
640,16,32768,2397.95
656,16,32768,2397.95
672,16,32768,2398.08
688,16,32768,2397.95
704,16,32768,2398.08
720,16,32768,2398.46
736,16,32768,2397.95
752,16,32768,2398.98
768,16,32768,2398.21
784,16,32768,2398.98
800,16,32768,2398.98
816,16,32768,2398.98
832,16,32768,2399.1
848,16,32768,2398.98
864,16,32768,2398.98
880,16,32768,2398.98
896,16,32768,2398.98
912,16,32768,2398.98
928,16,32768,2399.1
944,16,32768,2399.1
960,16,32768,2398.98
976,16,32768,2398.98
992,16,32768,2398.98
1008,16,32768,2398.98
1024,16,32768,2398.98
1040,16,32768,2692.86
1040,16,32768,2692.86
1040,32,32768,2692.86
1040,48,32768,2605.95
1040,64,32768,2692.86
1040,80,32768,2397.95
1040,96,32768,2605.95
1040,112,32768,2588.93
1040,128,32768,2692.86
1040,144,32768,2588.93
1040,160,32768,2398.08
1040,176,32768,2674.94
1040,192,32768,2692.86
1040,208,32768,2397.95
1040,224,32768,2622.98
1040,240,32768,2397.95
1040,256,32768,2692.48
1040,272,32768,2605.82
1040,288,32768,2624
1040,304,32768,2606.08
1040,320,32768,2398.21
1040,336,32768,2692.86
1040,352,32768,2674.94
1040,368,32768,2605.95
1040,384,32768,2605.82
1040,400,32768,2398.08
1040,416,32768,2397.95
1040,432,32768,2640.9
1040,448,32768,2658.05
1040,464,32768,2658.05
1040,480,32768,2397.95
1040,496,32768,2605.95
1040,512,32768,2692.86
1040,528,32768,2692.86
1040,544,32768,2605.82
1040,560,32768,2397.95
1040,576,32768,2658.05
1040,592,32768,2657.79
1040,608,32768,2640.9
1040,624,32768,2397.95
1040,640,32768,2397.95
1040,656,32768,2605.82
1040,672,32768,2605.82
1040,688,32768,2674.94
1040,704,32768,2692.99
1040,720,32768,2398.08
1040,736,32768,2605.82
1040,752,32768,2624
1040,768,32768,2605.82
1040,784,32768,2691.97
1040,800,32768,2397.95
1040,816,32768,2623.49
1040,832,32768,2397.95
1040,848,32768,2692.99
1040,864,32768,2674.94
1040,880,32768,2398.21
1040,896,32768,2588.93
1040,912,32768,2692.99
1040,928,32768,2588.93
1040,944,32768,2605.82
1040,960,32768,2398.21
1040,976,32768,2692.86
1040,992,32768,2605.95
1040,1008,32768,2692.99
1040,16,32768,2691.84
1056,16,32768,2688
1072,16,32768,2968.45
1088,16,32768,2959.87
1104,16,32768,2967.94
1120,16,32768,2959.87
1136,16,32768,2967.81
1152,16,32768,2959.87
1168,16,32768,2968.06
1184,16,32768,2959.87
1200,16,32768,2966.91
1216,16,32768,2959.87
1232,16,32768,2967.94
1248,16,32768,2959.87
1264,16,32768,2967.04
1280,16,32768,2959.87
1296,16,32768,2966.78
1312,16,32768,2959.87
1328,16,32768,2967.04
1344,16,32768,2959.87
1360,16,32768,2967.04
1376,16,32768,2959.87
1392,16,32768,2966.53
1408,16,32768,2959.87
1424,16,32768,2967.04
1440,16,32768,2959.87
1456,16,32768,2966.02
1472,16,32768,2960
1488,16,32768,2966.4
1504,16,32768,2960
1520,16,32768,2966.02
1536,16,32768,2959.87
1552,16,32768,2966.02
1568,16,32768,2960
1584,16,32768,2966.02
1600,16,32768,2960.38
1616,16,32768,2966.02
1632,16,32768,2960.38
1648,16,32768,2966.02
1664,16,32768,2960.51
1680,16,32768,2965.89
1696,16,32768,2960.9
1712,16,32768,2966.02
1728,16,32768,2960.9
1744,16,32768,2966.02
1760,16,32768,2960.9
1776,16,32768,2965.5
1792,16,32768,2959.87
1808,16,32768,2965.5
1824,16,32768,2960.38
1840,16,32768,2964.99
1856,16,32768,2960.38
1872,16,32768,2964.99
1888,16,32768,2960.9
1904,16,32768,2964.99
1920,16,32768,2960.9
1936,16,32768,2964.99
1952,16,32768,2960.9
1968,16,32768,2964.99
1984,16,32768,2960.9
2000,16,32768,2964.99
2016,16,32768,2960.9
2032,16,32768,2964.99
2048,16,32768,2959.87
2064,16,32768,2964.99
2080,16,32768,2960.38
2096,16,32768,2964.99
2112,16,32768,2959.87
2128,16,32768,2964.99
2144,16,32768,2961.02
2160,16,32768,2964.1
2176,16,32768,2959.87
2192,16,32768,2964.99
2208,16,32768,2960.9
2224,16,32768,2964.48
2240,16,32768,2960.51
2256,16,32768,2964.48
2272,16,32768,2960.38
2288,16,32768,2964.48
2304,16,32768,2960.9
2320,16,32768,2964.48
2336,16,32768,2960.51
2352,16,32768,2963.97
2368,16,32768,2960.9
2384,16,32768,2964.48
2400,16,32768,2959.87
2416,16,32768,2964.48
2432,16,32768,2961.15
2448,16,32768,2964.99
2464,16,32768,2960.51
2480,16,32768,2964.99
2496,16,32768,2960.9
2512,16,32768,2964.99
2528,16,32768,2960.51
2544,16,32768,2963.97
2560,16,32768,2960.51
2576,16,32768,2964.48
2592,16,32768,2960.51
2608,16,32768,2963.97
2624,16,32768,2960.9
2640,16,32768,2963.97
2656,16,32768,2960.64
2672,16,32768,2963.97
2688,16,32768,2960.9
2704,16,32768,2963.97
2720,16,32768,2961.02
2736,16,32768,2963.97
2752,16,32768,2960.9
2768,16,32768,2963.97
2784,16,32768,2960.9
2800,16,32768,2963.97
2816,16,32768,2960.9
2832,16,32768,2963.97
2848,16,32768,2960.9
2864,16,32768,2963.97
2880,16,32768,2960.9
2896,16,32768,2963.97
2912,16,32768,2961.02
2928,16,32768,2963.97
2944,16,32768,2960.9
2960,16,32768,2963.97
2976,16,32768,2961.02
2992,16,32768,2963.97
3008,16,32768,2960.9
3024,16,32768,2963.97
3040,16,32768,2961.15
3056,16,32768,2963.97
3072,16,32768,2960.9
3088,16,32768,2963.97
3104,16,32768,2960.9
3120,16,32768,2963.97
3136,16,32768,2960.9
3152,16,32768,2963.97
3168,16,32768,2960.9
3184,16,32768,2963.97
3200,16,32768,2960.9
3216,16,32768,2963.97
3232,16,32768,2960.9
3248,16,32768,2963.97
3264,16,32768,2961.02
3280,16,32768,2963.97
3296,16,32768,2960.9
3312,16,32768,2963.97
3328,16,32768,2960.9
3344,16,32768,2963.97
3360,16,32768,2961.02
3376,16,32768,2963.97
3392,16,32768,2960.9
3408,16,32768,2963.97
3424,16,32768,2960.9
3440,16,32768,2963.97
3456,16,32768,2960.9
3472,16,32768,2963.97
3488,16,32768,2960.9
3504,16,32768,2963.97
3520,16,32768,2960.9
3536,16,32768,2963.97
3552,16,32768,2961.15
3568,16,32768,2963.97
3584,16,32768,2961.15
3600,16,32768,2963.97
3616,16,32768,2961.15
3632,16,32768,2963.97
3648,16,32768,2961.41
3664,16,32768,2963.97
3680,16,32768,2961.54
3696,16,32768,2963.58
3712,16,32768,2961.54
3728,16,32768,2963.97
3744,16,32768,2961.02
3760,16,32768,2963.46
3776,16,32768,2961.41
3792,16,32768,2963.58
3808,16,32768,2961.41
3824,16,32768,2963.07
3840,16,32768,2961.92
3856,16,32768,2963.58
3872,16,32768,2961.41
3888,16,32768,2963.58
3904,16,32768,2961.41
3920,16,32768,2963.46
3936,16,32768,2961.66
3952,16,32768,2963.97
3968,16,32768,2961.02
3984,16,32768,2963.46
4000,16,32768,2962.05
4016,16,32768,2963.97
4032,16,32768,2961.92
4048,16,32768,2963.97
4064,16,32768,2962.18
4080,16,32768,2963.97
4096,16,32768,2961.54
4112,16,32768,2963.97
4128,16,32768,2961.54
4144,16,32768,2963.97
4160,16,32768,2961.41
4176,16,32768,2963.46
4192,16,32768,2961.41
4208,16,32768,2963.97
4224,16,32768,2961.92
4240,16,32768,2963.07
4256,16,32768,2961.66
4272,16,32768,2963.58
4288,16,32768,2961.02
4304,16,32768,2963.97
4320,16,32768,2961.41
4336,16,32768,2963.97
4352,16,32768,2961.92
4368,16,32768,2963.46
4384,16,32768,2961.92
4400,16,32768,2963.97
4416,16,32768,2961.15
4432,16,32768,2963.97
4448,16,32768,2961.41
4464,16,32768,2963.46
4480,16,32768,2961.41
4496,16,32768,2963.46
4512,16,32768,2961.41
4528,16,32768,2963.97
4544,16,32768,2961.92
4560,16,32768,2963.46
4576,16,32768,2961.92
4592,16,32768,2963.46
4608,16,32768,2961.41
4624,16,32768,2963.46
4640,16,32768,2961.92
4656,16,32768,2963.97
4672,16,32768,2961.92
4688,16,32768,2963.97
4704,16,32768,2961.92
4720,16,32768,2963.97
4736,16,32768,2961.92
4752,16,32768,2963.97
4768,16,32768,2962.18
4784,16,32768,2963.07
4800,16,32768,2961.92
4816,16,32768,2963.97
4832,16,32768,2961.92
4848,16,32768,2963.97
4864,16,32768,2961.92
4880,16,32768,2963.97
4896,16,32768,2961.92
4912,16,32768,2963.97
4928,16,32768,2961.92
4944,16,32768,2963.97
4960,16,32768,2961.92
4976,16,32768,2963.46
4992,16,32768,2961.92
5008,16,32768,2963.97
5024,16,32768,2961.92
5040,16,32768,2963.97
5056,16,32768,2961.92
5072,16,32768,2963.46
5088,16,32768,2961.92
5104,16,32768,2963.97
5120,16,32768,2961.92
5136,16,32768,2963.97
5152,16,32768,2961.92
5168,16,32768,2963.58
5184,16,32768,2961.92
5200,16,32768,2963.46
5216,16,32768,2961.92
5232,16,32768,2963.97
5248,16,32768,2961.92
5264,16,32768,2963.97
5280,16,32768,2961.92
5296,16,32768,2963.97
5312,16,32768,2961.92
5328,16,32768,2963.46
5344,16,32768,2961.92
5360,16,32768,2963.97
5376,16,32768,2961.92
5392,16,32768,2963.97
5408,16,32768,2961.92
5424,16,32768,2963.97
5440,16,32768,2961.92
5456,16,32768,2963.97
5472,16,32768,2961.92
5488,16,32768,2963.97
5504,16,32768,2961.92
5520,16,32768,2963.97
5536,16,32768,2961.92
5552,16,32768,2963.97
5568,16,32768,2961.92
5584,16,32768,2963.97
5600,16,32768,2961.92
5616,16,32768,2963.97
5632,16,32768,2962.05
5648,16,32768,2963.97
5664,16,32768,2962.05
5680,16,32768,2963.97
5696,16,32768,2962.05
5712,16,32768,2963.97
5728,16,32768,2962.43
5744,16,32768,2963.97
5760,16,32768,2962.05
5776,16,32768,2963.97
5792,16,32768,2962.43
5808,16,32768,2963.97
5824,16,32768,2962.94
5840,16,32768,2963.97
5856,16,32768,2961.92
5872,16,32768,2963.97
5888,16,32768,2961.92
5904,16,32768,2963.97
5920,16,32768,2962.56
5936,16,32768,2963.97
5952,16,32768,2962.18
5968,16,32768,2963.97
5984,16,32768,2962.43
6000,16,32768,2963.97
6016,16,32768,2961.92
6032,16,32768,2963.97
6048,16,32768,2962.43
6064,16,32768,2963.97
6080,16,32768,2962.05
6096,16,32768,2963.97
6112,16,32768,2962.43
6128,16,32768,2963.97
6144,16,32768,2962.43
6160,16,32768,2963.97
6176,16,32768,2962.56
6192,16,32768,2963.97
6208,16,32768,2962.43
6224,16,32768,2963.97
6240,16,32768,2962.94
6256,16,32768,2963.97
6272,16,32768,2962.94
6288,16,32768,2963.97
6304,16,32768,2962.94
6320,16,32768,2963.97
6336,16,32768,2962.94
6352,16,32768,2963.97
6368,16,32768,2961.92
6384,16,32768,2963.97
6400,16,32768,2962.94
6416,16,32768,2963.97
6432,16,32768,2962.94
6448,16,32768,2963.97
6464,16,32768,2962.94
6480,16,32768,2963.97
6496,16,32768,2962.94
6512,16,32768,2963.97
6528,16,32768,2962.56
6544,16,32768,2963.97
6560,16,32768,2962.94
6576,16,32768,2963.97
6592,16,32768,2962.56
6608,16,32768,2963.97
6624,16,32768,2962.94
6640,16,32768,2963.97
6656,16,32768,2961.92
6672,16,32768,2963.97
6688,16,32768,2962.94
6704,16,32768,2963.97
6720,16,32768,2962.94
6736,16,32768,2963.97
6752,16,32768,2962.94
6768,16,32768,2963.97
6784,16,32768,2962.94
6800,16,32768,2963.97
6816,16,32768,2962.94
6832,16,32768,2963.97
6848,16,32768,2962.94
6864,16,32768,2963.97
6880,16,32768,2962.94
6896,16,32768,2963.97
6912,16,32768,2962.94
6928,16,32768,2963.97
6944,16,32768,2962.94
6960,16,32768,2963.97
6976,16,32768,2962.94
6992,16,32768,2964.1
7008,16,32768,2962.94
7024,16,32768,2963.97
7040,16,32768,2962.94
7056,16,32768,2963.97
7072,16,32768,2962.94
7088,16,32768,2963.97
7104,16,32768,2962.94
7120,16,32768,2964.48
7136,16,32768,2962.94
7152,16,32768,2963.97
7168,16,32768,2962.94
7184,16,32768,2963.97
7200,16,32768,2962.94
7216,16,32768,2963.97
7232,16,32768,2962.94
7248,16,32768,2964.48
7264,16,32768,2962.94
7280,16,32768,2964.99
7296,16,32768,2962.94
7312,16,32768,2964.99
7328,16,32768,2962.94
7344,16,32768,2964.48
7360,16,32768,2962.94
7376,16,32768,2964.99
7392,16,32768,2962.94
7408,16,32768,2964.48
7424,16,32768,2962.94
7440,16,32768,2964.99
7456,16,32768,2962.94
7472,16,32768,2964.99
7488,16,32768,2962.94
7504,16,32768,2964.99
7520,16,32768,2962.94
7536,16,32768,2964.99
7552,16,32768,2963.07
7568,16,32768,2964.48
7584,16,32768,2962.94
7600,16,32768,2963.97
7616,16,32768,2962.94
7632,16,32768,2963.97
7648,16,32768,2962.94
7664,16,32768,2964.48
7680,16,32768,2963.07
7696,16,32768,2964.99
7712,16,32768,2963.97
7728,16,32768,2964.48
7744,16,32768,2963.07
7760,16,32768,2964.99
7776,16,32768,2963.46
7792,16,32768,2964.48
7808,16,32768,2963.97
7824,16,32768,2964.1
7840,16,32768,2963.07
7856,16,32768,2964.99
7872,16,32768,2963.97
7888,16,32768,2964.99
7904,16,32768,2963.97
7920,16,32768,2964.48
7936,16,32768,2963.97
7952,16,32768,2964.99
7968,16,32768,2963.97
7984,16,32768,2963.97
8000,16,32768,2963.97
8016,16,32768,2964.99
8032,16,32768,2963.97
8048,16,32768,2964.99
8064,16,32768,2963.07
8080,16,32768,2964.99
8096,16,32768,2963.97
8112,16,32768,2964.99
8128,16,32768,2963.97
8144,16,32768,2964.99
8160,16,32768,2963.97
8176,16,32768,2964.99
8192,16,32768,2963.97
8208,16,32768,2964.99
8224,16,32768,2963.58
8240,16,32768,2964.99
8256,16,32768,2963.97
8272,16,32768,2964.99
8288,16,32768,2963.97
8304,16,32768,2964.99
8320,16,32768,2963.97
8336,16,32768,2964.99
8352,16,32768,2963.97
8368,16,32768,2964.99
8384,16,32768,2963.97
8400,16,32768,2964.99
8416,16,32768,2963.97
8432,16,32768,2964.99
8448,16,32768,2963.97
8464,16,32768,2964.99
8480,16,32768,2963.97
8496,16,32768,2964.99
8512,16,32768,2962.94
8528,16,32768,2964.99
8544,16,32768,2963.07
8560,16,32768,2964.48
8576,16,32768,2963.97
8592,16,32768,2964.99
8608,16,32768,2963.97
8624,16,32768,2964.99
8640,16,32768,2963.97
8656,16,32768,2964.99
8672,16,32768,2963.97
8688,16,32768,2964.99
8704,16,32768,2963.97
8720,16,32768,2964.99
8736,16,32768,2963.58
8752,16,32768,2964.99
8768,16,32768,2963.97
8784,16,32768,2964.99
8800,16,32768,2963.97
8816,16,32768,2964.99
8832,16,32768,2963.97
8848,16,32768,2964.99
8864,16,32768,2963.97
8880,16,32768,2964.99
8896,16,32768,2963.97
8912,16,32768,2964.99
8928,16,32768,2963.97
8944,16,32768,2964.99
8960,16,32768,2963.97
8976,16,32768,2964.99
8992,16,32768,2963.97
9008,16,32768,2964.99
9024,16,32768,2963.97
9040,16,32768,2964.99
9056,16,32768,2963.97
9072,16,32768,2964.99
9088,16,32768,2963.97
9104,16,32768,2964.99
9120,16,32768,2963.97
9136,16,32768,2964.99
9152,16,32768,2963.97
9168,16,32768,2964.99
9184,16,32768,2963.97
9200,16,32768,2964.99
9216,16,32768,2963.97
9232,16,32768,2964.99
9248,16,32768,2963.97
9264,16,32768,2964.99
9280,16,32768,2963.97
9296,16,32768,2964.99
9312,16,32768,2963.97
9328,16,32768,2964.99
9344,16,32768,2963.97
9360,16,32768,2964.99
9376,16,32768,2963.97
9392,16,32768,2964.99
9408,16,32768,2963.97
9424,16,32768,2964.99
9440,16,32768,2963.97
9456,16,32768,2964.99
9472,16,32768,2963.97
9488,16,32768,2964.99
9504,16,32768,2963.97
9520,16,32768,2964.99
9536,16,32768,2963.97
9552,16,32768,2964.99
9568,16,32768,2963.97
9584,16,32768,2964.99
9600,16,32768,2963.97
9616,16,32768,2964.99
9632,16,32768,2963.97
9648,16,32768,2964.99
9664,16,32768,2963.97
9680,16,32768,2964.99
9696,16,32768,2964.1
9712,16,32768,2964.99
9728,16,32768,2963.97
9744,16,32768,2964.99
9760,16,32768,2964.1
9776,16,32768,2964.99
9792,16,32768,2964.1
9808,16,32768,2964.99
9824,16,32768,2964.99
9840,16,32768,2964.99
9856,16,32768,2964.99
9872,16,32768,2964.99
9888,16,32768,2964.99
9904,16,32768,2964.99
9920,16,32768,2964.99
9936,16,32768,2964.99
9952,16,32768,2964.99
9968,16,32768,2964.99
9984,16,32768,2964.48
10000,16,32768,2966.02
10016,16,32768,2964.61
10032,16,32768,2964.99
10048,16,32768,2964.99
10064,16,32768,2966.02
10080,16,32768,2964.99
10096,16,32768,2965.5
10112,16,32768,2964.22
10128,16,32768,2965.89
10144,16,32768,2964.99
10160,16,32768,2966.02
10176,16,32768,2964.99
10192,16,32768,2964.99
10208,16,32768,2964.99
10224,16,32768,2966.02
10240,16,32768,2964.99
10256,16,32768,2966.02
10272,16,32768,2964.99
10288,16,32768,2965.5
10304,16,32768,2964.99
10320,16,32768,2966.02
10336,16,32768,2964.99
10352,16,32768,2966.02
10368,16,32768,2964.99
10384,16,32768,2966.02
10400,16,32768,2964.99
10416,16,32768,2966.02
10432,16,32768,2964.99
10448,16,32768,2964.99
10464,16,32768,2964.99
10480,16,32768,2966.02
10496,16,32768,2964.48
10512,16,32768,2965.5
10528,16,32768,2964.99
10544,16,32768,2966.02
10560,16,32768,2964.99
10576,16,32768,2966.02
10592,16,32768,2964.99
10608,16,32768,2965.89
10624,16,32768,2964.99
10640,16,32768,2964.99
10656,16,32768,2964.99
10672,16,32768,2965.63
10688,16,32768,2964.99
10704,16,32768,2964.99
10720,16,32768,2964.99
10736,16,32768,2965.5
10752,16,32768,2964.99
10768,16,32768,2966.02
10784,16,32768,2964.99
10800,16,32768,2966.02
10816,16,32768,2964.99
10832,16,32768,2965.5
10848,16,32768,2964.99
10864,16,32768,2965.5
10880,16,32768,2964.99
10896,16,32768,2966.02
10912,16,32768,2964.99
10928,16,32768,2966.02
10944,16,32768,2964.99
10960,16,32768,2966.02
10976,16,32768,2964.99
10992,16,32768,2965.89
11008,16,32768,2964.99
11024,16,32768,2966.02
11040,16,32768,2964.99
11056,16,32768,2966.02
11072,16,32768,2964.99
11088,16,32768,2964.99
11104,16,32768,2964.99
11120,16,32768,2964.99
11136,16,32768,2964.99
11152,16,32768,2966.02
11168,16,32768,2964.99
11184,16,32768,2964.99
11200,16,32768,2964.99
11216,16,32768,2966.02
11232,16,32768,2964.99
11248,16,32768,2966.02
11264,16,32768,2964.99
11280,16,32768,2966.02
11296,16,32768,2964.99
11312,16,32768,2966.02
11328,16,32768,2964.99
11344,16,32768,2966.02
11360,16,32768,2964.99
11376,16,32768,2966.02
11392,16,32768,2964.99
11408,16,32768,2966.02
11424,16,32768,2964.99
11440,16,32768,2966.02
11456,16,32768,2964.99
11472,16,32768,2966.02
11488,16,32768,2964.99
11504,16,32768,2966.02
11520,16,32768,2964.99
11536,16,32768,2966.02
11552,16,32768,2964.99
11568,16,32768,2966.02
11584,16,32768,2964.99
11600,16,32768,2966.02
11616,16,32768,2964.99
11632,16,32768,2966.02
11648,16,32768,2964.99
11664,16,32768,2966.02
11680,16,32768,2964.99
11696,16,32768,2966.02
11712,16,32768,2964.99
11728,16,32768,2966.02
11744,16,32768,2965.12
11760,16,32768,2966.02
11776,16,32768,2964.99
11792,16,32768,2966.02
11808,16,32768,2964.99
11824,16,32768,2966.02
11840,16,32768,2964.99
11856,16,32768,2966.02
11872,16,32768,2965.5
11888,16,32768,2966.02
11904,16,32768,2965.38
11920,16,32768,2966.02
11936,16,32768,2966.02
11952,16,32768,2966.02
11968,16,32768,2966.02
11984,16,32768,2966.02
12000,16,32768,2966.02
12016,16,32768,2966.02
12032,16,32768,2965.89
12048,16,32768,2966.02
12064,16,32768,2966.02
12080,16,32768,2966.02
12096,16,32768,2966.02
12112,16,32768,2966.02
12128,16,32768,2966.02
12144,16,32768,2966.02
12160,16,32768,2965.5
12176,16,32768,2966.02
12192,16,32768,2964.99
12208,16,32768,2966.02
12224,16,32768,2964.99
12240,16,32768,2966.02
12256,16,32768,2966.02
12272,16,32768,2966.02
12288,16,32768,2966.02
12304,16,32768,2966.02
12320,16,32768,2965.89
12336,16,32768,2966.02
12352,16,32768,2966.02
12368,16,32768,2966.53
12384,16,32768,2966.02
12400,16,32768,2966.02
12416,16,32768,2966.02
12432,16,32768,2966.02
12448,16,32768,2966.02
12464,16,32768,2966.4
12480,16,32768,2966.02
12496,16,32768,2966.53
12512,16,32768,2966.02
12528,16,32768,2967.04
12544,16,32768,2966.02
12560,16,32768,2967.04
12576,16,32768,2966.02
12592,16,32768,2966.4
12608,16,32768,2966.02
12624,16,32768,2966.53
12640,16,32768,2966.02
12656,16,32768,2967.04
12672,16,32768,2966.02
12688,16,32768,2967.04
12704,16,32768,2966.02
12720,16,32768,2967.04
12736,16,32768,2966.02
12752,16,32768,2966.78
12768,16,32768,2965.89
12784,16,32768,2966.02
12800,16,32768,2966.02
12816,16,32768,2967.04
12832,16,32768,2966.02
12848,16,32768,2967.04
12864,16,32768,2966.02
12880,16,32768,2967.04
12896,16,32768,2966.02
12912,16,32768,2967.04
12928,16,32768,2966.02
12944,16,32768,2966.53
12960,16,32768,2966.02
12976,16,32768,2967.04
12992,16,32768,2966.02
13008,16,32768,2967.04
13024,16,32768,2966.02
13040,16,32768,2967.04
13056,16,32768,2966.02
13072,16,32768,2967.04
13088,16,32768,2966.02
13104,16,32768,2967.04
13120,16,32768,2966.02
13136,16,32768,2967.04
13152,16,32768,2966.02
13168,16,32768,2967.04
13184,16,32768,2966.02
13200,16,32768,2967.04
13216,16,32768,2966.02
13232,16,32768,2967.04
13248,16,32768,2966.02
13264,16,32768,2967.04
13280,16,32768,2966.02
13296,16,32768,2966.02
13312,16,32768,2966.02
13328,16,32768,2967.04
13344,16,32768,2966.02
13360,16,32768,2966.91
13376,16,32768,2966.02
13392,16,32768,2967.04
13408,16,32768,2966.02
13424,16,32768,2966.53
13440,16,32768,2966.02
13456,16,32768,2967.04
13472,16,32768,2966.02
13488,16,32768,2967.04
13504,16,32768,2966.02
13520,16,32768,2966.91
13536,16,32768,2966.02
13552,16,32768,2966.53
13568,16,32768,2966.02
13584,16,32768,2967.04
13600,16,32768,2966.02
13616,16,32768,2967.04
13632,16,32768,2966.02
13648,16,32768,2967.04
13664,16,32768,2966.02
13680,16,32768,2967.04
13696,16,32768,2966.02
13712,16,32768,2967.04
13728,16,32768,2966.02
13744,16,32768,2967.04
13760,16,32768,2966.02
13776,16,32768,2966.78
13792,16,32768,2966.4
13808,16,32768,2966.78
13824,16,32768,2966.02
13840,16,32768,2966.91
13856,16,32768,2967.04
13872,16,32768,2967.04
13888,16,32768,2966.91
13904,16,32768,2967.04
13920,16,32768,2966.91
13936,16,32768,2967.04
13952,16,32768,2966.78
13968,16,32768,2966.78
13984,16,32768,2966.02
14000,16,32768,2967.04
14016,16,32768,2967.04
14032,16,32768,2967.04
14048,16,32768,2967.04
14064,16,32768,2966.78
14080,16,32768,2967.04
14096,16,32768,2967.04
14112,16,32768,2967.04
14128,16,32768,2966.91
14144,16,32768,2967.04
14160,16,32768,2967.04
14176,16,32768,2966.78
14192,16,32768,2967.04
14208,16,32768,2966.78
14224,16,32768,2967.04
14240,16,32768,2967.04
14256,16,32768,2967.04
14272,16,32768,2966.91
14288,16,32768,2967.04
14304,16,32768,2967.04
14320,16,32768,2967.04
14336,16,32768,2967.04
14352,16,32768,2967.04
14368,16,32768,2967.04
14384,16,32768,2967.04
14400,16,32768,2967.04
14416,16,32768,2967.04
14432,16,32768,2966.78
14448,16,32768,2967.04
14464,16,32768,2966.78
14480,16,32768,2967.04
14496,16,32768,2967.04
14512,16,32768,2966.91
14528,16,32768,2967.04
14544,16,32768,2967.04
14560,16,32768,2966.78
14576,16,32768,2967.04
14592,16,32768,2967.04
14608,16,32768,2968.06
14624,16,32768,2966.78
14640,16,32768,2967.04
14656,16,32768,2967.04
14672,16,32768,2967.04
14688,16,32768,2966.91
14704,16,32768,2968.06
14720,16,32768,2967.04
14736,16,32768,2967.81
14752,16,32768,2967.04
14768,16,32768,2968.06
14784,16,32768,2967.04
14800,16,32768,2967.94
14816,16,32768,2967.04
14832,16,32768,2967.94
14848,16,32768,2967.04
14864,16,32768,2968.06
14880,16,32768,2967.04
14896,16,32768,2968.06
14912,16,32768,2966.53
14928,16,32768,2967.94
14944,16,32768,2967.04
14960,16,32768,2968.06
14976,16,32768,2966.91
14992,16,32768,2968.06
15008,16,32768,2966.78
15024,16,32768,2968.06
15040,16,32768,2967.04
15056,16,32768,2968.06
15072,16,32768,2967.04
15088,16,32768,2967.94
15104,16,32768,2967.04
15120,16,32768,2968.06
15136,16,32768,2967.04
15152,16,32768,2968.06
15168,16,32768,2967.04
15184,16,32768,2967.94
15200,16,32768,2967.04
15216,16,32768,2967.94
15232,16,32768,2967.04
15248,16,32768,2967.81
15264,16,32768,2966.91
15280,16,32768,2968.06
15296,16,32768,2967.04
15312,16,32768,2968.06
15328,16,32768,2967.04
15344,16,32768,2967.55
15360,16,32768,2967.04
15376,16,32768,2967.42
15392,16,32768,2967.04
15408,16,32768,2968.06
15424,16,32768,2967.04
15440,16,32768,2968.06
15456,16,32768,2967.04
15472,16,32768,2968.06
15488,16,32768,2967.04
15504,16,32768,2967.94
15520,16,32768,2967.04
15536,16,32768,2968.06
15552,16,32768,2967.04
15568,16,32768,2968.06
15584,16,32768,2967.04
15600,16,32768,2968.06
15616,16,32768,2967.04
15632,16,32768,2968.06
15648,16,32768,2967.04
15664,16,32768,2968.06
15680,16,32768,2967.04
15696,16,32768,2968.06
15712,16,32768,2967.04
15728,16,32768,2968.06
15744,16,32768,2967.04
15760,16,32768,2968.06
15776,16,32768,2967.04
15792,16,32768,2968.06
15808,16,32768,2967.04
15824,16,32768,2968.06
15840,16,32768,2967.04
15856,16,32768,2968.06
15872,16,32768,2967.55
15888,16,32768,2968.06
15904,16,32768,2967.04
15920,16,32768,2967.81
15936,16,32768,2967.04
15952,16,32768,2968.06
15968,16,32768,2968.06
15984,16,32768,2967.81
16000,16,32768,2967.94
16016,16,32768,2968.06
16032,16,32768,2968.06
16048,16,32768,2968.06
16064,16,32768,2967.42
16080,16,32768,2968.06
16096,16,32768,2968.06
16112,16,32768,2968.06
16128,16,32768,2967.81
16144,16,32768,2968.06
16160,16,32768,2967.94
16176,16,32768,2968.06
16192,16,32768,2968.06
16208,16,32768,2968.06
16224,16,32768,2968.06
16240,16,32768,2968.06
16256,16,32768,2967.94
16272,16,32768,2968.06
16288,16,32768,2968.06
16304,16,32768,2967.94
16320,16,32768,2968.06
16336,16,32768,2967.94
16352,16,32768,2968.06
16368,16,32768,2968.06
16384,16,32768,2968.06
16400,16,32768,2968.06
16416,16,32768,2968.06
16432,16,32768,2968.06
16448,16,32768,2968.06
16464,16,32768,2967.94
16480,16,32768,2968.06
16496,16,32768,2968.06
16512,16,32768,2968.06
16528,16,32768,2968.06
16544,16,32768,2968.06
16560,16,32768,2968.06
16576,16,32768,2968.06
16592,16,32768,2968.06
16608,16,32768,2967.94
16624,16,32768,2968.06
16640,16,32768,2968.06
16656,16,32768,2968.06
16672,16,32768,2967.94
16688,16,32768,2967.81
16704,16,32768,2967.42
16720,16,32768,2968.06
16736,16,32768,2968.06
16752,16,32768,2968.06
16768,16,32768,2968.06
16784,16,32768,2968.06
16800,16,32768,2968.06
16816,16,32768,2968.06
16832,16,32768,2967.94
16848,16,32768,2968.96
16864,16,32768,2967.94
16880,16,32768,2968.96
16896,16,32768,2968.06
16912,16,32768,2968.58
16928,16,32768,2968.06
16944,16,32768,2968.58
16960,16,32768,2968.06
16976,16,32768,2968.45
16992,16,32768,2968.06
17008,16,32768,2969.09
17024,16,32768,2968.06
17040,16,32768,2968.96
17056,16,32768,2968.06
17072,16,32768,2969.09
17088,16,32768,2968.06
17104,16,32768,2969.09
17120,16,32768,2968.06
17136,16,32768,2969.09
17152,16,32768,2968.06
17168,16,32768,2969.09
17184,16,32768,2968.06
17200,16,32768,2968.96
17216,16,32768,2968.06
17232,16,32768,2969.09
17248,16,32768,2968.06
17264,16,32768,2969.09
17280,16,32768,2968.06
17296,16,32768,2968.96
17312,16,32768,2968.06
17328,16,32768,2968.96
17344,16,32768,2968.06
17360,16,32768,2969.09
17376,16,32768,2968.06
17392,16,32768,2968.96
17408,16,32768,2967.94
17424,16,32768,2969.09
17440,16,32768,2968.06
17456,16,32768,2969.09
17472,16,32768,2968.06
17488,16,32768,2969.09
17504,16,32768,2968.06
17520,16,32768,2969.09
17536,16,32768,2968.06
17552,16,32768,2969.09
17568,16,32768,2968.06
17584,16,32768,2968.96
17600,16,32768,2968.06
17616,16,32768,2969.09
17632,16,32768,2968.06
17648,16,32768,2969.09
17664,16,32768,2968.06
17680,16,32768,2969.09
17696,16,32768,2968.06
17712,16,32768,2968.83
17728,16,32768,2968.06
17744,16,32768,2969.09
17760,16,32768,2968.06
17776,16,32768,2968.96
17792,16,32768,2967.94
17808,16,32768,2968.96
17824,16,32768,2968.06
17840,16,32768,2968.96
17856,16,32768,2967.94
17872,16,32768,2969.09
17888,16,32768,2968.06
17904,16,32768,2969.09
17920,16,32768,2968.06
17936,16,32768,2968.96
17952,16,32768,2968.06
17968,16,32768,2969.09
17984,16,32768,2968.06
18000,16,32768,2969.09
18016,16,32768,2968.83
18032,16,32768,2969.09
18048,16,32768,2969.09
18064,16,32768,2969.09
18080,16,32768,2968.96
18096,16,32768,2968.96
18112,16,32768,2969.09
18128,16,32768,2969.09
18144,16,32768,2969.09
18160,16,32768,2969.09
18176,16,32768,2969.09
18192,16,32768,2968.96
18208,16,32768,2968.96
18224,16,32768,2969.09
18240,16,32768,2969.09
18256,16,32768,2969.09
18272,16,32768,2968.96
18288,16,32768,2969.09
18304,16,32768,2968.96
18320,16,32768,2969.09
18336,16,32768,2968.96
18352,16,32768,2969.09
18368,16,32768,2968.83
18384,16,32768,2969.09
18400,16,32768,2968.83
18416,16,32768,2969.09
18432,16,32768,2968.96
18448,16,32768,2969.09
18464,16,32768,2969.09
18480,16,32768,2969.09
18496,16,32768,2969.09
18512,16,32768,2968.96
18528,16,32768,2969.09
18544,16,32768,2968.96
18560,16,32768,2969.09
18576,16,32768,2969.09
18592,16,32768,2968.96
18608,16,32768,2968.96
18624,16,32768,2968.96
18640,16,32768,2969.09
18656,16,32768,2968.83
18672,16,32768,2969.09
18688,16,32768,2969.09
18704,16,32768,2968.96
18720,16,32768,2969.09
18736,16,32768,2969.09
18752,16,32768,2969.09
18768,16,32768,2969.09
18784,16,32768,2968.96
18800,16,32768,2969.09
18816,16,32768,2969.09
18832,16,32768,2969.09
18848,16,32768,2969.09
18864,16,32768,2969.09
18880,16,32768,2969.09
18896,16,32768,2968.83
18912,16,32768,2969.09
18928,16,32768,2969.09
18944,16,32768,2968.96
18960,16,32768,2969.09
18976,16,32768,2969.09
18992,16,32768,2969.09
19008,16,32768,2969.09
19024,16,32768,2969.47
19040,16,32768,2969.09
19056,16,32768,2969.47
19072,16,32768,2969.09
19088,16,32768,2970.11
19104,16,32768,2968.96
19120,16,32768,2969.47
19136,16,32768,2969.09
19152,16,32768,2969.86
19168,16,32768,2968.96
19184,16,32768,2970.11
19200,16,32768,2969.09
19216,16,32768,2969.98
19232,16,32768,2969.09
19248,16,32768,2969.98
19264,16,32768,2969.09
19280,16,32768,2970.11
19296,16,32768,2969.09
19312,16,32768,2970.11
19328,16,32768,2968.96
19344,16,32768,2970.11
19360,16,32768,2969.09
19376,16,32768,2970.11
19392,16,32768,2969.09
19408,16,32768,2969.98
19424,16,32768,2969.09
19440,16,32768,2970.11
19456,16,32768,2969.09
19472,16,32768,2969.98
19488,16,32768,2968.96
19504,16,32768,2969.98
19520,16,32768,2969.09
19536,16,32768,2970.11
19552,16,32768,2968.96
19568,16,32768,2970.11
19584,16,32768,2968.96
19600,16,32768,2969.98
19616,16,32768,2968.96
19632,16,32768,2969.86
19648,16,32768,2968.83
19664,16,32768,2969.98
19680,16,32768,2969.09
19696,16,32768,2969.86
19712,16,32768,2968.96
19728,16,32768,2970.11
19744,16,32768,2969.09
19760,16,32768,2970.11
19776,16,32768,2969.09
19792,16,32768,2970.11
19808,16,32768,2969.09
19824,16,32768,2970.11
19840,16,32768,2969.09
19856,16,32768,2970.11
19872,16,32768,2969.09
19888,16,32768,2969.98
19904,16,32768,2969.09
19920,16,32768,2970.11
19936,16,32768,2969.09
19952,16,32768,2970.11
19968,16,32768,2969.09
19984,16,32768,2970.11
20000,16,32768,2969.09
20016,16,32768,2969.86
20032,16,32768,2968.96
20048,16,32768,2969.98
20064,16,32768,2969.86
20080,16,32768,2970.11
20096,16,32768,2969.86
20112,16,32768,2969.98
20128,16,32768,2969.98
20144,16,32768,2969.86
20160,16,32768,2969.47
20176,16,32768,2969.86
20192,16,32768,2969.98
20208,16,32768,2969.98
20224,16,32768,2969.47
20240,16,32768,2970.11
20256,16,32768,2969.86
20272,16,32768,2970.11
20288,16,32768,2969.98
20304,16,32768,2969.98
20320,16,32768,2970.11
20336,16,32768,2970.11
20352,16,32768,2970.11
20368,16,32768,2969.98
20384,16,32768,2970.11
20400,16,32768,2970.11
20416,16,32768,2969.98
20432,16,32768,2969.86
20448,16,32768,2970.11
20464,16,32768,2970.11
20480,16,32768,2969.98
20496,16,32768,2970.11
20512,16,32768,2969.98
20528,16,32768,2970.11
20544,16,32768,2969.86
20560,16,32768,2970.11
20576,16,32768,2969.98
20592,16,32768,2969.98
20608,16,32768,2970.11
20624,16,32768,2969.98
20640,16,32768,2970.11
20656,16,32768,2970.11
20672,16,32768,2970.11
20688,16,32768,2970.11
20704,16,32768,2970.11
20720,16,32768,2970.11
20736,16,32768,2970.11
20752,16,32768,2970.11
20768,16,32768,2970.11
20784,16,32768,2970.11
20800,16,32768,2970.11
20816,16,32768,2969.86
20832,16,32768,2970.11
20848,16,32768,2970.11
20864,16,32768,2970.11
20880,16,32768,2970.11
20896,16,32768,2970.11
20912,16,32768,2970.11
20928,16,32768,2969.86
20944,16,32768,2970.11
20960,16,32768,2969.98
20976,16,32768,2969.98
20992,16,32768,2970.11
21008,16,32768,2970.11
21024,16,32768,2969.98
21040,16,32768,2969.98
21056,16,32768,2969.98
21072,16,32768,2970.11
21088,16,32768,2969.98
21104,16,32768,2970.11
21120,16,32768,2970.11
21136,16,32768,2970.11
21152,16,32768,2969.98
21168,16,32768,2969.98
21184,16,32768,2970.11
21200,16,32768,2970.5
21216,16,32768,2970.11
21232,16,32768,2970.11
21248,16,32768,2969.98
21264,16,32768,2970.88
21280,16,32768,2970.11
21296,16,32768,2970.11
21312,16,32768,2969.98
21328,16,32768,2970.62
21344,16,32768,2969.98
21360,16,32768,2970.62
21376,16,32768,2969.98
21392,16,32768,2970.88
21408,16,32768,2969.98
21424,16,32768,2970.11
21440,16,32768,2969.86
21456,16,32768,2971.14
21472,16,32768,2970.11
21488,16,32768,2971.01
21504,16,32768,2970.11
21520,16,32768,2971.01
21536,16,32768,2970.11
21552,16,32768,2970.88
21568,16,32768,2970.11
21584,16,32768,2971.01
21600,16,32768,2970.11
21616,16,32768,2971.01
21632,16,32768,2970.11
21648,16,32768,2971.01
21664,16,32768,2969.98
21680,16,32768,2970.88
21696,16,32768,2970.11
21712,16,32768,2970.5
21728,16,32768,2970.11
21744,16,32768,2970.11
21760,16,32768,2970.11
21776,16,32768,2970.11
21792,16,32768,2970.11
21808,16,32768,2969.98
21824,16,32768,2970.11
21840,16,32768,2970.5
21856,16,32768,2970.11
21872,16,32768,2970.88
21888,16,32768,2970.11
21904,16,32768,2970.11
21920,16,32768,2969.98
21936,16,32768,2971.14
21952,16,32768,2970.11
21968,16,32768,2971.01
21984,16,32768,2970.11
22000,16,32768,2971.01
22016,16,32768,2970.11
22032,16,32768,2971.14
22048,16,32768,2970.11
22064,16,32768,2971.01
22080,16,32768,2970.11
22096,16,32768,2971.14
22112,16,32768,2970.5
22128,16,32768,2970.88
22144,16,32768,2970.11
22160,16,32768,2970.88
22176,16,32768,2970.5
22192,16,32768,2970.88
22208,16,32768,2970.5
22224,16,32768,2971.14
22240,16,32768,2970.88
22256,16,32768,2971.01
22272,16,32768,2971.01
22288,16,32768,2971.01
22304,16,32768,2971.14
22320,16,32768,2971.01
22336,16,32768,2970.5
22352,16,32768,2971.14
22368,16,32768,2970.5
22384,16,32768,2971.14
22400,16,32768,2970.88
22416,16,32768,2971.01
22432,16,32768,2971.01
22448,16,32768,2971.01
22464,16,32768,2970.88
22480,16,32768,2971.01
22496,16,32768,2970.88
22512,16,32768,2971.14
22528,16,32768,2971.01
22544,16,32768,2971.01
22560,16,32768,2971.01
22576,16,32768,2971.01
22592,16,32768,2971.01
22608,16,32768,2971.01
22624,16,32768,2971.01
22640,16,32768,2971.01
22656,16,32768,2971.01
22672,16,32768,2971.01
22688,16,32768,2970.88
22704,16,32768,2971.14
22720,16,32768,2971.01
22736,16,32768,2971.01
22752,16,32768,2971.14
22768,16,32768,2971.01
22784,16,32768,2971.14
22800,16,32768,2971.14
22816,16,32768,2971.01
22832,16,32768,2971.01
22848,16,32768,2971.14
22864,16,32768,2971.01
22880,16,32768,2971.14
22896,16,32768,2971.01
22912,16,32768,2971.01
22928,16,32768,2971.14
22944,16,32768,2971.01
22960,16,32768,2971.14
22976,16,32768,2971.01
22992,16,32768,2971.01
23008,16,32768,2971.01
23024,16,32768,2971.14
23040,16,32768,2971.01
23056,16,32768,2971.14
23072,16,32768,2971.14
23088,16,32768,2971.14
23104,16,32768,2971.01
23120,16,32768,2971.01
23136,16,32768,2971.01
23152,16,32768,2970.88
23168,16,32768,2971.01
23184,16,32768,2970.88
23200,16,32768,2971.14
23216,16,32768,2971.14
23232,16,32768,2971.14
23248,16,32768,2971.14
23264,16,32768,2971.01
23280,16,32768,2970.88
23296,16,32768,2970.88
23312,16,32768,2970.88
23328,16,32768,2971.14
23344,16,32768,2971.01
23360,16,32768,2971.14
23376,16,32768,2971.01
23392,16,32768,2971.14
23408,16,32768,2971.14
23424,16,32768,2971.14
23440,16,32768,2971.52
23456,16,32768,2971.14
23472,16,32768,2971.01
23488,16,32768,2971.14
23504,16,32768,2972.16
23520,16,32768,2971.01
23536,16,32768,2971.52
23552,16,32768,2971.14
23568,16,32768,2971.52
23584,16,32768,2970.88
23600,16,32768,2971.9
23616,16,32768,2971.14
23632,16,32768,2972.03
23648,16,32768,2971.14
23664,16,32768,2971.9
23680,16,32768,2970.88
23696,16,32768,2972.03
23712,16,32768,2971.14
23728,16,32768,2972.03
23744,16,32768,2971.14
23760,16,32768,2972.16
23776,16,32768,2971.01
23792,16,32768,2971.9
23808,16,32768,2971.14
23824,16,32768,2971.9
23840,16,32768,2971.01
23856,16,32768,2972.16
23872,16,32768,2971.01
23888,16,32768,2971.9
23904,16,32768,2971.14
23920,16,32768,2971.39
23936,16,32768,2971.01
23952,16,32768,2971.9
23968,16,32768,2971.01
23984,16,32768,2972.03
24000,16,32768,2970.88
24016,16,32768,2972.16
24032,16,32768,2971.14
24048,16,32768,2972.16
24064,16,32768,2971.14
24080,16,32768,2971.9
24096,16,32768,2971.01
24112,16,32768,2972.03
24128,16,32768,2971.39
24144,16,32768,2972.16
24160,16,32768,2971.65
24176,16,32768,2972.03
24192,16,32768,2971.52
24208,16,32768,2971.9
24224,16,32768,2971.52
24240,16,32768,2971.9
24256,16,32768,2971.9
24272,16,32768,2971.9
24288,16,32768,2972.03
24304,16,32768,2972.03
24320,16,32768,2972.16
24336,16,32768,2971.9
24352,16,32768,2972.03
24368,16,32768,2971.9
24384,16,32768,2972.03
24400,16,32768,2971.9
24416,16,32768,2972.03
24432,16,32768,2972.03
24448,16,32768,2972.03
24464,16,32768,2971.52
24480,16,32768,2971.9
24496,16,32768,2972.16
24512,16,32768,2972.03
24528,16,32768,2972.16
24544,16,32768,2972.03
24560,16,32768,2972.16
24576,16,32768,2971.52
24592,16,32768,2972.16
24608,16,32768,2972.16
24624,16,32768,2971.9
24640,16,32768,2971.9
24656,16,32768,2971.9
24672,16,32768,2972.16
24688,16,32768,2971.9
24704,16,32768,2972.16
24720,16,32768,2972.16
24736,16,32768,2971.9
24752,16,32768,2971.9
24768,16,32768,2972.16
24784,16,32768,2972.16
24800,16,32768,2972.03
24816,16,32768,2972.16
24832,16,32768,2971.9
24848,16,32768,2972.16
24864,16,32768,2971.9
24880,16,32768,2972.16
24896,16,32768,2972.16
24912,16,32768,2971.9
24928,16,32768,2971.9
24944,16,32768,2971.9
24960,16,32768,2972.16
24976,16,32768,2971.9
24992,16,32768,2971.9
25008,16,32768,2971.9
25024,16,32768,2972.16
25040,16,32768,2971.9
25056,16,32768,2971.9
25072,16,32768,2971.9
25088,16,32768,2971.9
25104,16,32768,2972.16
25120,16,32768,2972.16
25136,16,32768,2971.9
25152,16,32768,2971.9
25168,16,32768,2971.9
25184,16,32768,2971.9
25200,16,32768,2971.9
25216,16,32768,2972.16
25232,16,32768,2971.9
25248,16,32768,2972.16
25264,16,32768,2971.9
25280,16,32768,2971.9
25296,16,32768,2971.9
25312,16,32768,2972.16
25328,16,32768,2972.16
25344,16,32768,2972.03
25360,16,32768,2971.9
25376,16,32768,2972.16
25392,16,32768,2972.16
25408,16,32768,2971.9
25424,16,32768,2971.9
25440,16,32768,2972.03
25456,16,32768,2971.9
25472,16,32768,2972.16
25488,16,32768,2972.54
25504,16,32768,2971.9
25520,16,32768,2972.54
25536,16,32768,2971.9
25552,16,32768,2972.54
25568,16,32768,2971.9
25584,16,32768,2972.93
25600,16,32768,2972.03
25616,16,32768,2972.93
25632,16,32768,2971.9
25648,16,32768,2972.67
25664,16,32768,2972.16
25680,16,32768,2972.93
25696,16,32768,2971.9
25712,16,32768,2972.54
25728,16,32768,2972.16
25744,16,32768,2972.93
25760,16,32768,2971.9
25776,16,32768,2972.93
25792,16,32768,2972.16
25808,16,32768,2973.06
25824,16,32768,2971.9
25840,16,32768,2973.18
25856,16,32768,2972.16
25872,16,32768,2972.93
25888,16,32768,2971.9
25904,16,32768,2972.93
25920,16,32768,2972.16
25936,16,32768,2972.93
25952,16,32768,2971.9
25968,16,32768,2973.06
25984,16,32768,2972.03
26000,16,32768,2972.93
26016,16,32768,2972.16
26032,16,32768,2973.06
26048,16,32768,2972.16
26064,16,32768,2973.06
26080,16,32768,2972.16
26096,16,32768,2973.06
26112,16,32768,2972.03
26128,16,32768,2973.06
26144,16,32768,2972.03
26160,16,32768,2972.93
26176,16,32768,2972.54
26192,16,32768,2973.18
26208,16,32768,2972.42
26224,16,32768,2972.93
26240,16,32768,2972.42
26256,16,32768,2972.93
26272,16,32768,2972.42
26288,16,32768,2973.06
26304,16,32768,2973.06
26320,16,32768,2973.06
26336,16,32768,2972.93
26352,16,32768,2972.93
26368,16,32768,2972.93
26384,16,32768,2972.93
26400,16,32768,2972.93
26416,16,32768,2972.93
26432,16,32768,2972.93
26448,16,32768,2973.06
26464,16,32768,2972.93
26480,16,32768,2972.93
26496,16,32768,2972.93
26512,16,32768,2972.93
26528,16,32768,2972.93
26544,16,32768,2972.93
26560,16,32768,2972.93
26576,16,32768,2972.93
26592,16,32768,2972.93
26608,16,32768,2972.93
26624,16,32768,2973.06
26640,16,32768,2972.93
26656,16,32768,2972.93
26672,16,32768,2972.93
26688,16,32768,2972.93
26704,16,32768,2972.93
26720,16,32768,2972.54
26736,16,32768,2972.93
26752,16,32768,2972.93
26768,16,32768,2972.93
26784,16,32768,2973.06
26800,16,32768,2972.93
26816,16,32768,2972.93
26832,16,32768,2973.18
26848,16,32768,2972.93
26864,16,32768,2972.93
26880,16,32768,2973.06
26896,16,32768,2973.06
26912,16,32768,2972.93
26928,16,32768,2973.06
26944,16,32768,2973.06
26960,16,32768,2972.93
26976,16,32768,2973.18
26992,16,32768,2972.93
27008,16,32768,2972.93
27024,16,32768,2972.93
27040,16,32768,2972.93
27056,16,32768,2973.18
27072,16,32768,2973.18
27088,16,32768,2973.06
27104,16,32768,2972.93
27120,16,32768,2972.93
27136,16,32768,2972.93
27152,16,32768,2973.18
27168,16,32768,2972.93
27184,16,32768,2972.93
27200,16,32768,2972.93
27216,16,32768,2973.06
27232,16,32768,2972.93
27248,16,32768,2972.93
27264,16,32768,2972.93
27280,16,32768,2972.93
27296,16,32768,2972.93
27312,16,32768,2973.06
27328,16,32768,2972.93
27344,16,32768,2972.93
27360,16,32768,2973.18
27376,16,32768,2972.93
27392,16,32768,2972.93
27408,16,32768,2972.93
27424,16,32768,2972.93
27440,16,32768,2973.06
27456,16,32768,2973.06
27472,16,32768,2972.93
27488,16,32768,2972.93
27504,16,32768,2973.18
27520,16,32768,2972.93
27536,16,32768,2973.44
27552,16,32768,2972.93
27568,16,32768,2973.57
27584,16,32768,2972.93
27600,16,32768,2973.57
27616,16,32768,2972.93
27632,16,32768,2973.06
27648,16,32768,2972.93
27664,16,32768,2973.57
27680,16,32768,2972.93
27696,16,32768,2973.57
27712,16,32768,2973.18
27728,16,32768,2974.08
27744,16,32768,2972.93
27760,16,32768,2973.95
27776,16,32768,2972.93
27792,16,32768,2973.95
27808,16,32768,2972.93
27824,16,32768,2973.95
27840,16,32768,2972.93
27856,16,32768,2973.57
27872,16,32768,2973.18
27888,16,32768,2973.95
27904,16,32768,2973.06
27920,16,32768,2973.95
27936,16,32768,2973.18
27952,16,32768,2973.95
27968,16,32768,2972.93
27984,16,32768,2973.95
28000,16,32768,2972.93
28016,16,32768,2973.95
28032,16,32768,2973.06
28048,16,32768,2973.95
28064,16,32768,2972.93
28080,16,32768,2973.95
28096,16,32768,2973.06
28112,16,32768,2973.95
28128,16,32768,2972.93
28144,16,32768,2973.95
28160,16,32768,2973.06
28176,16,32768,2973.95
28192,16,32768,2972.93
28208,16,32768,2973.95
28224,16,32768,2973.06
28240,16,32768,2973.95
28256,16,32768,2973.06
28272,16,32768,2973.95
28288,16,32768,2973.57
28304,16,32768,2973.95
28320,16,32768,2973.95
28336,16,32768,2973.95
28352,16,32768,2973.57
28368,16,32768,2973.95
28384,16,32768,2973.57
28400,16,32768,2973.95
28416,16,32768,2973.95
28432,16,32768,2973.95
28448,16,32768,2973.95
28464,16,32768,2973.95
28480,16,32768,2974.08
28496,16,32768,2973.95
28512,16,32768,2973.95
28528,16,32768,2973.95
28544,16,32768,2973.95
28560,16,32768,2973.95
28576,16,32768,2973.95
28592,16,32768,2973.95
28608,16,32768,2973.95
28624,16,32768,2973.95
28640,16,32768,2973.95
28656,16,32768,2973.95
28672,16,32768,2973.95
28688,16,32768,2973.57
28704,16,32768,2973.95
28720,16,32768,2973.95
28736,16,32768,2973.95
28752,16,32768,2973.95
28768,16,32768,2973.95
28784,16,32768,2973.95
28800,16,32768,2973.95
28816,16,32768,2973.95
28832,16,32768,2974.08
28848,16,32768,2973.95
28864,16,32768,2973.95
28880,16,32768,2974.08
28896,16,32768,2973.95
28912,16,32768,2973.95
28928,16,32768,2973.95
28944,16,32768,2973.95
28960,16,32768,2973.95
28976,16,32768,2973.95
28992,16,32768,2973.95
29008,16,32768,2973.95
29024,16,32768,2973.95
29040,16,32768,2973.95
29056,16,32768,2973.95
29072,16,32768,2973.95
29088,16,32768,2973.95
29104,16,32768,2973.95
29120,16,32768,2973.95
29136,16,32768,2974.08
29152,16,32768,2974.08
29168,16,32768,2974.08
29184,16,32768,2973.95
29200,16,32768,2973.95
29216,16,32768,2973.95
29232,16,32768,2973.95
29248,16,32768,2974.08
29264,16,32768,2973.95
29280,16,32768,2973.95
29296,16,32768,2973.95
29312,16,32768,2974.08
29328,16,32768,2974.08
29344,16,32768,2973.95
29360,16,32768,2973.95
29376,16,32768,2973.95
29392,16,32768,2973.95
29408,16,32768,2974.08
29424,16,32768,2973.95
29440,16,32768,2974.08
29456,16,32768,2973.95
29472,16,32768,2973.95
29488,16,32768,2973.95
29504,16,32768,2973.95
29520,16,32768,2973.95
29536,16,32768,2974.08
29552,16,32768,2973.95
29568,16,32768,2973.95
29584,16,32768,2974.46
29600,16,32768,2973.95
29616,16,32768,2974.08
29632,16,32768,2973.95
29648,16,32768,2974.59
29664,16,32768,2973.95
29680,16,32768,2974.59
29696,16,32768,2973.95
29712,16,32768,2974.98
29728,16,32768,2973.95
29744,16,32768,2973.95
29760,16,32768,2973.95
29776,16,32768,2974.98
29792,16,32768,2973.95
29808,16,32768,2974.46
29824,16,32768,2973.95
29840,16,32768,2974.98
29856,16,32768,2973.95
29872,16,32768,2974.98
29888,16,32768,2973.95
29904,16,32768,2974.98
29920,16,32768,2973.95
29936,16,32768,2974.98
29952,16,32768,2973.95
29968,16,32768,2975.23
29984,16,32768,2973.95
30000,16,32768,2974.98
30016,16,32768,2973.95
30032,16,32768,2974.98
30048,16,32768,2973.95
30064,16,32768,2974.98
30080,16,32768,2974.08
30096,16,32768,2974.98
30112,16,32768,2973.95
30128,16,32768,2974.98
30144,16,32768,2973.95
30160,16,32768,2974.98
30176,16,32768,2973.95
30192,16,32768,2974.98
30208,16,32768,2973.95
30224,16,32768,2974.98
30240,16,32768,2973.95
30256,16,32768,2975.1
30272,16,32768,2974.08
30288,16,32768,2974.98
30304,16,32768,2973.95
30320,16,32768,2974.98
30336,16,32768,2974.08
30352,16,32768,2974.98
30368,16,32768,2974.98
30384,16,32768,2974.98
30400,16,32768,2974.98
30416,16,32768,2974.98
30432,16,32768,2974.98
30448,16,32768,2974.98
30464,16,32768,2974.98
30480,16,32768,2974.98
30496,16,32768,2974.98
30512,16,32768,2974.98
30528,16,32768,2974.98
30544,16,32768,2974.98
30560,16,32768,2974.98
30576,16,32768,2974.98
30592,16,32768,2974.98
30608,16,32768,2974.98
30624,16,32768,2974.98
30640,16,32768,2974.98
30656,16,32768,2974.98
30672,16,32768,2974.98
30688,16,32768,2974.98
30704,16,32768,2974.98
30720,16,32768,2974.98
30736,16,32768,2975.1
30752,16,32768,2974.98
30768,16,32768,2974.98
30784,16,32768,2974.98
30800,16,32768,2974.98
30816,16,32768,2974.98
30832,16,32768,2974.98
30848,16,32768,2975.1
30864,16,32768,2974.98
30880,16,32768,2974.98
30896,16,32768,2974.98
30912,16,32768,2974.98
30928,16,32768,2974.98
30944,16,32768,2974.59
30960,16,32768,2974.98
30976,16,32768,2974.98
30992,16,32768,2974.98
31008,16,32768,2974.98
31024,16,32768,2975.1
31040,16,32768,2973.95
31056,16,32768,2975.1
31072,16,32768,2974.98
31088,16,32768,2974.98
31104,16,32768,2974.98
31120,16,32768,2974.98
31136,16,32768,2974.98
31152,16,32768,2974.98
31168,16,32768,2974.98
31184,16,32768,2974.98
31200,16,32768,2974.98
31216,16,32768,2975.1
31232,16,32768,2974.98
31248,16,32768,2974.98
31264,16,32768,2974.98
31280,16,32768,2974.98
31296,16,32768,2974.98
31312,16,32768,2974.98
31328,16,32768,2974.98
31344,16,32768,2974.98
31360,16,32768,2974.98
31376,16,32768,2975.1
31392,16,32768,2974.98
31408,16,32768,2975.1
31424,16,32768,2974.98
31440,16,32768,2974.98
31456,16,32768,2974.98
31472,16,32768,2974.98
31488,16,32768,2974.98
31504,16,32768,2974.98
31520,16,32768,2974.98
31536,16,32768,2974.98
31552,16,32768,2974.98
31568,16,32768,2975.1
31584,16,32768,2974.98
31600,16,32768,2974.98
31616,16,32768,2974.98
31632,16,32768,2974.98
31648,16,32768,2974.98
31664,16,32768,2975.1
31680,16,32768,2974.98
31696,16,32768,2974.98
31712,16,32768,2975.1
31728,16,32768,2974.98
31744,16,32768,2974.98
31760,16,32768,2974.98
31776,16,32768,2974.98
31792,16,32768,2974.98
31808,16,32768,2974.98
31824,16,32768,2974.98
31840,16,32768,2974.98
31856,16,32768,2975.62
31872,16,32768,2974.98
31888,16,32768,2976
31904,16,32768,2974.98
31920,16,32768,2975.62
31936,16,32768,2974.98
31952,16,32768,2976
31968,16,32768,2974.98
31984,16,32768,2976
32000,16,32768,2974.98
32016,16,32768,2976
32032,16,32768,2974.98
32048,16,32768,2976
32064,16,32768,2974.98
32080,16,32768,2976
32096,16,32768,2974.98
32112,16,32768,2976
32128,16,32768,2974.98
32144,16,32768,2976
32160,16,32768,2974.98
32176,16,32768,2976
32192,16,32768,2974.98
32208,16,32768,2976
32224,16,32768,2974.98
32240,16,32768,2976
32256,16,32768,2974.98
32272,16,32768,2976
32288,16,32768,2974.98
32304,16,32768,2976
32320,16,32768,2974.98
32336,16,32768,2976
32352,16,32768,2974.98
32368,16,32768,2976
32384,16,32768,2974.98
32400,16,32768,2976
32416,16,32768,2975.49
32432,16,32768,2976
32448,16,32768,2975.49
32464,16,32768,2976
32480,16,32768,2974.98
32496,16,32768,2976
32512,16,32768,2976
32528,16,32768,2976
32544,16,32768,2976
32560,16,32768,2976
32576,16,32768,2976
32592,16,32768,2976
32608,16,32768,2976
32624,16,32768,2976
32640,16,32768,2976
32656,16,32768,2976
32672,16,32768,2976
32688,16,32768,2976
32704,16,32768,2976
32720,16,32768,2976
32736,16,32768,2976
32752,16,32768,2976
32768,16,32768,2976
32784,16,32768,2976
32800,16,32768,2976
32816,16,32768,2976
32832,16,32768,2976
32848,16,32768,2976
32864,16,32768,2976
32880,16,32768,2976
32896,16,32768,2976
32912,16,32768,2976
32928,16,32768,2976
32944,16,32768,2976
32960,16,32768,2976
32976,16,32768,2976
32992,16,32768,2976
33008,16,32768,2976
33024,16,32768,2976
33040,16,32768,2976
33056,16,32768,2976
33072,16,32768,2976
33088,16,32768,2976
33104,16,32768,2976
33120,16,32768,2976
33136,16,32768,2976
33152,16,32768,2976
33168,16,32768,2976
33184,16,32768,2976
33200,16,32768,2976
33216,16,32768,2976
33232,16,32768,2976
33248,16,32768,2976
33264,16,32768,2976
33280,16,32768,2976
33296,16,32768,2976
33312,16,32768,2976
33328,16,32768,2976
33344,16,32768,2976
33360,16,32768,2976
33376,16,32768,2976
33392,16,32768,2976
33408,16,32768,2976
33424,16,32768,2976
33440,16,32768,2976
33456,16,32768,2976
33472,16,32768,2976
33488,16,32768,2976
33504,16,32768,2976
33520,16,32768,2976
33536,16,32768,2976
33552,16,32768,2976
33568,16,32768,2976
33584,16,32768,2976
33600,16,32768,2976
33616,16,32768,2976
33632,16,32768,2976
33648,16,32768,2976
33664,16,32768,2976
33680,16,32768,2976
33696,16,32768,2976
33712,16,32768,2976
33728,16,32768,2976
33744,16,32768,2976
33760,16,32768,2976
33776,16,32768,2976
33792,16,32768,2976
33808,16,32768,2976
33824,16,32768,2976
33840,16,32768,2976
33856,16,32768,2976
33872,16,32768,2976
33888,16,32768,2976
33904,16,32768,2976
33920,16,32768,2976
33936,16,32768,2976
33952,16,32768,2976
33968,16,32768,2976
33984,16,32768,2976
34000,16,32768,2977.02
34016,16,32768,2976
34032,16,32768,2977.02
34048,16,32768,2976
34064,16,32768,2977.02
34080,16,32768,2976
34096,16,32768,2977.02
34112,16,32768,2976
34128,16,32768,2977.02
34144,16,32768,2976
34160,16,32768,2977.02
34176,16,32768,2976
34192,16,32768,2977.02
34208,16,32768,2976
34224,16,32768,2977.02
34240,16,32768,2976
34256,16,32768,2977.02
34272,16,32768,2976
34288,16,32768,2977.02
34304,16,32768,2976
34320,16,32768,2977.02
34336,16,32768,2976
34352,16,32768,2977.02
34368,16,32768,2976
34384,16,32768,2977.02
34400,16,32768,2976
34416,16,32768,2977.02
34432,16,32768,2976
34448,16,32768,2977.02
34464,16,32768,2976
34480,16,32768,2977.02
34496,16,32768,2976
34512,16,32768,2977.02
34528,16,32768,2976.51
34544,16,32768,2977.02
34560,16,32768,2976.51
34576,16,32768,2977.02
34592,16,32768,2977.02
34608,16,32768,2977.02
34624,16,32768,2977.02
34640,16,32768,2977.02
34656,16,32768,2977.02
34672,16,32768,2977.02
34688,16,32768,2976.9
34704,16,32768,2977.02
34720,16,32768,2977.02
34736,16,32768,2977.02
34752,16,32768,2977.02
34768,16,32768,2977.02
34784,16,32768,2977.02
34800,16,32768,2977.02
34816,16,32768,2977.02
34832,16,32768,2977.02
34848,16,32768,2977.02
34864,16,32768,2977.02
34880,16,32768,2977.02
34896,16,32768,2977.02
34912,16,32768,2977.02
34928,16,32768,2977.02
34944,16,32768,2976.9
34960,16,32768,2977.02
34976,16,32768,2977.02
34992,16,32768,2977.02
35008,16,32768,2977.02
35024,16,32768,2977.02
35040,16,32768,2977.02
35056,16,32768,2977.02
35072,16,32768,2977.02
35088,16,32768,2977.02
35104,16,32768,2977.02
35120,16,32768,2977.02
35136,16,32768,2977.02
35152,16,32768,2977.02
35168,16,32768,2977.02
35184,16,32768,2977.02
35200,16,32768,2976.9
35216,16,32768,2977.02
35232,16,32768,2977.02
35248,16,32768,2977.02
35264,16,32768,2977.02
35280,16,32768,2977.02
35296,16,32768,2977.02
35312,16,32768,2977.02
35328,16,32768,2977.02
35344,16,32768,2977.02
35360,16,32768,2977.02
35376,16,32768,2977.02
35392,16,32768,2977.02
35408,16,32768,2977.02
35424,16,32768,2977.02
35440,16,32768,2977.02
35456,16,32768,2977.02
35472,16,32768,2977.02
35488,16,32768,2977.02
35504,16,32768,2977.02
35520,16,32768,2977.02
35536,16,32768,2977.02
35552,16,32768,2977.02
35568,16,32768,2977.02
35584,16,32768,2977.02
35600,16,32768,2977.02
35616,16,32768,2977.02
35632,16,32768,2977.02
35648,16,32768,2977.02
35664,16,32768,2977.02
35680,16,32768,2977.02
35696,16,32768,2977.02
35712,16,32768,2977.02
35728,16,32768,2977.02
35744,16,32768,2977.02
35760,16,32768,2977.02
35776,16,32768,2977.02
35792,16,32768,2977.02
35808,16,32768,2977.02
35824,16,32768,2977.02
35840,16,32768,2977.02
35856,16,32768,2977.02
35872,16,32768,2977.02
35888,16,32768,2977.02
35904,16,32768,2977.02
35920,16,32768,2977.02
35936,16,32768,2977.02
35952,16,32768,2977.02
35968,16,32768,2977.02
35984,16,32768,2977.02
36000,16,32768,2977.02
36016,16,32768,2977.54
36032,16,32768,2977.02
36048,16,32768,2977.54
36064,16,32768,2977.02
36080,16,32768,2977.02
36096,16,32768,2977.02
36112,16,32768,2978.05
36128,16,32768,2977.02
36144,16,32768,2977.54
36160,16,32768,2977.02
36176,16,32768,2978.05
36192,16,32768,2977.02
36208,16,32768,2978.05
36224,16,32768,2977.02
36240,16,32768,2978.05
36256,16,32768,2976.9
36272,16,32768,2978.05
36288,16,32768,2976.9
36304,16,32768,2977.79
36320,16,32768,2977.02
36336,16,32768,2978.05
36352,16,32768,2977.02
36368,16,32768,2977.92
36384,16,32768,2977.02
36400,16,32768,2977.79
36416,16,32768,2977.02
36432,16,32768,2978.05
36448,16,32768,2977.02
36464,16,32768,2978.05
36480,16,32768,2977.02
36496,16,32768,2978.05
36512,16,32768,2977.02
36528,16,32768,2978.05
36544,16,32768,2977.92
36560,16,32768,2978.05
36576,16,32768,2978.05
36592,16,32768,2978.05
36608,16,32768,2978.05
36624,16,32768,2978.05
36640,16,32768,2977.79
36656,16,32768,2977.92
36672,16,32768,2978.05
36688,16,32768,2978.05
36704,16,32768,2978.05
36720,16,32768,2978.05
36736,16,32768,2977.79
36752,16,32768,2978.05
36768,16,32768,2977.79
36784,16,32768,2978.05
36800,16,32768,2977.92
36816,16,32768,2978.05
36832,16,32768,2978.05
36848,16,32768,2978.05
36864,16,32768,2977.92
36880,16,32768,2978.05
36896,16,32768,2978.05
36912,16,32768,2978.05
36928,16,32768,2978.05
36944,16,32768,2977.92
36960,16,32768,2978.05
36976,16,32768,2978.05
36992,16,32768,2978.05
37008,16,32768,2978.05
37024,16,32768,2977.92
37040,16,32768,2978.05
37056,16,32768,2977.92
37072,16,32768,2978.05
37088,16,32768,2978.05
37104,16,32768,2978.05
37120,16,32768,2978.05
37136,16,32768,2977.79
37152,16,32768,2978.05
37168,16,32768,2978.05
37184,16,32768,2978.05
37200,16,32768,2978.05
37216,16,32768,2978.05
37232,16,32768,2978.05
37248,16,32768,2977.92
37264,16,32768,2978.05
37280,16,32768,2978.05
37296,16,32768,2978.05
37312,16,32768,2978.05
37328,16,32768,2978.05
37344,16,32768,2978.05
37360,16,32768,2978.05
37376,16,32768,2977.79
37392,16,32768,2978.05
37408,16,32768,2978.05
37424,16,32768,2978.05
37440,16,32768,2978.05
37456,16,32768,2978.05
37472,16,32768,2978.05
37488,16,32768,2978.05
37504,16,32768,2978.05
37520,16,32768,2978.05
37536,16,32768,2978.05
37552,16,32768,2978.05
37568,16,32768,2977.92
37584,16,32768,2978.05
37600,16,32768,2978.05
37616,16,32768,2978.05
37632,16,32768,2978.05
37648,16,32768,2978.05
37664,16,32768,2978.05
37680,16,32768,2978.05
37696,16,32768,2978.05
37712,16,32768,2978.05
37728,16,32768,2978.05
37744,16,32768,2978.05
37760,16,32768,2978.05
37776,16,32768,2978.05
37792,16,32768,2978.05
37808,16,32768,2978.05
37824,16,32768,2978.05
37840,16,32768,2978.05
37856,16,32768,2978.05
37872,16,32768,2978.05
37888,16,32768,2978.05
37904,16,32768,2978.05
37920,16,32768,2978.05
37936,16,32768,2978.05
37952,16,32768,2978.05
37968,16,32768,2978.05
37984,16,32768,2978.05
38000,16,32768,2978.05
38016,16,32768,2978.05
38032,16,32768,2978.43
38048,16,32768,2978.05
38064,16,32768,2978.56
38080,16,32768,2978.05
38096,16,32768,2979.07
38112,16,32768,2978.05
38128,16,32768,2978.05
38144,16,32768,2978.05
38160,16,32768,2978.94
38176,16,32768,2978.05
38192,16,32768,2978.82
38208,16,32768,2978.05
38224,16,32768,2979.07
38240,16,32768,2978.05
38256,16,32768,2978.82
38272,16,32768,2978.05
38288,16,32768,2979.07
38304,16,32768,2978.05
38320,16,32768,2979.07
38336,16,32768,2978.05
38352,16,32768,2978.94
38368,16,32768,2978.05
38384,16,32768,2979.07
38400,16,32768,2978.05
38416,16,32768,2979.07
38432,16,32768,2978.05
38448,16,32768,2979.07
38464,16,32768,2978.05
38480,16,32768,2979.07
38496,16,32768,2978.05
38512,16,32768,2979.07
38528,16,32768,2978.05
38544,16,32768,2978.94
38560,16,32768,2978.43
38576,16,32768,2979.07
38592,16,32768,2978.43
38608,16,32768,2979.07
38624,16,32768,2979.07
38640,16,32768,2979.07
38656,16,32768,2978.94
38672,16,32768,2979.07
38688,16,32768,2978.43
38704,16,32768,2978.94
38720,16,32768,2978.82
38736,16,32768,2979.07
38752,16,32768,2979.07
38768,16,32768,2979.07
38784,16,32768,2979.07
38800,16,32768,2979.07
38816,16,32768,2979.07
38832,16,32768,2978.94
38848,16,32768,2979.07
38864,16,32768,2979.07
38880,16,32768,2979.07
38896,16,32768,2979.07
38912,16,32768,2979.07
38928,16,32768,2978.94
38944,16,32768,2978.56
38960,16,32768,2979.07
38976,16,32768,2979.07
38992,16,32768,2979.07
39008,16,32768,2979.07
39024,16,32768,2979.07
39040,16,32768,2979.07
39056,16,32768,2979.07
39072,16,32768,2979.07
39088,16,32768,2979.07
39104,16,32768,2979.07
39120,16,32768,2979.07
39136,16,32768,2979.07
39152,16,32768,2979.07
39168,16,32768,2978.94
39184,16,32768,2979.07
39200,16,32768,2979.07
39216,16,32768,2979.07
39232,16,32768,2978.05
39248,16,32768,2979.07
39264,16,32768,2978.94
39280,16,32768,2979.07
39296,16,32768,2979.07
39312,16,32768,2979.07
39328,16,32768,2979.07
39344,16,32768,2979.07
39360,16,32768,2978.94
39376,16,32768,2979.07
39392,16,32768,2979.07
39408,16,32768,2979.07
39424,16,32768,2979.07
39440,16,32768,2979.07
39456,16,32768,2979.07
39472,16,32768,2979.07
39488,16,32768,2979.07
39504,16,32768,2979.07
39520,16,32768,2979.07
39536,16,32768,2979.07
39552,16,32768,2979.07
39568,16,32768,2979.07
39584,16,32768,2979.07
39600,16,32768,2979.07
39616,16,32768,2979.07
39632,16,32768,2979.07
39648,16,32768,2979.07
39664,16,32768,2979.07
39680,16,32768,2979.07
39696,16,32768,2979.07
39712,16,32768,2979.07
39728,16,32768,2979.07
39744,16,32768,2979.07
39760,16,32768,2979.07
39776,16,32768,2979.07
39792,16,32768,2979.07
39808,16,32768,2979.07
39824,16,32768,2979.07
39840,16,32768,2979.07
39856,16,32768,2979.07
39872,16,32768,2979.07
39888,16,32768,2979.07
39904,16,32768,2979.07
39920,16,32768,2979.07
39936,16,32768,2979.07
39952,16,32768,2979.07
39968,16,32768,2979.07
39984,16,32768,2979.07
40000,16,32768,2979.07
40016,16,32768,2979.07
40032,16,32768,2979.07
40048,16,32768,2979.07
40064,16,32768,2979.07
40080,16,32768,2979.07
40096,16,32768,2979.07
40112,16,32768,2979.46
40128,16,32768,2979.07
40144,16,32768,2979.58
40160,16,32768,2979.07
40176,16,32768,2979.58
40192,16,32768,2979.07
40208,16,32768,2980.1
40224,16,32768,2979.07
40240,16,32768,2979.97
40256,16,32768,2979.07
40272,16,32768,2979.97
40288,16,32768,2979.07
40304,16,32768,2979.97
40320,16,32768,2979.07
40336,16,32768,2980.1
40352,16,32768,2979.07
40368,16,32768,2979.97
40384,16,32768,2979.07
40400,16,32768,2979.97
40416,16,32768,2979.07
40432,16,32768,2979.97
40448,16,32768,2979.07
40464,16,32768,2979.97
40480,16,32768,2979.07
40496,16,32768,2980.1
40512,16,32768,2979.07
40528,16,32768,2979.97
40544,16,32768,2979.07
40560,16,32768,2980.1
40576,16,32768,2979.07
40592,16,32768,2980.1
40608,16,32768,2979.46
40624,16,32768,2979.97
40640,16,32768,2979.07
40656,16,32768,2980.1
40672,16,32768,2979.46
40688,16,32768,2980.1
40704,16,32768,2979.46
40720,16,32768,2979.97
40736,16,32768,2979.84
40752,16,32768,2979.97
40768,16,32768,2979.84
40784,16,32768,2980.1
40800,16,32768,2980.1
40816,16,32768,2979.84
40832,16,32768,2979.97
40848,16,32768,2980.1
40864,16,32768,2979.97
40880,16,32768,2980.1
40896,16,32768,2980.1
40912,16,32768,2980.1
40928,16,32768,2980.1
40944,16,32768,2980.1
40960,16,32768,2979.97
40976,16,32768,2980.1
40992,16,32768,2980.1
41008,16,32768,2979.97
41024,16,32768,2980.1
41040,16,32768,2979.97
41056,16,32768,2980.1
41072,16,32768,2980.1
41088,16,32768,2979.97
41104,16,32768,2980.1
41120,16,32768,2980.1
41136,16,32768,2980.1
41152,16,32768,2979.97
41168,16,32768,2979.97
41184,16,32768,2980.1
41200,16,32768,2980.1
41216,16,32768,2979.97
41232,16,32768,2980.1
41248,16,32768,2980.1
41264,16,32768,2980.1
41280,16,32768,2979.97
41296,16,32768,2979.97
41312,16,32768,2980.1
41328,16,32768,2979.97
41344,16,32768,2980.1
41360,16,32768,2980.1
41376,16,32768,2980.1
41392,16,32768,2980.1
41408,16,32768,2979.07
41424,16,32768,2980.1
41440,16,32768,2980.1
41456,16,32768,2980.1
41472,16,32768,2979.97
41488,16,32768,2980.1
41504,16,32768,2980.1
41520,16,32768,2980.1
41536,16,32768,2980.1
41552,16,32768,2980.1
41568,16,32768,2979.97
41584,16,32768,2980.1
41600,16,32768,2980.1
41616,16,32768,2979.97
41632,16,32768,2980.1
41648,16,32768,2979.97
41664,16,32768,2980.1
41680,16,32768,2980.1
41696,16,32768,2980.1
41712,16,32768,2980.1
41728,16,32768,2980.1
41744,16,32768,2980.1
41760,16,32768,2979.97
41776,16,32768,2980.1
41792,16,32768,2980.1
41808,16,32768,2980.1
41824,16,32768,2979.97
41840,16,32768,2979.97
41856,16,32768,2980.1
41872,16,32768,2979.97
41888,16,32768,2979.97
41904,16,32768,2979.97
41920,16,32768,2980.1
41936,16,32768,2980.1
41952,16,32768,2980.1
41968,16,32768,2980.1
41984,16,32768,2980.1
42000,16,32768,2979.97
42016,16,32768,2980.1
42032,16,32768,2979.97
42048,16,32768,2980.1
42064,16,32768,2980.1
42080,16,32768,2980.1
42096,16,32768,2980.1
42112,16,32768,2979.97
42128,16,32768,2979.97
42144,16,32768,2980.1
42160,16,32768,2979.97
42176,16,32768,2980.1
42192,16,32768,2980.1
42208,16,32768,2980.1
42224,16,32768,2980.1
42240,16,32768,2980.1
42256,16,32768,2979.97
42272,16,32768,2980.1
42288,16,32768,2980.48
42304,16,32768,2980.1
42320,16,32768,2980.61
42336,16,32768,2980.1
42352,16,32768,2980.48
42368,16,32768,2980.1
42384,16,32768,2980.48
42400,16,32768,2980.1
42416,16,32768,2980.48
42432,16,32768,2980.1
42448,16,32768,2980.99
42464,16,32768,2980.1
42480,16,32768,2980.86
42496,16,32768,2980.1
42512,16,32768,2981.12
42528,16,32768,2980.1
42544,16,32768,2981.12
42560,16,32768,2980.1
42576,16,32768,2980.99
42592,16,32768,2979.97
42608,16,32768,2980.99
42624,16,32768,2980.1
42640,16,32768,2980.99
42656,16,32768,2980.1
42672,16,32768,2980.86
42688,16,32768,2980.1
42704,16,32768,2980.99
42720,16,32768,2980.48
42736,16,32768,2980.99
42752,16,32768,2980.1
42768,16,32768,2981.12
42784,16,32768,2980.99
42800,16,32768,2981.12
42816,16,32768,2980.48
42832,16,32768,2981.12
42848,16,32768,2980.99
42864,16,32768,2980.86
42880,16,32768,2980.99
42896,16,32768,2981.12
42912,16,32768,2980.1
42928,16,32768,2981.12
42944,16,32768,2980.99
42960,16,32768,2980.99
42976,16,32768,2980.99
42992,16,32768,2981.12
43008,16,32768,2980.99
43024,16,32768,2980.99
43040,16,32768,2981.12
43056,16,32768,2980.99
43072,16,32768,2980.86
43088,16,32768,2981.12
43104,16,32768,2980.99
43120,16,32768,2980.99
43136,16,32768,2980.99
43152,16,32768,2980.99
43168,16,32768,2980.99
43184,16,32768,2980.99
43200,16,32768,2980.86
43216,16,32768,2980.99
43232,16,32768,2980.86
43248,16,32768,2981.12
43264,16,32768,2981.12
43280,16,32768,2981.12
43296,16,32768,2980.99
43312,16,32768,2981.12
43328,16,32768,2980.99
43344,16,32768,2981.12
43360,16,32768,2980.99
43376,16,32768,2980.99
43392,16,32768,2980.99
43408,16,32768,2980.86
43424,16,32768,2981.12
43440,16,32768,2981.12
43456,16,32768,2980.99
43472,16,32768,2980.99
43488,16,32768,2981.12
43504,16,32768,2981.12
43520,16,32768,2981.12
43536,16,32768,2980.99
43552,16,32768,2980.86
43568,16,32768,2981.12
43584,16,32768,2981.12
43600,16,32768,2981.12
43616,16,32768,2981.12
43632,16,32768,2980.99
43648,16,32768,2980.99
43664,16,32768,2981.12
43680,16,32768,2980.86
43696,16,32768,2981.12
43712,16,32768,2980.99
43728,16,32768,2981.12
43744,16,32768,2981.12
43760,16,32768,2981.12
43776,16,32768,2980.86
43792,16,32768,2980.99
43808,16,32768,2981.12
43824,16,32768,2981.12
43840,16,32768,2980.99
43856,16,32768,2980.86
43872,16,32768,2980.99
43888,16,32768,2981.12
43904,16,32768,2981.12
43920,16,32768,2981.12
43936,16,32768,2981.12
43952,16,32768,2981.12
43968,16,32768,2981.12
43984,16,32768,2981.12
44000,16,32768,2981.12
44016,16,32768,2980.99
44032,16,32768,2980.99
44048,16,32768,2980.99
44064,16,32768,2980.99
44080,16,32768,2981.12
44096,16,32768,2980.86
44112,16,32768,2981.12
44128,16,32768,2981.12
44144,16,32768,2980.99
44160,16,32768,2981.12
44176,16,32768,2981.12
44192,16,32768,2980.99
44208,16,32768,2980.99
44224,16,32768,2980.99
44240,16,32768,2981.12
44256,16,32768,2980.99
44272,16,32768,2981.12
44288,16,32768,2980.99
44304,16,32768,2981.12
44320,16,32768,2981.12
44336,16,32768,2981.12
44352,16,32768,2980.99
44368,16,32768,2981.12
44384,16,32768,2980.99
44400,16,32768,2981.5
44416,16,32768,2981.12
44432,16,32768,2981.5
44448,16,32768,2981.12
44464,16,32768,2981.63
44480,16,32768,2981.12
44496,16,32768,2982.02
44512,16,32768,2980.99
44528,16,32768,2981.5
44544,16,32768,2980.99
44560,16,32768,2981.5
44576,16,32768,2981.12
44592,16,32768,2981.89
44608,16,32768,2980.99
44624,16,32768,2982.02
44640,16,32768,2981.12
44656,16,32768,2981.89
44672,16,32768,2981.12
44688,16,32768,2982.02
44704,16,32768,2981.12
44720,16,32768,2982.02
44736,16,32768,2980.99
44752,16,32768,2981.89
44768,16,32768,2981.5
44784,16,32768,2982.02
44800,16,32768,2981.12
44816,16,32768,2981.89
44832,16,32768,2981.12
44848,16,32768,2981.89
44864,16,32768,2981.89
44880,16,32768,2982.14
44896,16,32768,2982.14
44912,16,32768,2982.14
44928,16,32768,2982.02
44944,16,32768,2982.14
44960,16,32768,2982.02
44976,16,32768,2982.02
44992,16,32768,2981.63
45008,16,32768,2981.5
45024,16,32768,2982.14
45040,16,32768,2981.89
45056,16,32768,2981.89
45072,16,32768,2982.02
45088,16,32768,2981.89
45104,16,32768,2981.89
45120,16,32768,2982.02
45136,16,32768,2982.14
45152,16,32768,2982.14
45168,16,32768,2982.14
45184,16,32768,2982.14
45200,16,32768,2982.02
45216,16,32768,2982.02
45232,16,32768,2982.02
45248,16,32768,2981.89
45264,16,32768,2982.14
45280,16,32768,2981.89
45296,16,32768,2982.02
45312,16,32768,2982.02
45328,16,32768,2982.14
45344,16,32768,2982.14
45360,16,32768,2981.89
45376,16,32768,2982.02
45392,16,32768,2981.89
45408,16,32768,2982.02
45424,16,32768,2982.02
45440,16,32768,2981.89
45456,16,32768,2981.89
45472,16,32768,2981.89
45488,16,32768,2982.02
45504,16,32768,2982.14
45520,16,32768,2981.89
45536,16,32768,2981.89
45552,16,32768,2982.02
45568,16,32768,2981.89
45584,16,32768,2982.14
45600,16,32768,2981.89
45616,16,32768,2982.02
45632,16,32768,2981.89
45648,16,32768,2982.02
45664,16,32768,2981.89
45680,16,32768,2982.14
45696,16,32768,2982.14
45712,16,32768,2982.02
45728,16,32768,2982.14
45744,16,32768,2982.14
45760,16,32768,2982.14
45776,16,32768,2982.14
45792,16,32768,2981.89
45808,16,32768,2982.02
45824,16,32768,2982.02
45840,16,32768,2982.14
45856,16,32768,2981.89
45872,16,32768,2982.02
45888,16,32768,2981.89
45904,16,32768,2982.14
45920,16,32768,2982.02
45936,16,32768,2982.02
45952,16,32768,2981.89
45968,16,32768,2981.89
45984,16,32768,2981.89
46000,16,32768,2982.02
46016,16,32768,2982.02
46032,16,32768,2982.14
46048,16,32768,2982.02
46064,16,32768,2982.14
46080,16,32768,2981.89
46096,16,32768,2981.89
46112,16,32768,2981.89
46128,16,32768,2982.14
46144,16,32768,2982.14
46160,16,32768,2981.89
46176,16,32768,2982.14
46192,16,32768,2982.14
46208,16,32768,2982.14
46224,16,32768,2982.02
46240,16,32768,2982.14
46256,16,32768,2982.14
46272,16,32768,2982.14
46288,16,32768,2982.14
46304,16,32768,2982.14
46320,16,32768,2982.14
46336,16,32768,2981.89
46352,16,32768,2982.14
46368,16,32768,2982.14
46384,16,32768,2982.53
46400,16,32768,2982.14
46416,16,32768,2982.14
46432,16,32768,2982.02
46448,16,32768,2982.14
46464,16,32768,2982.14
46480,16,32768,2982.66
46496,16,32768,2982.02
46512,16,32768,2983.17
46528,16,32768,2982.02
46544,16,32768,2982.91
46560,16,32768,2982.02
46576,16,32768,2982.53
46592,16,32768,2982.02
46608,16,32768,2983.17
46624,16,32768,2982.14
46640,16,32768,2982.91
46656,16,32768,2982.14
46672,16,32768,2982.91
46688,16,32768,2982.14
46704,16,32768,2982.91
46720,16,32768,2981.89
46736,16,32768,2982.91
46752,16,32768,2982.14
46768,16,32768,2982.91
46784,16,32768,2982.14
46800,16,32768,2983.17
46816,16,32768,2982.4
46832,16,32768,2983.17
46848,16,32768,2981.89
46864,16,32768,2982.91
46880,16,32768,2981.89
46896,16,32768,2982.91
46912,16,32768,2981.89
46928,16,32768,2982.91
46944,16,32768,2982.91
46960,16,32768,2982.91
46976,16,32768,2982.91
46992,16,32768,2982.91
47008,16,32768,2983.04
47024,16,32768,2983.17
47040,16,32768,2982.91
47056,16,32768,2983.17
47072,16,32768,2982.91
47088,16,32768,2982.91
47104,16,32768,2982.4
47120,16,32768,2982.91
47136,16,32768,2983.17
47152,16,32768,2983.17
47168,16,32768,2982.91
47184,16,32768,2982.91
47200,16,32768,2982.91
47216,16,32768,2982.91
47232,16,32768,2982.53
47248,16,32768,2982.91
47264,16,32768,2983.17
47280,16,32768,2983.17
47296,16,32768,2983.17
47312,16,32768,2982.91
47328,16,32768,2982.91
47344,16,32768,2982.91
47360,16,32768,2983.17
47376,16,32768,2982.91
47392,16,32768,2982.91
47408,16,32768,2982.91
47424,16,32768,2982.91
47440,16,32768,2983.17
47456,16,32768,2983.04
47472,16,32768,2983.17
47488,16,32768,2982.91
47504,16,32768,2982.91
47520,16,32768,2982.91
47536,16,32768,2982.91
47552,16,32768,2983.17
47568,16,32768,2982.91
47584,16,32768,2982.91
47600,16,32768,2982.91
47616,16,32768,2983.17
47632,16,32768,2982.91
47648,16,32768,2982.91
47664,16,32768,2982.91
47680,16,32768,2982.91
47696,16,32768,2983.17
47712,16,32768,2983.04
47728,16,32768,2982.91
47744,16,32768,2982.91
47760,16,32768,2983.17
47776,16,32768,2982.91
47792,16,32768,2982.91
47808,16,32768,2982.91
47824,16,32768,2982.91
47840,16,32768,2982.91
47856,16,32768,2982.91
47872,16,32768,2982.91
47888,16,32768,2982.91
47904,16,32768,2983.17
47920,16,32768,2982.91
47936,16,32768,2983.04
47952,16,32768,2982.91
47968,16,32768,2983.04
47984,16,32768,2983.17
48000,16,32768,2983.17
48016,16,32768,2983.17
48032,16,32768,2982.91
48048,16,32768,2983.17
48064,16,32768,2982.91
48080,16,32768,2983.17
48096,16,32768,2982.91
48112,16,32768,2983.17
48128,16,32768,2982.91
48144,16,32768,2983.04
48160,16,32768,2983.17
48176,16,32768,2982.91
48192,16,32768,2982.91
48208,16,32768,2983.04
48224,16,32768,2982.91
48240,16,32768,2982.91
48256,16,32768,2982.91
48272,16,32768,2983.17
48288,16,32768,2982.91
48304,16,32768,2982.91
48320,16,32768,2982.91
48336,16,32768,2982.91
48352,16,32768,2982.91
48368,16,32768,2983.17
48384,16,32768,2983.17
48400,16,32768,2982.91
48416,16,32768,2983.04
48432,16,32768,2982.91
48448,16,32768,2983.17
48464,16,32768,2983.42
48480,16,32768,2983.17
48496,16,32768,2982.91
48512,16,32768,2983.04
48528,16,32768,2983.04
48544,16,32768,2982.91
48560,16,32768,2983.42
48576,16,32768,2982.91
48592,16,32768,2983.94
48608,16,32768,2982.91
48624,16,32768,2983.17
48640,16,32768,2982.91
48656,16,32768,2983.94
48672,16,32768,2983.17
48688,16,32768,2983.94
48704,16,32768,2983.17
48720,16,32768,2983.94
48736,16,32768,2982.91
48752,16,32768,2984.06
48768,16,32768,2983.04
48784,16,32768,2983.55
48800,16,32768,2983.17
48816,16,32768,2983.94
48832,16,32768,2983.04
48848,16,32768,2984.06
48864,16,32768,2983.55
48880,16,32768,2983.94
48896,16,32768,2983.04
48912,16,32768,2983.94
48928,16,32768,2983.55
48944,16,32768,2983.94
48960,16,32768,2982.91
48976,16,32768,2983.94
48992,16,32768,2983.94
49008,16,32768,2983.94
49024,16,32768,2984.06
49040,16,32768,2983.94
49056,16,32768,2983.94
49072,16,32768,2984.06
49088,16,32768,2983.94
49104,16,32768,2983.94
49120,16,32768,2983.94
49136,16,32768,2983.94
49152,16,32768,2983.94
49168,16,32768,2983.94
49184,16,32768,2984.06
49200,16,32768,2983.04
49216,16,32768,2984.19
49232,16,32768,2983.94
49248,16,32768,2983.94
49264,16,32768,2983.94
49280,16,32768,2983.94
49296,16,32768,2983.94
49312,16,32768,2983.94
49328,16,32768,2984.06
49344,16,32768,2983.94
49360,16,32768,2984.06
49376,16,32768,2983.94
49392,16,32768,2984.06
49408,16,32768,2983.94
49424,16,32768,2983.94
49440,16,32768,2983.94
49456,16,32768,2983.94
49472,16,32768,2983.94
49488,16,32768,2984.06
49504,16,32768,2984.06
49520,16,32768,2983.94
49536,16,32768,2984.19
49552,16,32768,2983.94
49568,16,32768,2983.94
49584,16,32768,2983.94
49600,16,32768,2984.06
49616,16,32768,2984.06
49632,16,32768,2983.94
49648,16,32768,2983.94
49664,16,32768,2983.94
49680,16,32768,2984.06
49696,16,32768,2983.94
49712,16,32768,2984.19
49728,16,32768,2982.91
49744,16,32768,2983.94
49760,16,32768,2984.06
49776,16,32768,2983.94
49792,16,32768,2984.19
49808,16,32768,2983.94
49824,16,32768,2983.94
49840,16,32768,2983.94
49856,16,32768,2983.94
49872,16,32768,2983.94
49888,16,32768,2983.94
49904,16,32768,2983.94
49920,16,32768,2983.94
49936,16,32768,2983.94
49952,16,32768,2983.94
49968,16,32768,2983.94
49984,16,32768,2984.06
50000,16,32768,2983.94
50016,16,32768,2984.06
50032,16,32768,2983.94
50048,16,32768,2983.94
50064,16,32768,2983.94
50080,16,32768,2983.94
50096,16,32768,2983.94
50112,16,32768,2984.06
50128,16,32768,2984.06
50144,16,32768,2983.94
50160,16,32768,2983.94
50176,16,32768,2983.94
50192,16,32768,2983.94
50208,16,32768,2983.94
50224,16,32768,2983.94
50240,16,32768,2983.94
50256,16,32768,2984.06
50272,16,32768,2983.94
50288,16,32768,2983.94
50304,16,32768,2983.94
50320,16,32768,2984.06
50336,16,32768,2983.94
50352,16,32768,2984.06
50368,16,32768,2983.94
50384,16,32768,2984.06
50400,16,32768,2983.94
50416,16,32768,2984.06
50432,16,32768,2983.94
50448,16,32768,2983.94
50464,16,32768,2984.06
50480,16,32768,2983.94
50496,16,32768,2983.94
50512,16,32768,2984.19
50528,16,32768,2983.94
50544,16,32768,2983.94
50560,16,32768,2983.94
50576,16,32768,2984.06
50592,16,32768,2984.06
50608,16,32768,2984.58
50624,16,32768,2983.94
50640,16,32768,2984.96
50656,16,32768,2984.06
50672,16,32768,2985.09
50688,16,32768,2983.94
50704,16,32768,2984.96
50720,16,32768,2983.94
50736,16,32768,2984.96
50752,16,32768,2983.94
50768,16,32768,2984.06
50784,16,32768,2983.94
50800,16,32768,2984.96
50816,16,32768,2983.94
50832,16,32768,2984.96
50848,16,32768,2984.06
50864,16,32768,2984.96
50880,16,32768,2983.94
50896,16,32768,2984.96
50912,16,32768,2984.06
50928,16,32768,2985.09
50944,16,32768,2984.96
50960,16,32768,2985.09
50976,16,32768,2984.96
50992,16,32768,2984.96
51008,16,32768,2983.94
51024,16,32768,2984.96
51040,16,32768,2984.96
51056,16,32768,2984.96
51072,16,32768,2984.96
51088,16,32768,2984.96
51104,16,32768,2984.96
51120,16,32768,2984.96
51136,16,32768,2984.96
51152,16,32768,2984.96
51168,16,32768,2984.96
51184,16,32768,2984.96
51200,16,32768,2984.96
51216,16,32768,2984.96
51232,16,32768,2984.96
51248,16,32768,2984.96
51264,16,32768,2984.96
51280,16,32768,2984.96
51296,16,32768,2984.96
51312,16,32768,2984.96
51328,16,32768,2984.96
51344,16,32768,2984.96
51360,16,32768,2984.96
51376,16,32768,2984.96
51392,16,32768,2984.96
51408,16,32768,2984.96
51424,16,32768,2984.96
51440,16,32768,2984.96
51456,16,32768,2984.96
51472,16,32768,2984.96
51488,16,32768,2984.96
51504,16,32768,2984.96
51520,16,32768,2985.09
51536,16,32768,2984.96
51552,16,32768,2984.96
51568,16,32768,2984.96
51584,16,32768,2984.96
51600,16,32768,2984.96
51616,16,32768,2984.96
51632,16,32768,2984.96
51648,16,32768,2984.96
51664,16,32768,2984.96
51680,16,32768,2984.96
51696,16,32768,2984.96
51712,16,32768,2984.96
51728,16,32768,2985.09
51744,16,32768,2984.96
51760,16,32768,2984.96
51776,16,32768,2984.96
51792,16,32768,2984.96
51808,16,32768,2984.96
51824,16,32768,2984.96
51840,16,32768,2985.09
51856,16,32768,2984.96
51872,16,32768,2984.96
51888,16,32768,2984.96
51904,16,32768,2984.96
51920,16,32768,2984.96
51936,16,32768,2984.96
51952,16,32768,2984.96
51968,16,32768,2984.96
51984,16,32768,2984.96
52000,16,32768,2984.96
52016,16,32768,2984.96
52032,16,32768,2984.96
52048,16,32768,2984.96
52064,16,32768,2985.09
52080,16,32768,2985.09
52096,16,32768,2984.96
52112,16,32768,2984.96
52128,16,32768,2984.96
52144,16,32768,2984.96
52160,16,32768,2984.96
52176,16,32768,2984.96
52192,16,32768,2984.96
52208,16,32768,2984.96
52224,16,32768,2984.96
52240,16,32768,2984.96
52256,16,32768,2984.96
52272,16,32768,2985.09
52288,16,32768,2984.96
52304,16,32768,2985.09
52320,16,32768,2984.96
52336,16,32768,2984.96
52352,16,32768,2984.96
52368,16,32768,2985.09
52384,16,32768,2984.96
52400,16,32768,2984.96
52416,16,32768,2984.96
52432,16,32768,2984.96
52448,16,32768,2984.96
52464,16,32768,2985.09
52480,16,32768,2984.96
52496,16,32768,2984.96
52512,16,32768,2984.96
52528,16,32768,2985.09
52544,16,32768,2984.96
52560,16,32768,2984.96
52576,16,32768,2984.96
52592,16,32768,2984.96
52608,16,32768,2984.96
52624,16,32768,2985.09
52640,16,32768,2985.09
52656,16,32768,2984.96
52672,16,32768,2984.96
52688,16,32768,2985.6
52704,16,32768,2984.96
52720,16,32768,2985.98
52736,16,32768,2985.09
52752,16,32768,2985.6
52768,16,32768,2985.09
52784,16,32768,2985.09
52800,16,32768,2984.96
52816,16,32768,2985.47
52832,16,32768,2984.96
52848,16,32768,2985.98
52864,16,32768,2984.96
52880,16,32768,2985.98
52896,16,32768,2984.96
52912,16,32768,2986.11
52928,16,32768,2984.96
52944,16,32768,2985.98
52960,16,32768,2984.96
52976,16,32768,2985.98
52992,16,32768,2985.22
53008,16,32768,2985.98
53024,16,32768,2985.47
53040,16,32768,2985.47
53056,16,32768,2984.96
53072,16,32768,2985.98
53088,16,32768,2984.96
53104,16,32768,2985.98
53120,16,32768,2985.47
53136,16,32768,2985.98
53152,16,32768,2985.47
53168,16,32768,2985.98
53184,16,32768,2985.98
53200,16,32768,2985.98
53216,16,32768,2985.47
53232,16,32768,2985.98
53248,16,32768,2985.98
53264,16,32768,2985.98
53280,16,32768,2985.98
53296,16,32768,2985.98
53312,16,32768,2985.98
53328,16,32768,2985.98
53344,16,32768,2985.98
53360,16,32768,2985.98
53376,16,32768,2985.47
53392,16,32768,2985.98
53408,16,32768,2985.98
53424,16,32768,2985.98
53440,16,32768,2985.98
53456,16,32768,2986.11
53472,16,32768,2985.98
53488,16,32768,2985.98
53504,16,32768,2985.98
53520,16,32768,2985.98
53536,16,32768,2985.47
53552,16,32768,2986.11
53568,16,32768,2985.98
53584,16,32768,2985.98
53600,16,32768,2985.98
53616,16,32768,2985.98
53632,16,32768,2985.98
53648,16,32768,2985.98
53664,16,32768,2985.98
53680,16,32768,2985.98
53696,16,32768,2985.98
53712,16,32768,2985.98
53728,16,32768,2985.98
53744,16,32768,2985.98
53760,16,32768,2985.98
53776,16,32768,2985.98
53792,16,32768,2985.98
53808,16,32768,2985.98
53824,16,32768,2985.98
53840,16,32768,2985.98
53856,16,32768,2985.98
53872,16,32768,2985.98
53888,16,32768,2985.98
53904,16,32768,2985.98
53920,16,32768,2985.98
53936,16,32768,2985.98
53952,16,32768,2985.98
53968,16,32768,2985.98
53984,16,32768,2985.98
54000,16,32768,2985.98
54016,16,32768,2986.11
54032,16,32768,2985.98
54048,16,32768,2985.98
54064,16,32768,2985.98
54080,16,32768,2985.98
54096,16,32768,2985.98
54112,16,32768,2985.98
54128,16,32768,2985.98
54144,16,32768,2985.98
54160,16,32768,2985.98
54176,16,32768,2985.98
54192,16,32768,2985.98
54208,16,32768,2985.98
54224,16,32768,2985.98
54240,16,32768,2985.98
54256,16,32768,2985.98
54272,16,32768,2985.98
54288,16,32768,2985.98
54304,16,32768,2985.98
54320,16,32768,2985.98
54336,16,32768,2985.98
54352,16,32768,2985.98
54368,16,32768,2985.98
54384,16,32768,2985.98
54400,16,32768,2985.98
54416,16,32768,2985.98
54432,16,32768,2985.98
54448,16,32768,2985.98
54464,16,32768,2985.98
54480,16,32768,2986.11
54496,16,32768,2985.98
54512,16,32768,2985.98
54528,16,32768,2985.98
54544,16,32768,2985.98
54560,16,32768,2985.98
54576,16,32768,2985.98
54592,16,32768,2985.98
54608,16,32768,2985.98
54624,16,32768,2985.98
54640,16,32768,2985.98
54656,16,32768,2985.98
54672,16,32768,2985.98
54688,16,32768,2985.98
54704,16,32768,2985.98
54720,16,32768,2985.98
54736,16,32768,2985.98
54752,16,32768,2985.98
54768,16,32768,2986.11
54784,16,32768,2985.98
54800,16,32768,2987.01
54816,16,32768,2985.98
54832,16,32768,2987.01
54848,16,32768,2985.98
54864,16,32768,2987.01
54880,16,32768,2985.98
54896,16,32768,2987.01
54912,16,32768,2985.98
54928,16,32768,2987.01
54944,16,32768,2985.98
54960,16,32768,2987.01
54976,16,32768,2985.98
54992,16,32768,2987.01
55008,16,32768,2985.98
55024,16,32768,2987.01
55040,16,32768,2985.98
55056,16,32768,2987.01
55072,16,32768,2986.62
55088,16,32768,2987.01
55104,16,32768,2985.98
55120,16,32768,2987.01
55136,16,32768,2986.11
55152,16,32768,2987.01
55168,16,32768,2985.98
55184,16,32768,2987.01
55200,16,32768,2986.5
55216,16,32768,2987.01
55232,16,32768,2986.5
55248,16,32768,2987.01
55264,16,32768,2987.01
55280,16,32768,2987.01
55296,16,32768,2987.01
55312,16,32768,2987.01
55328,16,32768,2987.01
55344,16,32768,2987.01
55360,16,32768,2987.01
55376,16,32768,2987.01
55392,16,32768,2987.01
55408,16,32768,2987.01
55424,16,32768,2987.01
55440,16,32768,2987.01
55456,16,32768,2987.01
55472,16,32768,2987.01
55488,16,32768,2986.5
55504,16,32768,2987.01
55520,16,32768,2987.01
55536,16,32768,2987.01
55552,16,32768,2987.01
55568,16,32768,2987.01
55584,16,32768,2987.01
55600,16,32768,2986.88
55616,16,32768,2987.01
55632,16,32768,2987.01
55648,16,32768,2987.01
55664,16,32768,2987.01
55680,16,32768,2987.01
55696,16,32768,2987.01
55712,16,32768,2987.01
55728,16,32768,2987.01
55744,16,32768,2986.5
55760,16,32768,2987.01
55776,16,32768,2987.01
55792,16,32768,2987.01
55808,16,32768,2987.01
55824,16,32768,2987.01
55840,16,32768,2987.01
55856,16,32768,2987.01
55872,16,32768,2987.01
55888,16,32768,2987.01
55904,16,32768,2987.01
55920,16,32768,2987.01
55936,16,32768,2987.01
55952,16,32768,2987.01
55968,16,32768,2987.01
55984,16,32768,2987.01
56000,16,32768,2987.01
56016,16,32768,2987.01
56032,16,32768,2987.01
56048,16,32768,2987.01
56064,16,32768,2987.01
56080,16,32768,2987.01
56096,16,32768,2987.01
56112,16,32768,2987.01
56128,16,32768,2987.01
56144,16,32768,2987.01
56160,16,32768,2987.01
56176,16,32768,2987.01
56192,16,32768,2987.01
56208,16,32768,2987.01
56224,16,32768,2987.01
56240,16,32768,2987.01
56256,16,32768,2987.01
56272,16,32768,2987.01
56288,16,32768,2987.01
56304,16,32768,2987.01
56320,16,32768,2987.01
56336,16,32768,2987.01
56352,16,32768,2987.01
56368,16,32768,2987.01
56384,16,32768,2987.01
56400,16,32768,2987.01
56416,16,32768,2987.01
56432,16,32768,2987.01
56448,16,32768,2987.01
56464,16,32768,2987.01
56480,16,32768,2987.01
56496,16,32768,2987.01
56512,16,32768,2987.01
56528,16,32768,2987.01
56544,16,32768,2987.01
56560,16,32768,2987.01
56576,16,32768,2987.01
56592,16,32768,2987.01
56608,16,32768,2987.01
56624,16,32768,2987.01
56640,16,32768,2987.01
56656,16,32768,2987.01
56672,16,32768,2987.01
56688,16,32768,2987.52
56704,16,32768,2987.01
56720,16,32768,2987.01
56736,16,32768,2987.01
56752,16,32768,2987.01
56768,16,32768,2987.01
56784,16,32768,2987.52
56800,16,32768,2987.01
56816,16,32768,2987.01
56832,16,32768,2987.01
56848,16,32768,2988.03
56864,16,32768,2987.01
56880,16,32768,2987.39
56896,16,32768,2987.01
56912,16,32768,2988.03
56928,16,32768,2987.01
56944,16,32768,2988.03
56960,16,32768,2987.01
56976,16,32768,2988.03
56992,16,32768,2987.01
57008,16,32768,2988.03
57024,16,32768,2987.01
57040,16,32768,2988.03
57056,16,32768,2987.01
57072,16,32768,2988.03
57088,16,32768,2987.01
57104,16,32768,2988.03
57120,16,32768,2987.52
57136,16,32768,2988.03
57152,16,32768,2987.52
57168,16,32768,2988.03
57184,16,32768,2988.03
57200,16,32768,2988.03
57216,16,32768,2987.01
57232,16,32768,2988.03
57248,16,32768,2987.9
57264,16,32768,2988.03
57280,16,32768,2987.9
57296,16,32768,2988.03
57312,16,32768,2988.03
57328,16,32768,2988.03
57344,16,32768,2988.03
57360,16,32768,2988.03
57376,16,32768,2988.03
57392,16,32768,2988.03
57408,16,32768,2988.03
57424,16,32768,2988.03
57440,16,32768,2988.03
57456,16,32768,2988.03
57472,16,32768,2988.03
57488,16,32768,2988.03
57504,16,32768,2988.03
57520,16,32768,2988.03
57536,16,32768,2988.03
57552,16,32768,2988.03
57568,16,32768,2988.03
57584,16,32768,2988.03
57600,16,32768,2988.03
57616,16,32768,2988.03
57632,16,32768,2988.03
57648,16,32768,2988.03
57664,16,32768,2988.03
57680,16,32768,2988.03
57696,16,32768,2988.03
57712,16,32768,2988.03
57728,16,32768,2988.03
57744,16,32768,2988.03
57760,16,32768,2988.03
57776,16,32768,2988.03
57792,16,32768,2988.03
57808,16,32768,2988.03
57824,16,32768,2988.03
57840,16,32768,2988.03
57856,16,32768,2988.03
57872,16,32768,2988.03
57888,16,32768,2988.03
57904,16,32768,2988.03
57920,16,32768,2988.03
57936,16,32768,2988.03
57952,16,32768,2988.03
57968,16,32768,2988.03
57984,16,32768,2988.03
58000,16,32768,2988.03
58016,16,32768,2988.03
58032,16,32768,2988.03
58048,16,32768,2988.03
58064,16,32768,2988.03
58080,16,32768,2988.03
58096,16,32768,2988.03
58112,16,32768,2988.03
58128,16,32768,2988.03
58144,16,32768,2988.03
58160,16,32768,2987.9
58176,16,32768,2988.03
58192,16,32768,2988.03
58208,16,32768,2988.03
58224,16,32768,2988.03
58240,16,32768,2988.03
58256,16,32768,2988.03
58272,16,32768,2988.03
58288,16,32768,2988.03
58304,16,32768,2988.03
58320,16,32768,2987.78
58336,16,32768,2988.03
58352,16,32768,2988.03
58368,16,32768,2987.9
58384,16,32768,2988.03
58400,16,32768,2988.03
58416,16,32768,2988.03
58432,16,32768,2988.03
58448,16,32768,2988.03
58464,16,32768,2988.03
58480,16,32768,2988.03
58496,16,32768,2988.03
58512,16,32768,2988.03
58528,16,32768,2988.03
58544,16,32768,2987.78
58560,16,32768,2988.03
58576,16,32768,2988.03
58592,16,32768,2988.03
58608,16,32768,2988.03
58624,16,32768,2988.03
58640,16,32768,2988.03
58656,16,32768,2988.03
58672,16,32768,2988.03
58688,16,32768,2988.03
58704,16,32768,2988.03
58720,16,32768,2988.03
58736,16,32768,2988.03
58752,16,32768,2988.03
58768,16,32768,2988.03
58784,16,32768,2988.03
58800,16,32768,2988.03
58816,16,32768,2988.03
58832,16,32768,2988.42
58848,16,32768,2988.03
58864,16,32768,2987.9
58880,16,32768,2988.03
58896,16,32768,2988.03
58912,16,32768,2988.03
58928,16,32768,2988.03
58944,16,32768,2988.03
58960,16,32768,2988.42
58976,16,32768,2988.03
58992,16,32768,2988.54
59008,16,32768,2988.03
59024,16,32768,2988.8
59040,16,32768,2988.03
59056,16,32768,2989.06
59072,16,32768,2988.03
59088,16,32768,2989.06
59104,16,32768,2988.03
59120,16,32768,2988.54
59136,16,32768,2988.03
59152,16,32768,2988.8
59168,16,32768,2988.03
59184,16,32768,2989.06
59200,16,32768,2988.03
59216,16,32768,2989.06
59232,16,32768,2988.54
59248,16,32768,2989.06
59264,16,32768,2988.54
59280,16,32768,2988.93
59296,16,32768,2989.06
59312,16,32768,2989.06
59328,16,32768,2988.8
59344,16,32768,2988.54
59360,16,32768,2988.93
59376,16,32768,2989.06
59392,16,32768,2989.06
59408,16,32768,2989.06
59424,16,32768,2989.06
59440,16,32768,2989.06
59456,16,32768,2988.93
59472,16,32768,2988.93
59488,16,32768,2989.06
59504,16,32768,2989.06
59520,16,32768,2988.93
59536,16,32768,2988.93
59552,16,32768,2989.06
59568,16,32768,2989.06
59584,16,32768,2989.06
59600,16,32768,2989.06
59616,16,32768,2989.06
59632,16,32768,2988.54
59648,16,32768,2988.93
59664,16,32768,2989.06
59680,16,32768,2988.54
59696,16,32768,2989.06
59712,16,32768,2988.93
59728,16,32768,2988.8
59744,16,32768,2989.06
59760,16,32768,2988.03
59776,16,32768,2988.03
59792,16,32768,2988.54
59808,16,32768,2989.06
59824,16,32768,2989.06
59840,16,32768,2989.06
59856,16,32768,2989.06
59872,16,32768,2989.06
59888,16,32768,2988.93
59904,16,32768,2989.06
59920,16,32768,2989.06
59936,16,32768,2989.06
59952,16,32768,2989.06
59968,16,32768,2989.06
59984,16,32768,2989.06
60000,16,32768,2989.06
60016,16,32768,2989.06
60032,16,32768,2989.06
60048,16,32768,2989.06
60064,16,32768,2989.06
60080,16,32768,2989.06
60096,16,32768,2989.06
60112,16,32768,2989.06
60128,16,32768,2989.06
60144,16,32768,2989.06
60160,16,32768,2988.03
60176,16,32768,2989.06
60192,16,32768,2989.06
60208,16,32768,2989.06
60224,16,32768,2989.06
60240,16,32768,2988.93
60256,16,32768,2989.06
60272,16,32768,2989.06
60288,16,32768,2989.06
60304,16,32768,2989.06
60320,16,32768,2989.06
60336,16,32768,2989.06
60352,16,32768,2989.06
60368,16,32768,2989.06
60384,16,32768,2988.93
60400,16,32768,2989.06
60416,16,32768,2989.06
60432,16,32768,2989.06
60448,16,32768,2989.06
60464,16,32768,2989.06
60480,16,32768,2989.06
60496,16,32768,2989.06
60512,16,32768,2989.06
60528,16,32768,2989.06
60544,16,32768,2989.06
60560,16,32768,2989.06
60576,16,32768,2989.06
60592,16,32768,2989.06
60608,16,32768,2989.06
60624,16,32768,2989.06
60640,16,32768,2989.06
60656,16,32768,2989.06
60672,16,32768,2989.06
60688,16,32768,2989.06
60704,16,32768,2989.06
60720,16,32768,2989.06
60736,16,32768,2989.06
60752,16,32768,2989.06
60768,16,32768,2989.06
60784,16,32768,2989.06
60800,16,32768,2989.06
60816,16,32768,2989.06
60832,16,32768,2989.06
60848,16,32768,2989.06
60864,16,32768,2989.06
60880,16,32768,2989.06
60896,16,32768,2989.06
60912,16,32768,2989.06
60928,16,32768,2989.06
60944,16,32768,2989.57
60960,16,32768,2989.06
60976,16,32768,2989.06
60992,16,32768,2989.06
61008,16,32768,2989.06
61024,16,32768,2989.06
61040,16,32768,2989.57
61056,16,32768,2989.06
61072,16,32768,2990.08
61088,16,32768,2989.06
61104,16,32768,2990.08
61120,16,32768,2989.06
61136,16,32768,2990.08
61152,16,32768,2989.06
61168,16,32768,2990.08
61184,16,32768,2989.06
61200,16,32768,2989.44
61216,16,32768,2989.06
61232,16,32768,2990.08
61248,16,32768,2989.06
61264,16,32768,2990.08
61280,16,32768,2989.44
61296,16,32768,2990.08
61312,16,32768,2989.06
61328,16,32768,2990.08
61344,16,32768,2989.95
61360,16,32768,2990.08
61376,16,32768,2989.57
61392,16,32768,2990.08
61408,16,32768,2989.44
61424,16,32768,2990.08
61440,16,32768,2989.95
61456,16,32768,2989.95
61472,16,32768,2990.08
61488,16,32768,2989.95
61504,16,32768,2989.95
61520,16,32768,2989.95
61536,16,32768,2990.08
61552,16,32768,2989.95
61568,16,32768,2989.95
61584,16,32768,2990.08
61600,16,32768,2989.95
61616,16,32768,2990.08
61632,16,32768,2989.95
61648,16,32768,2990.08
61664,16,32768,2990.08
61680,16,32768,2989.95
61696,16,32768,2989.57
61712,16,32768,2990.08
61728,16,32768,2990.08
61744,16,32768,2990.08
61760,16,32768,2990.08
61776,16,32768,2990.08
61792,16,32768,2990.08
61808,16,32768,2990.08
61824,16,32768,2990.08
61840,16,32768,2990.08
61856,16,32768,2990.08
61872,16,32768,2990.08
61888,16,32768,2990.08
61904,16,32768,2990.08
61920,16,32768,2990.08
61936,16,32768,2990.08
61952,16,32768,2990.08
61968,16,32768,2990.08
61984,16,32768,2989.95
62000,16,32768,2990.08
62016,16,32768,2990.08
62032,16,32768,2990.08
62048,16,32768,2990.08
62064,16,32768,2990.08
62080,16,32768,2990.08
62096,16,32768,2990.08
62112,16,32768,2990.08
62128,16,32768,2990.08
62144,16,32768,2990.08
62160,16,32768,2990.08
62176,16,32768,2989.95
62192,16,32768,2990.08
62208,16,32768,2990.08
62224,16,32768,2990.08
62240,16,32768,2989.95
62256,16,32768,2990.08
62272,16,32768,2990.08
62288,16,32768,2990.08
62304,16,32768,2990.08
62320,16,32768,2990.08
62336,16,32768,2990.08
62352,16,32768,2990.08
62368,16,32768,2989.82
62384,16,32768,2989.95
62400,16,32768,2990.08
62416,16,32768,2990.08
62432,16,32768,2990.08
62448,16,32768,2990.08
62464,16,32768,2990.08
62480,16,32768,2990.08
62496,16,32768,2990.08
62512,16,32768,2989.95
62528,16,32768,2990.08
62544,16,32768,2990.08
62560,16,32768,2990.08
62576,16,32768,2990.08
62592,16,32768,2990.08
62608,16,32768,2990.08
62624,16,32768,2990.08
62640,16,32768,2990.08
62656,16,32768,2990.08
62672,16,32768,2990.08
62688,16,32768,2990.08
62704,16,32768,2990.08
62720,16,32768,2990.08
62736,16,32768,2990.08
62752,16,32768,2990.08
62768,16,32768,2990.08
62784,16,32768,2990.08
62800,16,32768,2990.08
62816,16,32768,2990.08
62832,16,32768,2990.08
62848,16,32768,2990.08
62864,16,32768,2990.08
62880,16,32768,2990.08
62896,16,32768,2990.08
62912,16,32768,2990.08
62928,16,32768,2990.08
62944,16,32768,2990.08
62960,16,32768,2990.08
62976,16,32768,2990.08
62992,16,32768,2990.08
63008,16,32768,2990.08
63024,16,32768,2990.08
63040,16,32768,2990.08
63056,16,32768,2990.46
63072,16,32768,2990.08
63088,16,32768,2990.59
63104,16,32768,2989.95
63120,16,32768,2991.1
63136,16,32768,2990.08
63152,16,32768,2990.08
63168,16,32768,2990.08
63184,16,32768,2990.85
63200,16,32768,2990.08
63216,16,32768,2990.98
63232,16,32768,2989.95
63248,16,32768,2990.98
63264,16,32768,2990.08
63280,16,32768,2990.46
63296,16,32768,2990.08
63312,16,32768,2990.98
63328,16,32768,2990.08
63344,16,32768,2990.98
63360,16,32768,2990.46
63376,16,32768,2990.98
63392,16,32768,2990.59
63408,16,32768,2990.98
63424,16,32768,2991.1
63440,16,32768,2990.98
63456,16,32768,2991.1
63472,16,32768,2991.1
63488,16,32768,2990.08
63504,16,32768,2990.98
63520,16,32768,2991.1
63536,16,32768,2991.1
63552,16,32768,2990.85
63568,16,32768,2990.98
63584,16,32768,2991.1
63600,16,32768,2990.98
63616,16,32768,2990.85
63632,16,32768,2991.1
63648,16,32768,2990.98
63664,16,32768,2991.1
63680,16,32768,2991.1
63696,16,32768,2991.1
63712,16,32768,2990.98
63728,16,32768,2991.1
63744,16,32768,2990.98
63760,16,32768,2990.98
63776,16,32768,2990.98
63792,16,32768,2990.98
63808,16,32768,2990.85
63824,16,32768,2990.98
63840,16,32768,2991.1
63856,16,32768,2991.1
63872,16,32768,2991.1
63888,16,32768,2990.98
63904,16,32768,2990.98
63920,16,32768,2990.98
63936,16,32768,2991.1
63952,16,32768,2991.1
63968,16,32768,2990.98
63984,16,32768,2990.08
64000,16,32768,2990.98
64016,16,32768,2990.98
64032,16,32768,2991.1
64048,16,32768,2990.98
64064,16,32768,2990.98
64080,16,32768,2991.1
64096,16,32768,2990.98
64112,16,32768,2991.1
64128,16,32768,2991.1
64144,16,32768,2991.1
64160,16,32768,2990.98
64176,16,32768,2991.1
64192,16,32768,2991.1
64208,16,32768,2990.98
64224,16,32768,2991.1
64240,16,32768,2990.98
64256,16,32768,2991.1
64272,16,32768,2991.1
64288,16,32768,2991.1
64304,16,32768,2990.98
64320,16,32768,2990.98
64336,16,32768,2990.98
64352,16,32768,2991.1
64368,16,32768,2990.98
64384,16,32768,2991.1
64400,16,32768,2991.1
64416,16,32768,2991.1
64432,16,32768,2991.1
64448,16,32768,2990.98
64464,16,32768,2991.1
64480,16,32768,2991.1
64496,16,32768,2991.1
64512,16,32768,2991.1
64528,16,32768,2991.1
64544,16,32768,2990.85
64560,16,32768,2991.1
64576,16,32768,2991.1
64592,16,32768,2990.98
64608,16,32768,2991.1
64624,16,32768,2991.1
64640,16,32768,2991.1
64656,16,32768,2991.1
64672,16,32768,2990.98
64688,16,32768,2991.1
64704,16,32768,2991.1
64720,16,32768,2991.1
64736,16,32768,2990.98
64752,16,32768,2991.1
64768,16,32768,2991.1
64784,16,32768,2991.1
64800,16,32768,2991.1
64816,16,32768,2990.85
64832,16,32768,2991.1
64848,16,32768,2991.1
64864,16,32768,2991.1
64880,16,32768,2991.1
64896,16,32768,2991.1
64912,16,32768,2991.1
64928,16,32768,2991.1
64944,16,32768,2991.1
64960,16,32768,2991.1
64976,16,32768,2990.98
64992,16,32768,2991.1
65008,16,32768,2990.85
65024,16,32768,2990.98
65040,16,32768,2991.1
65056,16,32768,2991.1
65072,16,32768,2990.98
65088,16,32768,2991.1
65104,16,32768,2991.1
65120,16,32768,2991.1
65136,16,32768,2991.62
65152,16,32768,2990.98
65168,16,32768,2991.49
65184,16,32768,2991.1
65200,16,32768,2991.49
65216,16,32768,2991.1
65232,16,32768,2992
65248,16,32768,2991.1
65264,16,32768,2991.87
65280,16,32768,2991.1
65296,16,32768,2992
65312,16,32768,2991.1
65328,16,32768,2991.87
65344,16,32768,2991.1
65360,16,32768,2992.13
65376,16,32768,2991.49
65392,16,32768,2991.1
65408,16,32768,2991.1
65424,16,32768,2992.13
65440,16,32768,2990.98
65456,16,32768,2992.13
65472,16,32768,2991.62
65488,16,32768,2992
65504,16,32768,2992.13
65520,16,32768,2992.13
65536,16,32768,2991.49
65552,16,32768,2992
65568,16,32768,2991.87
65584,16,32768,2991.87
65600,16,32768,2992
65616,16,32768,2992
65632,16,32768,2992
65648,16,32768,2992.13
65664,16,32768,2992
65680,16,32768,2991.87
65696,16,32768,2992
65712,16,32768,2992.13
65728,16,32768,2992
65744,16,32768,2992.13
65760,16,32768,2992
65776,16,32768,2992
65792,16,32768,2991.87
65808,16,32768,2991.87
65824,16,32768,2991.87
65840,16,32768,2992.13
65856,16,32768,2991.87
65872,16,32768,2992.13
65888,16,32768,2991.87
65904,16,32768,2992
65920,16,32768,2992
65936,16,32768,2991.87
65952,16,32768,2991.87
65968,16,32768,2992
65984,16,32768,2992
66000,16,32768,2992
66016,16,32768,2992.13
66032,16,32768,2992.13
66048,16,32768,2992.13
66064,16,32768,2992.13
66080,16,32768,2991.87
66096,16,32768,2992
66112,16,32768,2992.13
66128,16,32768,2992
66144,16,32768,2992.13
66160,16,32768,2991.87
66176,16,32768,2992
66192,16,32768,2992
66208,16,32768,2991.87
66224,16,32768,2991.87
66240,16,32768,2992
66256,16,32768,2991.87
66272,16,32768,2991.87
66288,16,32768,2992
66304,16,32768,2992
66320,16,32768,2992.13
66336,16,32768,2991.87
66352,16,32768,2992
66368,16,32768,2992.13
66384,16,32768,2992
66400,16,32768,2992
66416,16,32768,2992
66432,16,32768,2992
66448,16,32768,2992
66464,16,32768,2992
66480,16,32768,2992.13
66496,16,32768,2991.87
66512,16,32768,2992
66528,16,32768,2992.13
66544,16,32768,2992.13
66560,16,32768,2992.13
66576,16,32768,2992
66592,16,32768,2992
66608,16,32768,2992.13
66624,16,32768,2992
66640,16,32768,2992
66656,16,32768,2992.13
66672,16,32768,2992.13
66688,16,32768,2992
66704,16,32768,2992
66720,16,32768,2992
66736,16,32768,2992.13
66752,16,32768,2992
66768,16,32768,2992.13
66784,16,32768,2992.13
66800,16,32768,2992.13
66816,16,32768,2992.13
66832,16,32768,2992.13
66848,16,32768,2992.13
66864,16,32768,2992.13
66880,16,32768,2992
66896,16,32768,2992
66912,16,32768,2992
66928,16,32768,2992
66944,16,32768,2992.13
66960,16,32768,2991.87
66976,16,32768,2992
66992,16,32768,2992
67008,16,32768,2991.87
67024,16,32768,2992.13
67040,16,32768,2992.13
67056,16,32768,2992.13
67072,16,32768,2992.13
67088,16,32768,2992.13
67104,16,32768,2992.13
67120,16,32768,2992.13
67136,16,32768,2992
67152,16,32768,2992.51
67168,16,32768,2992.13
67184,16,32768,2992.51
67200,16,32768,2992
67216,16,32768,2992.9
67232,16,32768,2992
67248,16,32768,2993.02
67264,16,32768,2992.13
67280,16,32768,2993.02
67296,16,32768,2992.13
67312,16,32768,2993.02
67328,16,32768,2992.13
67344,16,32768,2993.02
67360,16,32768,2992
67376,16,32768,2993.02
67392,16,32768,2992
67408,16,32768,2993.02
67424,16,32768,2992.13
67440,16,32768,2992.9
67456,16,32768,2992.13
67472,16,32768,2992.9
67488,16,32768,2992.13
67504,16,32768,2993.02
67520,16,32768,2992.13
67536,16,32768,2992.9
67552,16,32768,2992.13
67568,16,32768,2992.9
67584,16,32768,2992
67600,16,32768,2993.02
67616,16,32768,2993.15
67632,16,32768,2993.15
67648,16,32768,2992.13
67664,16,32768,2993.15
67680,16,32768,2993.15
67696,16,32768,2993.02
67712,16,32768,2992.9
67728,16,32768,2993.02
67744,16,32768,2992.9
67760,16,32768,2993.02
67776,16,32768,2993.02
67792,16,32768,2992.9
67808,16,32768,2992.9
67824,16,32768,2992.9
67840,16,32768,2993.02
67856,16,32768,2993.02
67872,16,32768,2992.51
67888,16,32768,2992.9
67904,16,32768,2993.15
67920,16,32768,2993.15
67936,16,32768,2992.9
67952,16,32768,2992.9
67968,16,32768,2992.9
67984,16,32768,2993.15
68000,16,32768,2993.15
68016,16,32768,2993.15
68032,16,32768,2993.02
68048,16,32768,2993.02
68064,16,32768,2993.15
68080,16,32768,2993.15
68096,16,32768,2992.9
68112,16,32768,2992.9
68128,16,32768,2993.02
68144,16,32768,2993.15
68160,16,32768,2993.02
68176,16,32768,2993.02
68192,16,32768,2992.9
68208,16,32768,2993.02
68224,16,32768,2992.9
68240,16,32768,2993.15
68256,16,32768,2993.15
68272,16,32768,2993.15
68288,16,32768,2992.9
68304,16,32768,2992.9
68320,16,32768,2992.9
68336,16,32768,2993.15
68352,16,32768,2993.02
68368,16,32768,2993.15
68384,16,32768,2993.02
68400,16,32768,2993.15
68416,16,32768,2992.9
68432,16,32768,2993.02
68448,16,32768,2992.9
68464,16,32768,2992.9
68480,16,32768,2993.15
68496,16,32768,2993.02
68512,16,32768,2992.9
68528,16,32768,2993.02
68544,16,32768,2992.9
68560,16,32768,2992.9
68576,16,32768,2993.15
68592,16,32768,2992.9
68608,16,32768,2993.02
68624,16,32768,2992.9
68640,16,32768,2993.15
68656,16,32768,2993.15
68672,16,32768,2993.02
68688,16,32768,2992.9
68704,16,32768,2993.15
68720,16,32768,2992.9
68736,16,32768,2993.15
68752,16,32768,2992.9
68768,16,32768,2992.9
68784,16,32768,2992.9
68800,16,32768,2992.9
68816,16,32768,2992.9
68832,16,32768,2992.9
68848,16,32768,2993.15
68864,16,32768,2992.9
68880,16,32768,2992.9
68896,16,32768,2993.02
68912,16,32768,2992.9
68928,16,32768,2993.15
68944,16,32768,2992.9
68960,16,32768,2992.9
68976,16,32768,2992.9
68992,16,32768,2992.9
69008,16,32768,2992.9
69024,16,32768,2992.9
69040,16,32768,2992.9
69056,16,32768,2993.02
69072,16,32768,2992.9
69088,16,32768,2992.9
69104,16,32768,2992.9
69120,16,32768,2993.15
69136,16,32768,2992.9
69152,16,32768,2993.15
69168,16,32768,2993.15
69184,16,32768,2993.02
69200,16,32768,2993.66
69216,16,32768,2993.15
69232,16,32768,2993.54
69248,16,32768,2993.15
69264,16,32768,2992.9
69280,16,32768,2993.15
69296,16,32768,2993.15
69312,16,32768,2993.15
69328,16,32768,2992.9
69344,16,32768,2993.02
69360,16,32768,2993.92
69376,16,32768,2993.15
69392,16,32768,2993.92
69408,16,32768,2993.02
69424,16,32768,2994.18
69440,16,32768,2992.9
69456,16,32768,2993.92
69472,16,32768,2993.02
69488,16,32768,2993.92
69504,16,32768,2993.41
69520,16,32768,2994.18
69536,16,32768,2993.15
69552,16,32768,2994.05
69568,16,32768,2993.54
69584,16,32768,2994.18
69600,16,32768,2994.05
69616,16,32768,2993.92
69632,16,32768,2993.92
69648,16,32768,2993.92
69664,16,32768,2993.92
69680,16,32768,2993.92
69696,16,32768,2993.15
69712,16,32768,2993.92
69728,16,32768,2993.92
69744,16,32768,2993.92
69760,16,32768,2993.92
69776,16,32768,2993.92
69792,16,32768,2993.92
69808,16,32768,2993.92
69824,16,32768,2993.92
69840,16,32768,2993.92
69856,16,32768,2993.92
69872,16,32768,2994.18
69888,16,32768,2994.18
69904,16,32768,2994.18
69920,16,32768,2994.05
69936,16,32768,2993.92
69952,16,32768,2994.18
69968,16,32768,2993.92
69984,16,32768,2993.92
70000,16,32768,2994.18
70016,16,32768,2993.92
70032,16,32768,2993.92
70048,16,32768,2993.92
70064,16,32768,2993.92
70080,16,32768,2994.18
70096,16,32768,2994.18
70112,16,32768,2994.18
70128,16,32768,2993.92
70144,16,32768,2993.92
70160,16,32768,2993.92
70176,16,32768,2993.92
70192,16,32768,2993.92
70208,16,32768,2994.18
70224,16,32768,2993.92
70240,16,32768,2993.92
70256,16,32768,2993.92
70272,16,32768,2993.92
70288,16,32768,2993.92
70304,16,32768,2993.92
70320,16,32768,2993.92
70336,16,32768,2993.92
70352,16,32768,2993.92
70368,16,32768,2993.92
70384,16,32768,2994.05
70400,16,32768,2993.92
70416,16,32768,2994.05
70432,16,32768,2993.92
70448,16,32768,2993.92
70464,16,32768,2993.92
70480,16,32768,2994.18
70496,16,32768,2993.92
70512,16,32768,2993.92
70528,16,32768,2994.18
70544,16,32768,2993.92
70560,16,32768,2993.92
70576,16,32768,2994.05
70592,16,32768,2993.92
70608,16,32768,2993.92
70624,16,32768,2994.18
70640,16,32768,2994.18
70656,16,32768,2993.92
70672,16,32768,2994.18
70688,16,32768,2993.92
70704,16,32768,2993.92
70720,16,32768,2994.18
70736,16,32768,2993.92
70752,16,32768,2994.18
70768,16,32768,2994.18
70784,16,32768,2993.92
70800,16,32768,2993.92
70816,16,32768,2993.92
70832,16,32768,2994.05
70848,16,32768,2993.92
70864,16,32768,2994.05
70880,16,32768,2993.92
70896,16,32768,2994.18
70912,16,32768,2994.05
70928,16,32768,2993.92
70944,16,32768,2994.05
70960,16,32768,2993.92
70976,16,32768,2994.18
70992,16,32768,2993.92
71008,16,32768,2994.05
71024,16,32768,2994.05
71040,16,32768,2993.92
71056,16,32768,2993.92
71072,16,32768,2993.92
71088,16,32768,2993.92
71104,16,32768,2993.92
71120,16,32768,2994.05
71136,16,32768,2994.18
71152,16,32768,2994.18
71168,16,32768,2993.92
71184,16,32768,2994.18
71200,16,32768,2994.18
71216,16,32768,2993.92
71232,16,32768,2993.92
71248,16,32768,2994.05
71264,16,32768,2994.05
71280,16,32768,2994.18
71296,16,32768,2993.92
71312,16,32768,2994.94
71328,16,32768,2994.05
71344,16,32768,2994.56
71360,16,32768,2994.05
71376,16,32768,2994.05
71392,16,32768,2993.92
71408,16,32768,2994.94
71424,16,32768,2994.18
71440,16,32768,2994.94
71456,16,32768,2994.05
71472,16,32768,2994.94
71488,16,32768,2994.05
71504,16,32768,2994.94
71520,16,32768,2994.56
71536,16,32768,2994.94
71552,16,32768,2994.56
71568,16,32768,2994.94
71584,16,32768,2994.56
71600,16,32768,2994.94
71616,16,32768,2994.05
71632,16,32768,2994.94
71648,16,32768,2994.43
71664,16,32768,2994.94
71680,16,32768,2994.94
71696,16,32768,2994.94
71712,16,32768,2994.94
71728,16,32768,2995.07
71744,16,32768,2994.94
71760,16,32768,2994.56
71776,16,32768,2994.94
71792,16,32768,2995.07
71808,16,32768,2994.94
71824,16,32768,2994.94
71840,16,32768,2994.94
71856,16,32768,2994.94
71872,16,32768,2994.94
71888,16,32768,2994.94
71904,16,32768,2994.94
71920,16,32768,2994.94
71936,16,32768,2994.94
71952,16,32768,2994.94
71968,16,32768,2994.94
71984,16,32768,2995.07
72000,16,32768,2994.94
72016,16,32768,2994.94
72032,16,32768,2994.94
72048,16,32768,2994.94
72064,16,32768,2994.94
72080,16,32768,2994.94
72096,16,32768,2994.94
72112,16,32768,2994.94
72128,16,32768,2994.94
72144,16,32768,2995.07
72160,16,32768,2994.94
72176,16,32768,2994.94
72192,16,32768,2994.43
72208,16,32768,2994.94
72224,16,32768,2994.94
72240,16,32768,2994.94
72256,16,32768,2995.07
72272,16,32768,2994.94
72288,16,32768,2994.94
72304,16,32768,2994.94
72320,16,32768,2995.07
72336,16,32768,2994.94
72352,16,32768,2994.94
72368,16,32768,2994.94
72384,16,32768,2994.94
72400,16,32768,2994.94
72416,16,32768,2994.94
72432,16,32768,2995.07
72448,16,32768,2994.94
72464,16,32768,2994.94
72480,16,32768,2994.94
72496,16,32768,2994.94
72512,16,32768,2994.94
72528,16,32768,2994.94
72544,16,32768,2994.94
72560,16,32768,2995.07
72576,16,32768,2994.94
72592,16,32768,2994.94
72608,16,32768,2994.94
72624,16,32768,2995.07
72640,16,32768,2994.94
72656,16,32768,2995.07
72672,16,32768,2994.94
72688,16,32768,2994.94
72704,16,32768,2994.94
72720,16,32768,2994.94
72736,16,32768,2995.07
72752,16,32768,2994.94
72768,16,32768,2994.94
72784,16,32768,2994.94
72800,16,32768,2994.94
72816,16,32768,2994.94
72832,16,32768,2994.94
72848,16,32768,2994.94
72864,16,32768,2994.94
72880,16,32768,2994.94
72896,16,32768,2994.94
72912,16,32768,2995.07
72928,16,32768,2994.94
72944,16,32768,2994.94
72960,16,32768,2994.94
72976,16,32768,2994.94
72992,16,32768,2995.07
73008,16,32768,2994.94
73024,16,32768,2995.07
73040,16,32768,2994.94
73056,16,32768,2995.07
73072,16,32768,2995.07
73088,16,32768,2995.07
73104,16,32768,2994.94
73120,16,32768,2994.94
73136,16,32768,2995.07
73152,16,32768,2995.07
73168,16,32768,2995.07
73184,16,32768,2994.94
73200,16,32768,2995.07
73216,16,32768,2995.07
73232,16,32768,2995.2
73248,16,32768,2994.94
73264,16,32768,2995.07
73280,16,32768,2994.94
73296,16,32768,2995.07
73312,16,32768,2995.07
73328,16,32768,2994.94
73344,16,32768,2995.07
73360,16,32768,2995.07
73376,16,32768,2995.07
73392,16,32768,2995.07
73408,16,32768,2995.2
73424,16,32768,2995.58
73440,16,32768,2994.94
73456,16,32768,2995.97
73472,16,32768,2994.94
73488,16,32768,2995.97
73504,16,32768,2994.94
73520,16,32768,2995.58
73536,16,32768,2995.2
73552,16,32768,2995.97
73568,16,32768,2994.94
73584,16,32768,2995.97
73600,16,32768,2995.07
73616,16,32768,2996.1
73632,16,32768,2995.07
73648,16,32768,2995.97
73664,16,32768,2995.07
73680,16,32768,2995.97
73696,16,32768,2995.07
73712,16,32768,2995.97
73728,16,32768,2995.07
73744,16,32768,2995.97
73760,16,32768,2994.94
73776,16,32768,2995.97
73792,16,32768,2995.58
73808,16,32768,2995.97
73824,16,32768,2995.97
73840,16,32768,2995.97
73856,16,32768,2995.97
73872,16,32768,2995.97
73888,16,32768,2995.97
73904,16,32768,2995.97
73920,16,32768,2995.97
73936,16,32768,2995.97
73952,16,32768,2995.97
73968,16,32768,2995.97
73984,16,32768,2995.97
74000,16,32768,2995.97
74016,16,32768,2995.97
74032,16,32768,2995.97
74048,16,32768,2995.97
74064,16,32768,2995.97
74080,16,32768,2995.97
74096,16,32768,2995.97
74112,16,32768,2995.97
74128,16,32768,2995.97
74144,16,32768,2995.97
74160,16,32768,2995.97
74176,16,32768,2995.97
74192,16,32768,2995.97
74208,16,32768,2995.46
74224,16,32768,2995.97
74240,16,32768,2995.97
74256,16,32768,2995.97
74272,16,32768,2995.97
74288,16,32768,2995.97
74304,16,32768,2996.1
74320,16,32768,2995.97
74336,16,32768,2995.97
74352,16,32768,2995.97
74368,16,32768,2995.97
74384,16,32768,2996.1
74400,16,32768,2995.97
74416,16,32768,2995.97
74432,16,32768,2995.97
74448,16,32768,2996.1
74464,16,32768,2995.97
74480,16,32768,2995.97
74496,16,32768,2995.97
74512,16,32768,2995.97
74528,16,32768,2995.97
74544,16,32768,2995.97
74560,16,32768,2995.97
74576,16,32768,2996.1
74592,16,32768,2995.97
74608,16,32768,2995.97
74624,16,32768,2996.1
74640,16,32768,2995.97
74656,16,32768,2995.97
74672,16,32768,2995.97
74688,16,32768,2995.97
74704,16,32768,2995.97
74720,16,32768,2995.97
74736,16,32768,2995.97
74752,16,32768,2995.97
74768,16,32768,2995.97
74784,16,32768,2996.1
74800,16,32768,2995.97
74816,16,32768,2996.1
74832,16,32768,2995.97
74848,16,32768,2995.97
74864,16,32768,2995.97
74880,16,32768,2996.1
74896,16,32768,2995.97
74912,16,32768,2995.97
74928,16,32768,2995.97
74944,16,32768,2995.97
74960,16,32768,2996.1
74976,16,32768,2996.1
74992,16,32768,2995.97
75008,16,32768,2995.97
75024,16,32768,2995.97
75040,16,32768,2996.1
75056,16,32768,2995.97
75072,16,32768,2995.97
75088,16,32768,2995.97
75104,16,32768,2995.97
75120,16,32768,2996.22
75136,16,32768,2996.22
75152,16,32768,2995.97
75168,16,32768,2995.97
75184,16,32768,2995.97
75200,16,32768,2995.97
75216,16,32768,2996.1
75232,16,32768,2995.97
75248,16,32768,2995.97
75264,16,32768,2995.97
75280,16,32768,2995.97
75296,16,32768,2995.97
75312,16,32768,2995.97
75328,16,32768,2995.97
75344,16,32768,2995.97
75360,16,32768,2995.97
75376,16,32768,2995.97
75392,16,32768,2995.97
75408,16,32768,2995.97
75424,16,32768,2995.97
75440,16,32768,2996.22
75456,16,32768,2995.97
75472,16,32768,2996.1
75488,16,32768,2995.97
75504,16,32768,2995.97
75520,16,32768,2996.1
75536,16,32768,2996.48
75552,16,32768,2995.97
75568,16,32768,2996.1
75584,16,32768,2995.97
75600,16,32768,2996.99
75616,16,32768,2995.97
75632,16,32768,2996.99
75648,16,32768,2995.97
75664,16,32768,2996.99
75680,16,32768,2996.48
75696,16,32768,2996.99
75712,16,32768,2996.48
75728,16,32768,2996.99
75744,16,32768,2995.97
75760,16,32768,2996.99
75776,16,32768,2995.97
75792,16,32768,2996.99
75808,16,32768,2996.99
75824,16,32768,2996.61
75840,16,32768,2996.99
75856,16,32768,2996.99
75872,16,32768,2996.99
75888,16,32768,2996.99
75904,16,32768,2996.99
75920,16,32768,2996.99
75936,16,32768,2996.99
75952,16,32768,2996.99
75968,16,32768,2996.99
75984,16,32768,2996.99
76000,16,32768,2996.99
76016,16,32768,2996.99
76032,16,32768,2996.99
76048,16,32768,2996.99
76064,16,32768,2996.99
76080,16,32768,2996.99
76096,16,32768,2996.99
76112,16,32768,2996.99
76128,16,32768,2996.99
76144,16,32768,2996.99
76160,16,32768,2996.99
76176,16,32768,2996.99
76192,16,32768,2996.99
76208,16,32768,2996.99
76224,16,32768,2996.99
76240,16,32768,2996.99
76256,16,32768,2996.99
76272,16,32768,2996.48
76288,16,32768,2996.99
76304,16,32768,2996.99
76320,16,32768,2996.99
76336,16,32768,2996.99
76352,16,32768,2996.99
76368,16,32768,2996.99
76384,16,32768,2996.99
76400,16,32768,2996.99
76416,16,32768,2996.99
76432,16,32768,2996.99
76448,16,32768,2996.99
76464,16,32768,2996.99
76480,16,32768,2996.99
76496,16,32768,2996.99
76512,16,32768,2996.99
76528,16,32768,2996.99
76544,16,32768,2996.99
76560,16,32768,2996.99
76576,16,32768,2996.99
76592,16,32768,2996.99
76608,16,32768,2996.99
76624,16,32768,2996.99
76640,16,32768,2996.99
76656,16,32768,2996.99
76672,16,32768,2996.99
76688,16,32768,2996.99
76704,16,32768,2996.99
76720,16,32768,2996.99
76736,16,32768,2996.99
76752,16,32768,2996.99
76768,16,32768,2996.99
76784,16,32768,2996.99
76800,16,32768,2996.99
76816,16,32768,2996.99
76832,16,32768,2996.99
76848,16,32768,2996.99
76864,16,32768,2996.99
76880,16,32768,2996.99
76896,16,32768,2996.99
76912,16,32768,2996.99
76928,16,32768,2996.99
76944,16,32768,2996.99
76960,16,32768,2996.99
76976,16,32768,2996.99
76992,16,32768,2996.99
77008,16,32768,2996.99
77024,16,32768,2996.99
77040,16,32768,2996.99
77056,16,32768,2996.99
77072,16,32768,2996.99
77088,16,32768,2996.99
77104,16,32768,2996.99
77120,16,32768,2996.99
77136,16,32768,2996.99
77152,16,32768,2996.99
77168,16,32768,2996.99
77184,16,32768,2996.99
77200,16,32768,2996.99
77216,16,32768,2996.99
77232,16,32768,2996.99
77248,16,32768,2996.99
77264,16,32768,2996.99
77280,16,32768,2996.99
77296,16,32768,2996.99
77312,16,32768,2996.99
77328,16,32768,2996.99
77344,16,32768,2996.99
77360,16,32768,2996.99
77376,16,32768,2996.99
77392,16,32768,2996.99
77408,16,32768,2996.99
77424,16,32768,2996.99
77440,16,32768,2996.99
77456,16,32768,2996.99
77472,16,32768,2996.99
77488,16,32768,2996.99
77504,16,32768,2996.99
77520,16,32768,2996.99
77536,16,32768,2996.99
77552,16,32768,2997.38
77568,16,32768,2996.99
77584,16,32768,2996.99
77600,16,32768,2996.99
77616,16,32768,2996.99
77632,16,32768,2996.99
77648,16,32768,2997.5
77664,16,32768,2996.99
77680,16,32768,2997.5
77696,16,32768,2996.99
77712,16,32768,2998.02
77728,16,32768,2997.12
77744,16,32768,2997.5
77760,16,32768,2996.99
77776,16,32768,2998.02
77792,16,32768,2996.99
77808,16,32768,2998.02
77824,16,32768,2996.99
77840,16,32768,2998.02
77856,16,32768,2998.02
77872,16,32768,2998.02
77888,16,32768,2998.02
77904,16,32768,2998.02
77920,16,32768,2998.02
77936,16,32768,2998.02
77952,16,32768,2998.02
77968,16,32768,2998.02
77984,16,32768,2998.02
78000,16,32768,2998.02
78016,16,32768,2997.89
78032,16,32768,2998.02
78048,16,32768,2998.02
78064,16,32768,2998.02
78080,16,32768,2998.02
78096,16,32768,2998.02
78112,16,32768,2998.02
78128,16,32768,2998.02
78144,16,32768,2998.02
78160,16,32768,2998.02
78176,16,32768,2998.02
78192,16,32768,2998.02
78208,16,32768,2998.02
78224,16,32768,2998.02
78240,16,32768,2998.02
78256,16,32768,2998.02
78272,16,32768,2998.02
78288,16,32768,2998.02
78304,16,32768,2998.02
78320,16,32768,2998.02
78336,16,32768,2998.02
78352,16,32768,2998.02
78368,16,32768,2998.02
78384,16,32768,2998.02
78400,16,32768,2998.02
78416,16,32768,2998.02
78432,16,32768,2998.02
78448,16,32768,2998.02
78464,16,32768,2998.02
78480,16,32768,2998.02
78496,16,32768,2998.02
78512,16,32768,2998.02
78528,16,32768,2998.02
78544,16,32768,2998.02
78560,16,32768,2998.02
78576,16,32768,2998.02
78592,16,32768,2998.02
78608,16,32768,2998.02
78624,16,32768,2998.02
78640,16,32768,2998.02
78656,16,32768,2998.02
78672,16,32768,2998.02
78688,16,32768,2998.02
78704,16,32768,2998.02
78720,16,32768,2998.02
78736,16,32768,2998.02
78752,16,32768,2998.02
78768,16,32768,2998.02
78784,16,32768,2998.02
78800,16,32768,2998.02
78816,16,32768,2998.02
78832,16,32768,2998.02
78848,16,32768,2998.02
78864,16,32768,2998.02
78880,16,32768,2998.02
78896,16,32768,2998.02
78912,16,32768,2998.02
78928,16,32768,2998.02
78944,16,32768,2998.02
78960,16,32768,2998.02
78976,16,32768,2998.02
78992,16,32768,2998.02
79008,16,32768,2998.02
79024,16,32768,2998.02
79040,16,32768,2998.02
79056,16,32768,2998.02
79072,16,32768,2998.02
79088,16,32768,2998.02
79104,16,32768,2998.02
79120,16,32768,2998.02
79136,16,32768,2998.02
79152,16,32768,2998.02
79168,16,32768,2998.02
79184,16,32768,2998.02
79200,16,32768,2998.02
79216,16,32768,2998.02
79232,16,32768,2998.02
79248,16,32768,2998.02
79264,16,32768,2998.02
79280,16,32768,2998.02
79296,16,32768,2998.02
79312,16,32768,2998.02
79328,16,32768,2998.02
79344,16,32768,2998.02
79360,16,32768,2998.02
79376,16,32768,2998.02
79392,16,32768,2998.02
79408,16,32768,2998.02
79424,16,32768,2998.02
79440,16,32768,2998.02
79456,16,32768,2998.02
79472,16,32768,2998.02
79488,16,32768,2998.02
79504,16,32768,2998.02
79520,16,32768,2998.02
79536,16,32768,2998.02
79552,16,32768,2998.02
79568,16,32768,2998.02
79584,16,32768,2998.02
79600,16,32768,2998.02
79616,16,32768,2998.02
79632,16,32768,2998.02
79648,16,32768,2998.02
79664,16,32768,2998.53
79680,16,32768,2998.02
79696,16,32768,2999.04
79712,16,32768,2998.02
79728,16,32768,2999.04
79744,16,32768,2998.02
79760,16,32768,2999.04
79776,16,32768,2998.02
79792,16,32768,2999.04
79808,16,32768,2998.02
79824,16,32768,2999.04
79840,16,32768,2998.53
79856,16,32768,2999.04
79872,16,32768,2998.53
79888,16,32768,2998.53
79904,16,32768,2998.53
79920,16,32768,2999.04
79936,16,32768,2999.04
79952,16,32768,2999.04
79968,16,32768,2998.91
79984,16,32768,2999.04
80000,16,32768,2999.04
80016,16,32768,2998.91
80032,16,32768,2999.04
80048,16,32768,2998.91
80064,16,32768,2998.91
80080,16,32768,2999.04
80096,16,32768,2998.4
80112,16,32768,2999.04
80128,16,32768,2998.78
80144,16,32768,2999.04
80160,16,32768,2999.04
80176,16,32768,2999.04
80192,16,32768,2999.04
80208,16,32768,2999.04
80224,16,32768,2999.04
80240,16,32768,2998.78
80256,16,32768,2999.04
80272,16,32768,2999.04
80288,16,32768,2999.04
80304,16,32768,2999.04
80320,16,32768,2999.04
80336,16,32768,2999.04
80352,16,32768,2999.04
80368,16,32768,2999.04
80384,16,32768,2999.04
80400,16,32768,2999.04
80416,16,32768,2999.04
80432,16,32768,2998.78
80448,16,32768,2999.04
80464,16,32768,2999.04
80480,16,32768,2999.04
80496,16,32768,2999.04
80512,16,32768,2999.04
80528,16,32768,2999.04
80544,16,32768,2999.04
80560,16,32768,2999.04
80576,16,32768,2999.04
80592,16,32768,2999.04
80608,16,32768,2999.04
80624,16,32768,2999.04
80640,16,32768,2999.04
80656,16,32768,2999.04
80672,16,32768,2999.04
80688,16,32768,2999.04
80704,16,32768,2999.04
80720,16,32768,2999.04
80736,16,32768,2999.04
80752,16,32768,2999.04
80768,16,32768,2999.04
80784,16,32768,2999.04
80800,16,32768,2999.04
80816,16,32768,2998.78
80832,16,32768,2999.04
80848,16,32768,2998.91
80864,16,32768,2999.04
80880,16,32768,2999.04
80896,16,32768,2999.04
80912,16,32768,2999.04
80928,16,32768,2998.91
80944,16,32768,2999.04
80960,16,32768,2999.04
80976,16,32768,2999.04
80992,16,32768,2998.78
81008,16,32768,2999.04
81024,16,32768,2999.04
81040,16,32768,2999.04
81056,16,32768,2999.04
81072,16,32768,2999.04
81088,16,32768,2999.04
81104,16,32768,2999.04
81120,16,32768,2999.04
81136,16,32768,2999.04
81152,16,32768,2999.04
81168,16,32768,2999.04
81184,16,32768,2999.04
81200,16,32768,2999.04
81216,16,32768,2999.04
81232,16,32768,2999.04
81248,16,32768,2998.91
81264,16,32768,2999.04
81280,16,32768,2999.04
81296,16,32768,2999.04
81312,16,32768,2999.04
81328,16,32768,2999.04
81344,16,32768,2999.04
81360,16,32768,2999.04
81376,16,32768,2999.04
81392,16,32768,2999.04
81408,16,32768,2999.04
81424,16,32768,2999.04
81440,16,32768,2999.04
81456,16,32768,2999.04
81472,16,32768,2999.04
81488,16,32768,2999.04
81504,16,32768,2999.04
81520,16,32768,2999.04
81536,16,32768,2999.04
81552,16,32768,2999.04
81568,16,32768,2999.04
81584,16,32768,2999.04
81600,16,32768,2999.04
81616,16,32768,2999.04
81632,16,32768,2999.04
81648,16,32768,2999.81
81664,16,32768,2999.04
81680,16,32768,2999.04
81696,16,32768,2998.91
81712,16,32768,2999.04
81728,16,32768,2999.04
81744,16,32768,3000.06
81760,16,32768,2999.04
81776,16,32768,2999.94
81792,16,32768,2999.04
81808,16,32768,3000.06
81824,16,32768,2999.04
81840,16,32768,3000.06
81856,16,32768,2999.04
81872,16,32768,3000.06
81888,16,32768,2999.55
81904,16,32768,3000.06
81920,16,32768,2999.04
81936,16,32768,3000.06
81952,16,32768,2999.42
81968,16,32768,2999.94
81984,16,32768,2999.42
82000,16,32768,3000.06
82016,16,32768,3000.06
82032,16,32768,3000.06
82048,16,32768,3000.06
82064,16,32768,3000.06
82080,16,32768,3000.06
82096,16,32768,3000.06
82112,16,32768,2999.94
82128,16,32768,3000.06
82144,16,32768,3000.06
82160,16,32768,3000.06
82176,16,32768,3000.06
82192,16,32768,3000.06
82208,16,32768,3000.06
82224,16,32768,3000.06
82240,16,32768,3000.06
82256,16,32768,3000.06
82272,16,32768,3000.06
82288,16,32768,2999.94
82304,16,32768,3000.06
82320,16,32768,3000.06
82336,16,32768,3000.06
82352,16,32768,3000.06
82368,16,32768,3000.06
82384,16,32768,3000.06
82400,16,32768,3000.06
82416,16,32768,3000.06
82432,16,32768,3000.06
82448,16,32768,3000.06
82464,16,32768,2999.94
82480,16,32768,3000.06
82496,16,32768,3000.06
82512,16,32768,3000.06
82528,16,32768,3000.06
82544,16,32768,2999.94
82560,16,32768,3000.06
82576,16,32768,3000.06
82592,16,32768,3000.06
82608,16,32768,3000.06
82624,16,32768,3000.06
82640,16,32768,3000.06
82656,16,32768,3000.06
82672,16,32768,3000.06
82688,16,32768,3000.06
82704,16,32768,3000.06
82720,16,32768,3000.06
82736,16,32768,3000.06
82752,16,32768,2999.94
82768,16,32768,3000.06
82784,16,32768,3000.06
82800,16,32768,3000.06
82816,16,32768,3000.06
82832,16,32768,3000.06
82848,16,32768,3000.06
82864,16,32768,3000.06
82880,16,32768,3000.06
82896,16,32768,3000.06
82912,16,32768,3000.06
82928,16,32768,2999.94
82944,16,32768,3000.06
82960,16,32768,3000.06
82976,16,32768,3000.06
82992,16,32768,3000.06
83008,16,32768,3000.06
83024,16,32768,3000.06
83040,16,32768,3000.06
83056,16,32768,3000.06
83072,16,32768,2999.94
83088,16,32768,3000.06
83104,16,32768,3000.06
83120,16,32768,3000.06
83136,16,32768,3000.06
83152,16,32768,3000.06
83168,16,32768,3000.06
83184,16,32768,3000.06
83200,16,32768,3000.06
83216,16,32768,3000.06
83232,16,32768,3000.06
83248,16,32768,3000.06
83264,16,32768,3000.06
83280,16,32768,3000.06
83296,16,32768,3000.06
83312,16,32768,3000.06
83328,16,32768,3000.06
83344,16,32768,3000.06
83360,16,32768,3000.06
83376,16,32768,3000.06
83392,16,32768,3000.06
83408,16,32768,3000.06
83424,16,32768,3000.06
83440,16,32768,3000.06
83456,16,32768,3000.06
83472,16,32768,3000.06
83488,16,32768,3000.06
83504,16,32768,3000.06
83520,16,32768,2999.94
83536,16,32768,2999.94
83552,16,32768,3000.06
83568,16,32768,3000.06
83584,16,32768,3000.06
83600,16,32768,3000.06
83616,16,32768,3000.06
83632,16,32768,3000.06
83648,16,32768,3000.06
83664,16,32768,3000.06
83680,16,32768,3000.06
83696,16,32768,3000.06
83712,16,32768,3000.06
83728,16,32768,3000.06
83744,16,32768,3000.06
83760,16,32768,3000.06
83776,16,32768,3000.06
83792,16,32768,3000.58
83808,16,32768,3000.06
83824,16,32768,3000.06
83840,16,32768,3000.06
83856,16,32768,3000.06
83872,16,32768,3000.06
83888,16,32768,3001.09
83904,16,32768,3000.06
83920,16,32768,3000.96
83936,16,32768,3000.06
83952,16,32768,3001.09
83968,16,32768,3000.06
83984,16,32768,3001.09
84000,16,32768,3000.06
84016,16,32768,3000.58
84032,16,32768,3000.06
84048,16,32768,3001.09
84064,16,32768,3000.06
84080,16,32768,3000.96
84096,16,32768,3000.06
84112,16,32768,3001.09
84128,16,32768,3000.96
84144,16,32768,3001.09
84160,16,32768,3000.45
84176,16,32768,3000.96
84192,16,32768,3001.09
84208,16,32768,3001.09
84224,16,32768,3001.09
84240,16,32768,3000.96
84256,16,32768,3001.09
84272,16,32768,3001.09
84288,16,32768,3001.09
84304,16,32768,3000.83
84320,16,32768,3001.09
84336,16,32768,3000.96
84352,16,32768,3001.09
84368,16,32768,3000.83
84384,16,32768,3000.96
84400,16,32768,3001.09
84416,16,32768,3001.09
84432,16,32768,3001.09
84448,16,32768,3001.09
84464,16,32768,3000.96
84480,16,32768,3001.09
84496,16,32768,3000.96
84512,16,32768,3000.83
84528,16,32768,3001.09
84544,16,32768,3001.09
84560,16,32768,3001.09
84576,16,32768,3000.96
84592,16,32768,3001.09
84608,16,32768,3000.96
84624,16,32768,3001.09
84640,16,32768,3001.09
84656,16,32768,3001.09
84672,16,32768,3000.96
84688,16,32768,3001.09
84704,16,32768,3001.09
84720,16,32768,3000.96
84736,16,32768,3000.96
84752,16,32768,3000.96
84768,16,32768,3001.09
84784,16,32768,3001.09
84800,16,32768,3000.06
84816,16,32768,3000.96
84832,16,32768,3001.09
84848,16,32768,3001.09
84864,16,32768,3000.96
84880,16,32768,3001.09
84896,16,32768,3000.96
84912,16,32768,3001.09
84928,16,32768,3001.09
84944,16,32768,3001.09
84960,16,32768,3001.09
84976,16,32768,3000.96
84992,16,32768,3001.09
85008,16,32768,3001.09
85024,16,32768,3001.09
85040,16,32768,3001.09
85056,16,32768,3000.96
85072,16,32768,3001.09
85088,16,32768,3001.09
85104,16,32768,3000.96
85120,16,32768,3001.09
85136,16,32768,3000.96
85152,16,32768,3001.09
85168,16,32768,3001.09
85184,16,32768,3000.96
85200,16,32768,3001.09
85216,16,32768,3000.96
85232,16,32768,3001.09
85248,16,32768,3000.96
85264,16,32768,3001.09
85280,16,32768,3001.09
85296,16,32768,3001.09
85312,16,32768,3001.09
85328,16,32768,3000.96
85344,16,32768,3001.09
85360,16,32768,3001.09
85376,16,32768,3001.09
85392,16,32768,3001.09
85408,16,32768,3001.09
85424,16,32768,3001.09
85440,16,32768,3001.09
85456,16,32768,3001.09
85472,16,32768,3001.09
85488,16,32768,3001.09
85504,16,32768,3001.09
85520,16,32768,3001.09
85536,16,32768,3001.09
85552,16,32768,3001.09
85568,16,32768,3001.09
85584,16,32768,3001.09
85600,16,32768,3001.09
85616,16,32768,3001.09
85632,16,32768,3001.09
85648,16,32768,3001.09
85664,16,32768,3001.09
85680,16,32768,3001.09
85696,16,32768,3001.09
85712,16,32768,3000.96
85728,16,32768,3000.96
85744,16,32768,3000.96
85760,16,32768,3001.09
85776,16,32768,3001.09
85792,16,32768,3001.09
85808,16,32768,3001.6
85824,16,32768,3001.09
85840,16,32768,3001.6
85856,16,32768,3000.96
85872,16,32768,3001.09
85888,16,32768,3001.09
85904,16,32768,3001.47
85920,16,32768,3001.09
85936,16,32768,3001.09
85952,16,32768,3001.09
85968,16,32768,3001.98
85984,16,32768,3001.09
86000,16,32768,3002.11
86016,16,32768,3000.96
86032,16,32768,3001.98
86048,16,32768,3001.09
86064,16,32768,3002.11
86080,16,32768,3001.09
86096,16,32768,3001.98
86112,16,32768,3001.47
86128,16,32768,3001.98
86144,16,32768,3001.47
86160,16,32768,3002.11
86176,16,32768,3002.11
86192,16,32768,3002.11
86208,16,32768,3002.11
86224,16,32768,3002.11
86240,16,32768,3001.86
86256,16,32768,3001.98
86272,16,32768,3001.98
86288,16,32768,3001.98
86304,16,32768,3001.98
86320,16,32768,3001.98
86336,16,32768,3001.98
86352,16,32768,3001.98
86368,16,32768,3001.98
86384,16,32768,3001.86
86400,16,32768,3001.86
86416,16,32768,3002.11
86432,16,32768,3001.98
86448,16,32768,3002.11
86464,16,32768,3002.11
86480,16,32768,3001.98
86496,16,32768,3001.98
86512,16,32768,3002.11
86528,16,32768,3002.11
86544,16,32768,3001.98
86560,16,32768,3001.98
86576,16,32768,3002.11
86592,16,32768,3001.98
86608,16,32768,3001.98
86624,16,32768,3001.98
86640,16,32768,3001.98
86656,16,32768,3001.98
86672,16,32768,3001.86
86688,16,32768,3001.98
86704,16,32768,3001.98
86720,16,32768,3002.11
86736,16,32768,3002.11
86752,16,32768,3002.11
86768,16,32768,3002.11
86784,16,32768,3002.11
86800,16,32768,3001.86
86816,16,32768,3002.11
86832,16,32768,3002.11
86848,16,32768,3001.98
86864,16,32768,3002.11
86880,16,32768,3001.98
86896,16,32768,3002.11
86912,16,32768,3002.11
86928,16,32768,3002.11
86944,16,32768,3002.11
86960,16,32768,3002.11
86976,16,32768,3002.11
86992,16,32768,3002.11
87008,16,32768,3001.98
87024,16,32768,3002.11
87040,16,32768,3002.11
87056,16,32768,3001.98
87072,16,32768,3001.98
87088,16,32768,3002.11
87104,16,32768,3002.11
87120,16,32768,3002.11
87136,16,32768,3002.11
87152,16,32768,3002.11
87168,16,32768,3001.98
87184,16,32768,3002.11
87200,16,32768,3001.98
87216,16,32768,3002.11
87232,16,32768,3001.98
87248,16,32768,3001.98
87264,16,32768,3001.98
87280,16,32768,3002.11
87296,16,32768,3002.11
87312,16,32768,3002.11
87328,16,32768,3002.11
87344,16,32768,3002.11
87360,16,32768,3001.98
87376,16,32768,3001.98
87392,16,32768,3002.11
87408,16,32768,3002.11
87424,16,32768,3001.98
87440,16,32768,3002.11
87456,16,32768,3002.11
87472,16,32768,3001.98
87488,16,32768,3002.11
87504,16,32768,3002.11
87520,16,32768,3002.11
87536,16,32768,3001.98
87552,16,32768,3002.11
87568,16,32768,3002.11
87584,16,32768,3002.11
87600,16,32768,3002.11
87616,16,32768,3002.11
87632,16,32768,3002.11
87648,16,32768,3002.11
87664,16,32768,3001.98
87680,16,32768,3002.11
87696,16,32768,3002.11
87712,16,32768,3002.11
87728,16,32768,3001.86
87744,16,32768,3001.98
87760,16,32768,3002.11
87776,16,32768,3002.11
87792,16,32768,3002.11
87808,16,32768,3002.11
87824,16,32768,3002.11
87840,16,32768,3002.11
87856,16,32768,3002.11
87872,16,32768,3002.11
87888,16,32768,3002.11
87904,16,32768,3002.11
87920,16,32768,3002.11
87936,16,32768,3002.11
87952,16,32768,3002.5
87968,16,32768,3002.11
87984,16,32768,3002.5
88000,16,32768,3002.11
88016,16,32768,3002.88
88032,16,32768,3002.11
88048,16,32768,3003.01
88064,16,32768,3001.98
88080,16,32768,3003.01
88096,16,32768,3002.11
88112,16,32768,3002.88
88128,16,32768,3002.5
88144,16,32768,3002.5
88160,16,32768,3002.11
88176,16,32768,3003.01
88192,16,32768,3002.88
88208,16,32768,3003.01
88224,16,32768,3003.01
88240,16,32768,3002.88
88256,16,32768,3002.62
88272,16,32768,3003.14
88288,16,32768,3002.88
88304,16,32768,3002.88
88320,16,32768,3003.01
88336,16,32768,3002.88
88352,16,32768,3002.88
88368,16,32768,3003.01
88384,16,32768,3003.14
88400,16,32768,3003.14
88416,16,32768,3002.88
88432,16,32768,3002.88
88448,16,32768,3002.88
88464,16,32768,3003.01
88480,16,32768,3003.14
88496,16,32768,3003.01
88512,16,32768,3003.14
88528,16,32768,3003.14
88544,16,32768,3003.01
88560,16,32768,3002.88
88576,16,32768,3002.88
88592,16,32768,3003.01
88608,16,32768,3003.01
88624,16,32768,3003.01
88640,16,32768,3003.01
88656,16,32768,3002.11
88672,16,32768,3003.01
88688,16,32768,3003.01
88704,16,32768,3002.88
88720,16,32768,3003.01
88736,16,32768,3003.14
88752,16,32768,3003.01
88768,16,32768,3003.01
88784,16,32768,3003.14
88800,16,32768,3003.01
88816,16,32768,3002.88
88832,16,32768,3002.88
88848,16,32768,3003.01
88864,16,32768,3003.01
88880,16,32768,3003.14
88896,16,32768,3003.01
88912,16,32768,3003.01
88928,16,32768,3003.01
88944,16,32768,3003.14
88960,16,32768,3003.14
88976,16,32768,3003.14
88992,16,32768,3003.14
89008,16,32768,3003.14
89024,16,32768,3002.88
89040,16,32768,3003.14
89056,16,32768,3003.14
89072,16,32768,3003.14
89088,16,32768,3003.14
89104,16,32768,3003.14
89120,16,32768,3002.88
89136,16,32768,3003.14
89152,16,32768,3003.14
89168,16,32768,3003.01
89184,16,32768,3003.01
89200,16,32768,3003.14
89216,16,32768,3002.5
89232,16,32768,3002.88
89248,16,32768,3002.88
89264,16,32768,3003.01
89280,16,32768,3003.01
89296,16,32768,3003.14
89312,16,32768,3003.01
89328,16,32768,3003.01
89344,16,32768,3003.14
89360,16,32768,3002.88
89376,16,32768,3003.14
89392,16,32768,3003.14
89408,16,32768,3003.14
89424,16,32768,3003.01
89440,16,32768,3003.14
89456,16,32768,3003.14
89472,16,32768,3003.01
89488,16,32768,3003.14
89504,16,32768,3003.01
89520,16,32768,3003.14
89536,16,32768,3003.01
89552,16,32768,3003.14
89568,16,32768,3002.88
89584,16,32768,3003.14
89600,16,32768,3003.01
89616,16,32768,3003.01
89632,16,32768,3003.01
89648,16,32768,3003.14
89664,16,32768,3002.88
89680,16,32768,3003.14
89696,16,32768,3003.14
89712,16,32768,3003.14
89728,16,32768,3003.01
89744,16,32768,3003.14
89760,16,32768,3003.14
89776,16,32768,3002.88
89792,16,32768,3003.14
89808,16,32768,3003.01
89824,16,32768,3002.88
89840,16,32768,3003.01
89856,16,32768,3003.01
89872,16,32768,3003.14
89888,16,32768,3002.88
89904,16,32768,3002.88
89920,16,32768,3002.88
89936,16,32768,3003.14
89952,16,32768,3003.14
89968,16,32768,3004.03
89984,16,32768,3003.01
90000,16,32768,3003.52
90016,16,32768,3002.88
90032,16,32768,3003.14
90048,16,32768,3003.14
90064,16,32768,3003.14
90080,16,32768,3003.14
90096,16,32768,3004.03
90112,16,32768,3002.88
90128,16,32768,3004.03
90144,16,32768,3002.88
90160,16,32768,3004.03
90176,16,32768,3003.65
90192,16,32768,3003.9
90208,16,32768,3003.01
90224,16,32768,3003.9
90240,16,32768,3004.03
90256,16,32768,3003.9
90272,16,32768,3003.9
90288,16,32768,3004.03
90304,16,32768,3004.03
90320,16,32768,3003.9
90336,16,32768,3004.16
90352,16,32768,3003.9
90368,16,32768,3003.9
90384,16,32768,3003.9
90400,16,32768,3003.01
90416,16,32768,3003.9
90432,16,32768,3003.9
90448,16,32768,3003.9
90464,16,32768,3003.9
90480,16,32768,3004.03
90496,16,32768,3004.03
90512,16,32768,3004.03
90528,16,32768,3003.9
90544,16,32768,3003.9
90560,16,32768,3004.03
90576,16,32768,3003.9
90592,16,32768,3004.16
90608,16,32768,3004.16
90624,16,32768,3003.9
90640,16,32768,3003.9
90656,16,32768,3004.16
90672,16,32768,3004.03
90688,16,32768,3004.16
90704,16,32768,3004.16
90720,16,32768,3003.9
90736,16,32768,3004.03
90752,16,32768,3003.9
90768,16,32768,3003.9
90784,16,32768,3003.9
90800,16,32768,3004.16
90816,16,32768,3004.16
90832,16,32768,3004.16
90848,16,32768,3003.9
90864,16,32768,3003.9
90880,16,32768,3003.9
90896,16,32768,3004.16
90912,16,32768,3003.9
90928,16,32768,3003.9
90944,16,32768,3003.9
90960,16,32768,3003.9
90976,16,32768,3003.9
90992,16,32768,3004.03
91008,16,32768,3003.9
91024,16,32768,3004.03
91040,16,32768,3003.9
91056,16,32768,3003.9
91072,16,32768,3003.9
91088,16,32768,3004.16
91104,16,32768,3003.65
91120,16,32768,3003.9
91136,16,32768,3004.03
91152,16,32768,3004.16
91168,16,32768,3003.9
91184,16,32768,3003.9
91200,16,32768,3004.16
91216,16,32768,3004.16
91232,16,32768,3004.16
91248,16,32768,3003.9
91264,16,32768,3004.16
91280,16,32768,3003.9
91296,16,32768,3003.9
91312,16,32768,3004.16
91328,16,32768,3003.9
91344,16,32768,3003.9
91360,16,32768,3003.9
91376,16,32768,3004.16
91392,16,32768,3004.16
91408,16,32768,3003.9
91424,16,32768,3003.9
91440,16,32768,3004.16
91456,16,32768,3004.03
91472,16,32768,3004.16
91488,16,32768,3004.16
91504,16,32768,3003.9
91520,16,32768,3004.16
91536,16,32768,3003.9
91552,16,32768,3003.9
91568,16,32768,3003.9
91584,16,32768,3003.9
91600,16,32768,3003.9
91616,16,32768,3003.9
91632,16,32768,3004.16
91648,16,32768,3004.16
91664,16,32768,3003.9
91680,16,32768,3003.9
91696,16,32768,3004.16
91712,16,32768,3003.9
91728,16,32768,3004.16
91744,16,32768,3003.9
91760,16,32768,3004.16
91776,16,32768,3003.9
91792,16,32768,3003.9
91808,16,32768,3003.9
91824,16,32768,3003.9
91840,16,32768,3003.9
91856,16,32768,3003.9
91872,16,32768,3003.9
91888,16,32768,3003.9
91904,16,32768,3003.9
91920,16,32768,3003.9
91936,16,32768,3003.9
91952,16,32768,3003.9
91968,16,32768,3004.16
91984,16,32768,3004.03
92000,16,32768,3003.9
92016,16,32768,3004.54
92032,16,32768,3003.9
92048,16,32768,3004.93
92064,16,32768,3004.16
92080,16,32768,3005.18
92096,16,32768,3003.9
92112,16,32768,3004.93
92128,16,32768,3004.03
92144,16,32768,3004.93
92160,16,32768,3004.16
92176,16,32768,3004.93
92192,16,32768,3003.9
92208,16,32768,3004.93
92224,16,32768,3005.06
92240,16,32768,3004.93
92256,16,32768,3004.42
92272,16,32768,3004.93
92288,16,32768,3004.54
92304,16,32768,3005.18
92320,16,32768,3003.9
92336,16,32768,3005.06
92352,16,32768,3004.93
92368,16,32768,3004.93
92384,16,32768,3005.06
92400,16,32768,3004.93
92416,16,32768,3004.93
92432,16,32768,3004.93
92448,16,32768,3005.06
92464,16,32768,3004.93
92480,16,32768,3005.18
92496,16,32768,3004.93
92512,16,32768,3005.18
92528,16,32768,3005.06
92544,16,32768,3005.18
92560,16,32768,3005.06
92576,16,32768,3004.93
92592,16,32768,3004.93
92608,16,32768,3005.06
92624,16,32768,3004.93
92640,16,32768,3004.93
92656,16,32768,3004.93
92672,16,32768,3005.06
92688,16,32768,3004.93
92704,16,32768,3004.93
92720,16,32768,3004.93
92736,16,32768,3004.93
92752,16,32768,3005.06
92768,16,32768,3005.06
92784,16,32768,3004.54
92800,16,32768,3005.06
92816,16,32768,3005.06
92832,16,32768,3005.18
92848,16,32768,3004.93
92864,16,32768,3004.93
92880,16,32768,3005.18
92896,16,32768,3004.93
92912,16,32768,3005.06
92928,16,32768,3005.06
92944,16,32768,3004.93
92960,16,32768,3004.93
92976,16,32768,3005.06
92992,16,32768,3004.93
93008,16,32768,3005.18
93024,16,32768,3004.93
93040,16,32768,3005.06
93056,16,32768,3004.93
93072,16,32768,3005.06
93088,16,32768,3004.93
93104,16,32768,3004.93
93120,16,32768,3004.93
93136,16,32768,3005.06
93152,16,32768,3004.93
93168,16,32768,3005.06
93184,16,32768,3004.93
93200,16,32768,3004.93
93216,16,32768,3004.93
93232,16,32768,3004.93
93248,16,32768,3005.06
93264,16,32768,3005.06
93280,16,32768,3005.06
93296,16,32768,3004.93
93312,16,32768,3005.18
93328,16,32768,3004.93
93344,16,32768,3005.18
93360,16,32768,3005.18
93376,16,32768,3004.93
93392,16,32768,3005.06
93408,16,32768,3005.06
93424,16,32768,3005.18
93440,16,32768,3005.06
93456,16,32768,3004.93
93472,16,32768,3005.06
93488,16,32768,3004.93
93504,16,32768,3005.06
93520,16,32768,3004.93
93536,16,32768,3004.93
93552,16,32768,3004.93
93568,16,32768,3004.93
93584,16,32768,3005.06
93600,16,32768,3004.93
93616,16,32768,3005.18
93632,16,32768,3005.18
93648,16,32768,3005.06
93664,16,32768,3004.93
93680,16,32768,3005.06
93696,16,32768,3005.06
93712,16,32768,3004.93
93728,16,32768,3004.93
93744,16,32768,3005.06
93760,16,32768,3005.06
93776,16,32768,3004.93
93792,16,32768,3004.93
93808,16,32768,3005.18
93824,16,32768,3004.93
93840,16,32768,3005.06
93856,16,32768,3004.93
93872,16,32768,3004.93
93888,16,32768,3005.06
93904,16,32768,3005.06
93920,16,32768,3004.93
93936,16,32768,3004.93
93952,16,32768,3004.93
93968,16,32768,3004.93
93984,16,32768,3004.93
94000,16,32768,3004.93
94016,16,32768,3004.93
94032,16,32768,3004.93
94048,16,32768,3004.93
94064,16,32768,3004.93
94080,16,32768,3004.93
94096,16,32768,3005.44
94112,16,32768,3004.93
94128,16,32768,3005.06
94144,16,32768,3004.93
94160,16,32768,3005.57
94176,16,32768,3004.93
94192,16,32768,3005.18
94208,16,32768,3005.06
94224,16,32768,3005.95
94240,16,32768,3005.06
94256,16,32768,3005.44
94272,16,32768,3005.06
94288,16,32768,3006.08
94304,16,32768,3004.93
94320,16,32768,3005.95
94336,16,32768,3005.95
94352,16,32768,3005.95
94368,16,32768,3005.06
94384,16,32768,3005.44
94400,16,32768,3005.57
94416,16,32768,3005.95
94432,16,32768,3005.57
94448,16,32768,3005.95
94464,16,32768,3005.44
94480,16,32768,3005.95
94496,16,32768,3005.95
94512,16,32768,3005.95
94528,16,32768,3005.44
94544,16,32768,3005.95
94560,16,32768,3005.95
94576,16,32768,3005.95
94592,16,32768,3005.95
94608,16,32768,3005.95
94624,16,32768,3005.95
94640,16,32768,3005.95
94656,16,32768,3005.95
94672,16,32768,3005.95
94688,16,32768,3005.95
94704,16,32768,3005.95
94720,16,32768,3005.95
94736,16,32768,3005.95
94752,16,32768,3005.95
94768,16,32768,3005.95
94784,16,32768,3005.95
94800,16,32768,3005.95
94816,16,32768,3005.95
94832,16,32768,3005.95
94848,16,32768,3005.95
94864,16,32768,3005.95
94880,16,32768,3006.08
94896,16,32768,3005.95
94912,16,32768,3005.95
94928,16,32768,3005.95
94944,16,32768,3005.95
94960,16,32768,3005.95
94976,16,32768,3005.95
94992,16,32768,3006.21
95008,16,32768,3005.95
95024,16,32768,3005.95
95040,16,32768,3006.08
95056,16,32768,3005.95
95072,16,32768,3005.95
95088,16,32768,3005.95
95104,16,32768,3005.95
95120,16,32768,3005.95
95136,16,32768,3005.95
95152,16,32768,3005.95
95168,16,32768,3005.95
95184,16,32768,3005.95
95200,16,32768,3005.95
95216,16,32768,3005.95
95232,16,32768,3005.95
95248,16,32768,3005.95
95264,16,32768,3005.95
95280,16,32768,3005.95
95296,16,32768,3005.95
95312,16,32768,3005.95
95328,16,32768,3005.95
95344,16,32768,3005.95
95360,16,32768,3005.95
95376,16,32768,3005.95
95392,16,32768,3005.95
95408,16,32768,3005.95
95424,16,32768,3005.57
95440,16,32768,3006.08
95456,16,32768,3005.95
95472,16,32768,3005.95
95488,16,32768,3005.95
95504,16,32768,3005.95
95520,16,32768,3005.95
95536,16,32768,3006.08
95552,16,32768,3005.95
95568,16,32768,3005.95
95584,16,32768,3005.95
95600,16,32768,3005.95
95616,16,32768,3005.95
95632,16,32768,3005.95
95648,16,32768,3005.95
95664,16,32768,3005.95
95680,16,32768,3005.95
95696,16,32768,3005.95
95712,16,32768,3006.08
95728,16,32768,3006.08
95744,16,32768,3006.08
95760,16,32768,3005.95
95776,16,32768,3005.95
95792,16,32768,3005.95
95808,16,32768,3005.95
95824,16,32768,3005.95
95840,16,32768,3006.08
95856,16,32768,3005.95
95872,16,32768,3005.95
95888,16,32768,3005.95
95904,16,32768,3005.95
95920,16,32768,3005.95
95936,16,32768,3005.95
95952,16,32768,3006.08
95968,16,32768,3005.95
95984,16,32768,3006.21
96000,16,32768,3005.95
96016,16,32768,3005.95
96032,16,32768,3005.95
96048,16,32768,3005.95
96064,16,32768,3005.95
96080,16,32768,3005.95
96096,16,32768,3005.95
96112,16,32768,3006.08
96128,16,32768,3005.95
96144,16,32768,3006.59
96160,16,32768,3005.95
96176,16,32768,3006.46
96192,16,32768,3005.95
96208,16,32768,3005.95
96224,16,32768,3005.95
96240,16,32768,3006.21
96256,16,32768,3005.95
96272,16,32768,3006.98
96288,16,32768,3005.95
96304,16,32768,3006.46
96320,16,32768,3005.95
96336,16,32768,3006.98
96352,16,32768,3006.46
96368,16,32768,3006.98
96384,16,32768,3006.21
96400,16,32768,3007.1
96416,16,32768,3006.46
96432,16,32768,3006.98
96448,16,32768,3005.95
96464,16,32768,3007.1
96480,16,32768,3006.98
96496,16,32768,3006.98
96512,16,32768,3006.59
96528,16,32768,3006.98
96544,16,32768,3006.98
96560,16,32768,3006.98
96576,16,32768,3006.98
96592,16,32768,3006.98
96608,16,32768,3006.98
96624,16,32768,3006.98
96640,16,32768,3006.98
96656,16,32768,3007.1
96672,16,32768,3006.98
96688,16,32768,3006.98
96704,16,32768,3006.98
96720,16,32768,3006.98
96736,16,32768,3006.98
96752,16,32768,3007.1
96768,16,32768,3006.98
96784,16,32768,3006.98
96800,16,32768,3006.98
96816,16,32768,3006.98
96832,16,32768,3006.59
96848,16,32768,3006.98
96864,16,32768,3006.98
96880,16,32768,3006.98
96896,16,32768,3006.98
96912,16,32768,3006.98
96928,16,32768,3006.98
96944,16,32768,3006.98
96960,16,32768,3007.1
96976,16,32768,3006.98
96992,16,32768,3006.98
97008,16,32768,3006.98
97024,16,32768,3007.1
97040,16,32768,3006.98
97056,16,32768,3006.98
97072,16,32768,3006.98
97088,16,32768,3006.98
97104,16,32768,3006.98
97120,16,32768,3006.98
97136,16,32768,3006.98
97152,16,32768,3006.98
97168,16,32768,3006.98
97184,16,32768,3006.98
97200,16,32768,3006.98
97216,16,32768,3006.98
97232,16,32768,3007.1
97248,16,32768,3006.98
97264,16,32768,3006.98
97280,16,32768,3006.98
97296,16,32768,3006.98
97312,16,32768,3006.98
97328,16,32768,3006.98
97344,16,32768,3006.98
97360,16,32768,3007.1
97376,16,32768,3006.98
97392,16,32768,3006.98
97408,16,32768,3006.98
97424,16,32768,3006.98
97440,16,32768,3006.98
97456,16,32768,3006.98
97472,16,32768,3006.98
97488,16,32768,3006.98
97504,16,32768,3006.98
97520,16,32768,3006.98
97536,16,32768,3006.98
97552,16,32768,3006.98
97568,16,32768,3006.98
97584,16,32768,3007.1
97600,16,32768,3006.98
97616,16,32768,3006.98
97632,16,32768,3006.98
97648,16,32768,3006.98
97664,16,32768,3006.98
97680,16,32768,3006.98
97696,16,32768,3006.98
97712,16,32768,3006.98
97728,16,32768,3006.98
97744,16,32768,3006.98
97760,16,32768,3006.98
97776,16,32768,3006.98
97792,16,32768,3006.98
97808,16,32768,3006.98
97824,16,32768,3006.98
97840,16,32768,3006.98
97856,16,32768,3006.98
97872,16,32768,3006.98
97888,16,32768,3006.98
97904,16,32768,3006.98
97920,16,32768,3006.98
97936,16,32768,3006.98
97952,16,32768,3006.98
97968,16,32768,3006.98
97984,16,32768,3006.98
98000,16,32768,3006.98
98016,16,32768,3006.98
98032,16,32768,3006.98
98048,16,32768,3006.98
98064,16,32768,3006.98
98080,16,32768,3006.98
98096,16,32768,3006.98
98112,16,32768,3006.98
98128,16,32768,3007.49
98144,16,32768,3006.98
98160,16,32768,3006.98
98176,16,32768,3006.98
98192,16,32768,3007.49
98208,16,32768,3006.98
98224,16,32768,3007.49
98240,16,32768,3006.98
98256,16,32768,3007.49
98272,16,32768,3006.98
98288,16,32768,3006.98
98304,16,32768,3007.1
98320,16,32768,3008
98336,16,32768,3006.98
98352,16,32768,3008
98368,16,32768,3006.98
98384,16,32768,3008
98400,16,32768,3007.49
98416,16,32768,3008
98432,16,32768,3007.1
98448,16,32768,3008
98464,16,32768,3007.49
98480,16,32768,3008
98496,16,32768,3006.98
98512,16,32768,3008
98528,16,32768,3008
98544,16,32768,3008
98560,16,32768,3008
98576,16,32768,3008
98592,16,32768,3008
98608,16,32768,3008
98624,16,32768,3008
98640,16,32768,3008
98656,16,32768,3008
98672,16,32768,3008
98688,16,32768,3008
98704,16,32768,3008
98720,16,32768,3008
98736,16,32768,3008
98752,16,32768,3008
98768,16,32768,3008
98784,16,32768,3008
98800,16,32768,3008
98816,16,32768,3008
98832,16,32768,3008
98848,16,32768,3008
98864,16,32768,3008
98880,16,32768,3008
98896,16,32768,3008
98912,16,32768,3008
98928,16,32768,3008
98944,16,32768,3007.49
98960,16,32768,3008
98976,16,32768,3008
98992,16,32768,3008
99008,16,32768,3008
99024,16,32768,3008
99040,16,32768,3008
99056,16,32768,3008
99072,16,32768,3008
99088,16,32768,3008
99104,16,32768,3008
99120,16,32768,3008
99136,16,32768,3008
99152,16,32768,3008
99168,16,32768,3008
99184,16,32768,3008
99200,16,32768,3008
99216,16,32768,3008
99232,16,32768,3008
99248,16,32768,3008
99264,16,32768,3008
99280,16,32768,3008
99296,16,32768,3008
99312,16,32768,3008
99328,16,32768,3008
99344,16,32768,3008
99360,16,32768,3008
99376,16,32768,3008
99392,16,32768,3008
99408,16,32768,3008
99424,16,32768,3008
99440,16,32768,3008
99456,16,32768,3008
99472,16,32768,3008
99488,16,32768,3008
99504,16,32768,3008
99520,16,32768,3008
99536,16,32768,3008
99552,16,32768,3008
99568,16,32768,3008
99584,16,32768,3008
99600,16,32768,3008
99616,16,32768,3008
99632,16,32768,3008
99648,16,32768,3008
99664,16,32768,3008
99680,16,32768,3008
99696,16,32768,3008
99712,16,32768,3008
99728,16,32768,3008
99744,16,32768,3008
99760,16,32768,3008
99776,16,32768,3008
99792,16,32768,3008
99808,16,32768,3008
99824,16,32768,3008
99840,16,32768,3008
99856,16,32768,3008
99872,16,32768,3008
99888,16,32768,3008
99904,16,32768,3008
99920,16,32768,3008
99936,16,32768,3008
99952,16,32768,3008
99968,16,32768,3008
99984,16,32768,3008
100000,16,32768,3008
100016,16,32768,3008
100032,16,32768,3008
100048,16,32768,3008.51
100064,16,32768,3008
100080,16,32768,3008
100096,16,32768,3008
100112,16,32768,3008
100128,16,32768,3008
100144,16,32768,3008
100160,16,32768,3008
100176,16,32768,3008
100192,16,32768,3008
100208,16,32768,3008
100224,16,32768,3008
100240,16,32768,3008.51
100256,16,32768,3008
100272,16,32768,3008.51
100288,16,32768,3008
100304,16,32768,3008
100320,16,32768,3008
100336,16,32768,3008
100352,16,32768,3008
100368,16,32768,3009.02
100384,16,32768,3008
100400,16,32768,3008.51
100416,16,32768,3008
100432,16,32768,3009.02
100448,16,32768,3008
100464,16,32768,3009.02
100480,16,32768,3008.51
100496,16,32768,3009.02
100512,16,32768,3008.51
100528,16,32768,3009.02
100544,16,32768,3008.51
100560,16,32768,3009.02
100576,16,32768,3008.9
100592,16,32768,3008
100608,16,32768,3009.02
100624,16,32768,3009.02
100640,16,32768,3009.02
100656,16,32768,3009.02
100672,16,32768,3009.02
100688,16,32768,3009.02
100704,16,32768,3009.02
100720,16,32768,3009.02
100736,16,32768,3009.02
100752,16,32768,3009.02
100768,16,32768,3009.02
100784,16,32768,3009.02
100800,16,32768,3009.02
100816,16,32768,3009.02
100832,16,32768,3009.02
100848,16,32768,3009.02
100864,16,32768,3009.02
100880,16,32768,3009.02
100896,16,32768,3009.02
100912,16,32768,3009.02
100928,16,32768,3009.02
100944,16,32768,3009.02
100960,16,32768,3009.02
100976,16,32768,3009.02
100992,16,32768,3009.02
101008,16,32768,3009.02
101024,16,32768,3009.02
101040,16,32768,3009.02
101056,16,32768,3009.02
101072,16,32768,3008.9
101088,16,32768,3009.02
101104,16,32768,3009.02
101120,16,32768,3009.02
101136,16,32768,3009.02
101152,16,32768,3009.02
101168,16,32768,3009.02
101184,16,32768,3009.02
101200,16,32768,3009.02
101216,16,32768,3009.02
101232,16,32768,3009.02
101248,16,32768,3009.02
101264,16,32768,3009.02
101280,16,32768,3009.02
101296,16,32768,3008.9
101312,16,32768,3009.02
101328,16,32768,3009.02
101344,16,32768,3009.02
101360,16,32768,3008.51
101376,16,32768,3009.02
101392,16,32768,3009.02
101408,16,32768,3009.02
101424,16,32768,3008.9
101440,16,32768,3009.02
101456,16,32768,3009.02
101472,16,32768,3009.02
101488,16,32768,3009.02
101504,16,32768,3009.02
101520,16,32768,3009.02
101536,16,32768,3009.02
101552,16,32768,3008.9
101568,16,32768,3009.02
101584,16,32768,3009.02
101600,16,32768,3009.02
101616,16,32768,3009.02
101632,16,32768,3009.02
101648,16,32768,3009.02
101664,16,32768,3009.02
101680,16,32768,3009.02
101696,16,32768,3009.02
101712,16,32768,3009.02
101728,16,32768,3009.02
101744,16,32768,3009.02
101760,16,32768,3009.02
101776,16,32768,3009.02
101792,16,32768,3009.02
101808,16,32768,3009.02
101824,16,32768,3009.02
101840,16,32768,3009.02
101856,16,32768,3009.02
101872,16,32768,3009.02
101888,16,32768,3009.02
101904,16,32768,3009.02
101920,16,32768,3009.02
101936,16,32768,3009.02
101952,16,32768,3009.02
101968,16,32768,3009.02
101984,16,32768,3009.02
102000,16,32768,3009.02
102016,16,32768,3009.02
102032,16,32768,3009.02
102048,16,32768,3009.02
102064,16,32768,3009.02
102080,16,32768,3009.02
102096,16,32768,3009.02
102112,16,32768,3009.02
102128,16,32768,3009.02
102144,16,32768,3009.02
102160,16,32768,3009.02
102176,16,32768,3009.02
102192,16,32768,3009.02
102208,16,32768,3009.02
102224,16,32768,3009.02
102240,16,32768,3009.02
102256,16,32768,3008.77
102272,16,32768,3009.02
102288,16,32768,3009.41
102304,16,32768,3009.02
102320,16,32768,3009.02
102336,16,32768,3009.02
102352,16,32768,3009.02
102368,16,32768,3009.02
102384,16,32768,3009.41
102400,16,32768,3009.02
102416,16,32768,3010.05
102432,16,32768,3009.02
102448,16,32768,3009.92
102464,16,32768,3009.02
102480,16,32768,3010.05
102496,16,32768,3009.02
102512,16,32768,3010.05
102528,16,32768,3009.28
102544,16,32768,3009.02
102560,16,32768,3009.54
102576,16,32768,3010.05
102592,16,32768,3009.02
102608,16,32768,3010.05
102624,16,32768,3010.05
102640,16,32768,3010.05
102656,16,32768,3009.79
102672,16,32768,3010.05
102688,16,32768,3010.05
102704,16,32768,3009.79
102720,16,32768,3010.05
102736,16,32768,3010.05
102752,16,32768,3010.05
102768,16,32768,3010.05
102784,16,32768,3009.79
102800,16,32768,3010.05
102816,16,32768,3009.79
102832,16,32768,3010.05
102848,16,32768,3009.92
102864,16,32768,3010.05
102880,16,32768,3009.79
102896,16,32768,3010.05
102912,16,32768,3010.05
102928,16,32768,3009.79
102944,16,32768,3009.79
102960,16,32768,3009.79
102976,16,32768,3010.05
102992,16,32768,3010.05
103008,16,32768,3010.05
103024,16,32768,3009.79
103040,16,32768,3010.05
103056,16,32768,3009.79
103072,16,32768,3010.05
103088,16,32768,3009.92
103104,16,32768,3010.05
103120,16,32768,3010.05
103136,16,32768,3010.05
103152,16,32768,3010.05
103168,16,32768,3010.05
103184,16,32768,3010.05
103200,16,32768,3010.05
103216,16,32768,3010.05
103232,16,32768,3010.05
103248,16,32768,3010.05
103264,16,32768,3010.05
103280,16,32768,3010.05
103296,16,32768,3010.05
103312,16,32768,3010.05
103328,16,32768,3010.05
103344,16,32768,3010.05
103360,16,32768,3010.05
103376,16,32768,3010.05
103392,16,32768,3010.05
103408,16,32768,3010.05
103424,16,32768,3010.05
103440,16,32768,3010.05
103456,16,32768,3010.05
103472,16,32768,3010.05
103488,16,32768,3010.05
103504,16,32768,3010.05
103520,16,32768,3010.05
103536,16,32768,3009.92
103552,16,32768,3009.92
103568,16,32768,3010.05
103584,16,32768,3010.05
103600,16,32768,3010.05
103616,16,32768,3010.05
103632,16,32768,3010.05
103648,16,32768,3010.05
103664,16,32768,3010.05
103680,16,32768,3009.92
103696,16,32768,3010.05
103712,16,32768,3010.05
103728,16,32768,3010.05
103744,16,32768,3010.05
103760,16,32768,3010.05
103776,16,32768,3010.05
103792,16,32768,3010.05
103808,16,32768,3010.05
103824,16,32768,3010.05
103840,16,32768,3010.05
103856,16,32768,3010.05
103872,16,32768,3009.92
103888,16,32768,3009.92
103904,16,32768,3010.05
103920,16,32768,3010.05
103936,16,32768,3010.05
103952,16,32768,3010.05
103968,16,32768,3010.05
103984,16,32768,3010.05
104000,16,32768,3010.05
104016,16,32768,3010.05
104032,16,32768,3010.05
104048,16,32768,3010.05
104064,16,32768,3010.05
104080,16,32768,3010.05
104096,16,32768,3010.05
104112,16,32768,3010.05
104128,16,32768,3010.05
104144,16,32768,3010.05
104160,16,32768,3010.05
104176,16,32768,3010.05
104192,16,32768,3010.05
104208,16,32768,3010.05
104224,16,32768,3010.05
104240,16,32768,3010.05
104256,16,32768,3010.05
104272,16,32768,3009.92
104288,16,32768,3010.05
104304,16,32768,3010.05
104320,16,32768,3010.05
104336,16,32768,3010.43
104352,16,32768,3010.05
104368,16,32768,3010.05
104384,16,32768,3010.05
104400,16,32768,3010.05
104416,16,32768,3010.05
104432,16,32768,3010.05
104448,16,32768,3010.05
104464,16,32768,3010.05
104480,16,32768,3010.05
104496,16,32768,3011.07
104512,16,32768,3010.05
104528,16,32768,3010.94
104544,16,32768,3010.05
104560,16,32768,3011.07
104576,16,32768,3010.05
104592,16,32768,3010.43
104608,16,32768,3010.05
104624,16,32768,3010.94
104640,16,32768,3010.05
104656,16,32768,3011.07
104672,16,32768,3010.05
104688,16,32768,3010.94
104704,16,32768,3010.05
104720,16,32768,3011.07
104736,16,32768,3010.43
104752,16,32768,3010.94
104768,16,32768,3010.05
104784,16,32768,3011.07
104800,16,32768,3010.94
104816,16,32768,3011.07
104832,16,32768,3011.07
104848,16,32768,3011.07
104864,16,32768,3011.07
104880,16,32768,3011.07
104896,16,32768,3011.07
104912,16,32768,3011.07
104928,16,32768,3011.07
104944,16,32768,3011.07
104960,16,32768,3011.07
104976,16,32768,3010.94
104992,16,32768,3011.07
105008,16,32768,3011.07
105024,16,32768,3011.07
105040,16,32768,3011.07
105056,16,32768,3010.94
105072,16,32768,3011.07
105088,16,32768,3011.07
105104,16,32768,3011.07
105120,16,32768,3011.07
105136,16,32768,3010.94
105152,16,32768,3011.07
105168,16,32768,3010.94
105184,16,32768,3010.94
105200,16,32768,3011.07
105216,16,32768,3010.94
105232,16,32768,3011.07
105248,16,32768,3011.07
105264,16,32768,3011.07
105280,16,32768,3010.94
105296,16,32768,3011.07
105312,16,32768,3011.07
105328,16,32768,3011.07
105344,16,32768,3010.94
105360,16,32768,3010.94
105376,16,32768,3011.07
105392,16,32768,3010.94
105408,16,32768,3010.82
105424,16,32768,3011.07
105440,16,32768,3011.07
105456,16,32768,3011.07
105472,16,32768,3011.07
105488,16,32768,3011.07
105504,16,32768,3010.94
105520,16,32768,3011.07
105536,16,32768,3011.07
105552,16,32768,3011.07
105568,16,32768,3011.07
105584,16,32768,3011.07
105600,16,32768,3011.07
105616,16,32768,3010.94
105632,16,32768,3011.07
105648,16,32768,3011.07
105664,16,32768,3011.07
105680,16,32768,3011.07
105696,16,32768,3011.07
105712,16,32768,3011.07
105728,16,32768,3010.94
105744,16,32768,3011.07
105760,16,32768,3011.07
105776,16,32768,3011.07
105792,16,32768,3011.07
105808,16,32768,3010.94
105824,16,32768,3011.07
105840,16,32768,3011.07
105856,16,32768,3011.07
105872,16,32768,3011.07
105888,16,32768,3011.07
105904,16,32768,3011.07
105920,16,32768,3011.07
105936,16,32768,3011.07
105952,16,32768,3011.07
105968,16,32768,3011.07
105984,16,32768,3011.07
106000,16,32768,3011.07
106016,16,32768,3011.07
106032,16,32768,3011.07
106048,16,32768,3011.07
106064,16,32768,3011.07
106080,16,32768,3011.07
106096,16,32768,3011.07
106112,16,32768,3011.07
106128,16,32768,3011.07
106144,16,32768,3011.07
106160,16,32768,3011.07
106176,16,32768,3011.07
106192,16,32768,3010.94
106208,16,32768,3011.07
106224,16,32768,3011.07
106240,16,32768,3011.07
106256,16,32768,3011.07
106272,16,32768,3011.07
106288,16,32768,3011.07
106304,16,32768,3011.07
106320,16,32768,3011.07
106336,16,32768,3011.07
106352,16,32768,3011.07
106368,16,32768,3011.07
106384,16,32768,3011.07
106400,16,32768,3011.07
106416,16,32768,3011.07
106432,16,32768,3011.07
106448,16,32768,3011.07
106464,16,32768,3011.07
106480,16,32768,3011.07
106496,16,32768,3011.07
106512,16,32768,3011.07
106528,16,32768,3011.07
106544,16,32768,3011.07
106560,16,32768,3011.07
106576,16,32768,3011.46
106592,16,32768,3011.07
106608,16,32768,3011.07
106624,16,32768,3011.07
106640,16,32768,3012.1
106656,16,32768,3011.07
106672,16,32768,3011.46
106688,16,32768,3011.07
106704,16,32768,3011.97
106720,16,32768,3011.07
106736,16,32768,3012.1
106752,16,32768,3011.07
106768,16,32768,3011.97
106784,16,32768,3012.1
106800,16,32768,3012.1
106816,16,32768,3011.58
106832,16,32768,3011.84
106848,16,32768,3011.97
106864,16,32768,3011.97
106880,16,32768,3012.1
106896,16,32768,3012.1
106912,16,32768,3011.97
106928,16,32768,3012.1
106944,16,32768,3011.97
106960,16,32768,3011.58
106976,16,32768,3011.97
106992,16,32768,3011.97
107008,16,32768,3011.97
107024,16,32768,3012.1
107040,16,32768,3012.1
107056,16,32768,3012.1
107072,16,32768,3012.1
107088,16,32768,3012.1
107104,16,32768,3011.84
107120,16,32768,3012.1
107136,16,32768,3012.1
107152,16,32768,3011.97
107168,16,32768,3011.97
107184,16,32768,3012.1
107200,16,32768,3012.1
107216,16,32768,3012.1
107232,16,32768,3012.1
107248,16,32768,3012.1
107264,16,32768,3012.1
107280,16,32768,3012.1
107296,16,32768,3011.97
107312,16,32768,3012.1
107328,16,32768,3012.1
107344,16,32768,3012.1
107360,16,32768,3012.1
107376,16,32768,3012.1
107392,16,32768,3011.97
107408,16,32768,3011.97
107424,16,32768,3012.1
107440,16,32768,3012.1
107456,16,32768,3012.1
107472,16,32768,3011.97
107488,16,32768,3012.1
107504,16,32768,3012.1
107520,16,32768,3011.97
107536,16,32768,3011.97
107552,16,32768,3011.97
107568,16,32768,3012.1
107584,16,32768,3012.1
107600,16,32768,3012.1
107616,16,32768,3012.1
107632,16,32768,3012.1
107648,16,32768,3011.97
107664,16,32768,3011.58
107680,16,32768,3011.84
107696,16,32768,3012.1
107712,16,32768,3011.97
107728,16,32768,3011.97
107744,16,32768,3011.97
107760,16,32768,3011.97
107776,16,32768,3012.1
107792,16,32768,3012.1
107808,16,32768,3011.07
107824,16,32768,3012.1
107840,16,32768,3011.84
107856,16,32768,3012.1
107872,16,32768,3011.97
107888,16,32768,3012.1
107904,16,32768,3012.1
107920,16,32768,3012.1
107936,16,32768,3012.1
107952,16,32768,3011.97
107968,16,32768,3012.1
107984,16,32768,3012.1
108000,16,32768,3012.1
108016,16,32768,3011.97
108032,16,32768,3011.97
108048,16,32768,3012.1
108064,16,32768,3012.1
108080,16,32768,3012.1
108096,16,32768,3012.1
108112,16,32768,3012.1
108128,16,32768,3011.97
108144,16,32768,3012.1
108160,16,32768,3012.1
108176,16,32768,3012.1
108192,16,32768,3012.1
108208,16,32768,3012.1
108224,16,32768,3012.1
108240,16,32768,3012.1
108256,16,32768,3012.1
108272,16,32768,3011.97
108288,16,32768,3012.1
108304,16,32768,3012.1
108320,16,32768,3012.1
108336,16,32768,3011.97
108352,16,32768,3012.1
108368,16,32768,3012.1
108384,16,32768,3012.1
108400,16,32768,3012.1
108416,16,32768,3012.1
108432,16,32768,3012.1
108448,16,32768,3012.1
108464,16,32768,3011.97
108480,16,32768,3012.1
108496,16,32768,3012.48
108512,16,32768,3012.1
108528,16,32768,3012.1
108544,16,32768,3011.97
108560,16,32768,3012.1
108576,16,32768,3012.1
108592,16,32768,3012.48
108608,16,32768,3012.1
108624,16,32768,3012.1
108640,16,32768,3012.1
108656,16,32768,3012.1
108672,16,32768,3012.1
108688,16,32768,3011.97
108704,16,32768,3012.1
108720,16,32768,3012.99
108736,16,32768,3012.48
108752,16,32768,3012.1
108768,16,32768,3012.1
108784,16,32768,3012.86
108800,16,32768,3012.99
108816,16,32768,3012.99
108832,16,32768,3012.61
108848,16,32768,3012.48
108864,16,32768,3012.99
108880,16,32768,3012.86
108896,16,32768,3012.86
108912,16,32768,3012.99
108928,16,32768,3012.99
108944,16,32768,3013.12
108960,16,32768,3012.99
108976,16,32768,3013.12
108992,16,32768,3012.99
109008,16,32768,3012.86
109024,16,32768,3012.99
109040,16,32768,3013.12
109056,16,32768,3013.12
109072,16,32768,3012.86
109088,16,32768,3012.99
109104,16,32768,3012.99
109120,16,32768,3012.99
109136,16,32768,3012.99
109152,16,32768,3012.99
109168,16,32768,3012.99
109184,16,32768,3012.86
109200,16,32768,3012.48
109216,16,32768,3013.12
109232,16,32768,3013.12
109248,16,32768,3012.86
109264,16,32768,3012.99
109280,16,32768,3013.12
109296,16,32768,3013.12
109312,16,32768,3012.48
109328,16,32768,3012.99
109344,16,32768,3012.99
109360,16,32768,3013.12
109376,16,32768,3013.12
109392,16,32768,3013.12
109408,16,32768,3012.86
109424,16,32768,3013.12
109440,16,32768,3013.12
109456,16,32768,3013.12
109472,16,32768,3013.12
109488,16,32768,3013.12
109504,16,32768,3012.99
109520,16,32768,3013.12
109536,16,32768,3012.99
109552,16,32768,3013.12
109568,16,32768,3012.99
109584,16,32768,3013.12
109600,16,32768,3012.99
109616,16,32768,3013.12
109632,16,32768,3012.99
109648,16,32768,3012.99
109664,16,32768,3012.99
109680,16,32768,3013.12
109696,16,32768,3012.99
109712,16,32768,3012.99
109728,16,32768,3013.12
109744,16,32768,3013.12
109760,16,32768,3012.99
109776,16,32768,3013.12
109792,16,32768,3012.99
109808,16,32768,3013.12
109824,16,32768,3013.12
109840,16,32768,3013.12
109856,16,32768,3012.61
109872,16,32768,3012.86
109888,16,32768,3012.99
109904,16,32768,3013.12
109920,16,32768,3013.12
109936,16,32768,3013.12
109952,16,32768,3012.86
109968,16,32768,3012.86
109984,16,32768,3013.12
110000,16,32768,3013.12
110016,16,32768,3012.86
110032,16,32768,3012.99
110048,16,32768,3012.99
110064,16,32768,3013.12
110080,16,32768,3013.12
110096,16,32768,3013.12
110112,16,32768,3013.12
110128,16,32768,3012.99
110144,16,32768,3012.86
110160,16,32768,3013.12
110176,16,32768,3012.99
110192,16,32768,3013.12
110208,16,32768,3012.99
110224,16,32768,3013.12
110240,16,32768,3012.99
110256,16,32768,3013.12
110272,16,32768,3013.12
110288,16,32768,3013.12
110304,16,32768,3013.12
110320,16,32768,3012.99
110336,16,32768,3012.86
110352,16,32768,3013.12
110368,16,32768,3012.99
110384,16,32768,3012.99
110400,16,32768,3012.99
110416,16,32768,3013.12
110432,16,32768,3012.99
110448,16,32768,3012.99
110464,16,32768,3012.99
110480,16,32768,3012.99
110496,16,32768,3012.99
110512,16,32768,3012.99
110528,16,32768,3012.86
110544,16,32768,3012.99
110560,16,32768,3013.12
110576,16,32768,3012.99
110592,16,32768,3013.12
110608,16,32768,3014.14
110624,16,32768,3013.12
110640,16,32768,3013.5
110656,16,32768,3013.12
110672,16,32768,3013.5
110688,16,32768,3013.5
110704,16,32768,3013.5
110720,16,32768,3013.12
110736,16,32768,3013.89
110752,16,32768,3013.12
110768,16,32768,3013.5
110784,16,32768,3012.99
110800,16,32768,3014.02
110816,16,32768,3013.12
110832,16,32768,3014.02
110848,16,32768,3013.5
110864,16,32768,3014.02
110880,16,32768,3013.89
110896,16,32768,3014.02
110912,16,32768,3014.02
110928,16,32768,3014.02
110944,16,32768,3013.89
110960,16,32768,3014.02
110976,16,32768,3014.14
110992,16,32768,3013.89
111008,16,32768,3014.02
111024,16,32768,3014.02
111040,16,32768,3014.02
111056,16,32768,3014.14
111072,16,32768,3013.89
111088,16,32768,3013.89
111104,16,32768,3014.02
111120,16,32768,3013.89
111136,16,32768,3014.14
111152,16,32768,3013.89
111168,16,32768,3014.02
111184,16,32768,3014.02
111200,16,32768,3014.14
111216,16,32768,3013.89
111232,16,32768,3014.14
111248,16,32768,3013.89
111264,16,32768,3014.14
111280,16,32768,3014.14
111296,16,32768,3014.02
111312,16,32768,3014.14
111328,16,32768,3014.02
111344,16,32768,3013.89
111360,16,32768,3014.14
111376,16,32768,3014.02
111392,16,32768,3014.14
111408,16,32768,3014.02
111424,16,32768,3014.02
111440,16,32768,3014.14
111456,16,32768,3014.02
111472,16,32768,3014.02
111488,16,32768,3014.02
111504,16,32768,3014.02
111520,16,32768,3014.02
111536,16,32768,3014.02
111552,16,32768,3014.14
111568,16,32768,3013.89
111584,16,32768,3014.14
111600,16,32768,3014.02
111616,16,32768,3013.89
111632,16,32768,3014.14
111648,16,32768,3014.14
111664,16,32768,3014.02
111680,16,32768,3014.02
111696,16,32768,3014.02
111712,16,32768,3014.02
111728,16,32768,3013.89
111744,16,32768,3013.12
111760,16,32768,3014.02
111776,16,32768,3014.02
111792,16,32768,3013.89
111808,16,32768,3014.14
111824,16,32768,3014.02
111840,16,32768,3014.14
111856,16,32768,3014.14
111872,16,32768,3013.5
111888,16,32768,3014.02
111904,16,32768,3013.89
111920,16,32768,3014.14
111936,16,32768,3013.89
111952,16,32768,3013.89
111968,16,32768,3014.02
111984,16,32768,3014.14
112000,16,32768,3014.14
112016,16,32768,3014.02
112032,16,32768,3013.89
112048,16,32768,3014.02
112064,16,32768,3014.02
112080,16,32768,3014.02
112096,16,32768,3014.14
112112,16,32768,3013.89
112128,16,32768,3013.89
112144,16,32768,3013.89
112160,16,32768,3013.89
112176,16,32768,3013.89
112192,16,32768,3014.14
112208,16,32768,3013.89
112224,16,32768,3014.14
112240,16,32768,3014.02
112256,16,32768,3014.14
112272,16,32768,3014.14
112288,16,32768,3014.14
112304,16,32768,3014.14
112320,16,32768,3013.89
112336,16,32768,3013.89
112352,16,32768,3013.89
112368,16,32768,3014.14
112384,16,32768,3014.14
112400,16,32768,3013.89
112416,16,32768,3014.14
112432,16,32768,3013.89
112448,16,32768,3014.14
112464,16,32768,3013.89
112480,16,32768,3014.14
112496,16,32768,3014.14
112512,16,32768,3013.89
112528,16,32768,3013.89
112544,16,32768,3014.14
112560,16,32768,3014.14
112576,16,32768,3013.89
112592,16,32768,3014.14
112608,16,32768,3013.89
112624,16,32768,3014.14
112640,16,32768,3013.89
112656,16,32768,3014.02
112672,16,32768,3014.02
112688,16,32768,3014.53
112704,16,32768,3013.89
112720,16,32768,3014.53
112736,16,32768,3013.89
112752,16,32768,3014.14
112768,16,32768,3014.14
112784,16,32768,3015.17
112800,16,32768,3014.4
112816,16,32768,3015.04
112832,16,32768,3014.53
112848,16,32768,3015.17
112864,16,32768,3013.89
112880,16,32768,3015.17
112896,16,32768,3013.89
112912,16,32768,3015.17
112928,16,32768,3014.91
112944,16,32768,3014.91
112960,16,32768,3015.17
112976,16,32768,3014.53
112992,16,32768,3014.02
113008,16,32768,3014.91
113024,16,32768,3014.91
113040,16,32768,3014.91
113056,16,32768,3014.91
113072,16,32768,3015.17
113088,16,32768,3015.17
113104,16,32768,3015.17
113120,16,32768,3015.17
113136,16,32768,3014.91
113152,16,32768,3015.04
113168,16,32768,3014.91
113184,16,32768,3014.91
113200,16,32768,3014.91
113216,16,32768,3015.17
113232,16,32768,3015.17
113248,16,32768,3015.17
113264,16,32768,3014.91
113280,16,32768,3014.91
113296,16,32768,3014.91
113312,16,32768,3015.17
113328,16,32768,3015.17
113344,16,32768,3014.91
113360,16,32768,3014.91
113376,16,32768,3014.91
113392,16,32768,3014.91
113408,16,32768,3014.4
113424,16,32768,3014.91
113440,16,32768,3014.91
113456,16,32768,3014.91
113472,16,32768,3015.17
113488,16,32768,3015.17
113504,16,32768,3015.17
113520,16,32768,3014.91
113536,16,32768,3015.17
113552,16,32768,3014.91
113568,16,32768,3014.91
113584,16,32768,3015.17
113600,16,32768,3014.91
113616,16,32768,3014.91
113632,16,32768,3014.91
113648,16,32768,3015.17
113664,16,32768,3014.91
113680,16,32768,3014.91
113696,16,32768,3014.91
113712,16,32768,3015.17
113728,16,32768,3014.91
113744,16,32768,3015.17
113760,16,32768,3015.17
113776,16,32768,3014.91
113792,16,32768,3014.91
113808,16,32768,3015.17
113824,16,32768,3014.91
113840,16,32768,3015.04
113856,16,32768,3015.17
113872,16,32768,3015.17
113888,16,32768,3014.91
113904,16,32768,3014.91
113920,16,32768,3014.91
113936,16,32768,3014.91
113952,16,32768,3014.91
113968,16,32768,3015.17
113984,16,32768,3015.17
114000,16,32768,3015.17
114016,16,32768,3014.91
114032,16,32768,3015.17
114048,16,32768,3014.91
114064,16,32768,3014.91
114080,16,32768,3015.17
114096,16,32768,3015.17
114112,16,32768,3014.91
114128,16,32768,3015.17
114144,16,32768,3015.04
114160,16,32768,3014.91
114176,16,32768,3014.91
114192,16,32768,3015.04
114208,16,32768,3014.91
114224,16,32768,3014.91
114240,16,32768,3014.91
114256,16,32768,3014.91
114272,16,32768,3014.91
114288,16,32768,3015.04
114304,16,32768,3015.17
114320,16,32768,3014.91
114336,16,32768,3015.17
114352,16,32768,3014.91
114368,16,32768,3015.17
114384,16,32768,3015.17
114400,16,32768,3014.91
114416,16,32768,3015.17
114432,16,32768,3014.91
114448,16,32768,3015.17
114464,16,32768,3014.91
114480,16,32768,3014.91
114496,16,32768,3015.17
114512,16,32768,3015.17
114528,16,32768,3014.91
114544,16,32768,3014.91
114560,16,32768,3014.91
114576,16,32768,3014.91
114592,16,32768,3015.04
114608,16,32768,3014.91
114624,16,32768,3015.04
114640,16,32768,3014.91
114656,16,32768,3015.17
114672,16,32768,3015.17
114688,16,32768,3014.91
114704,16,32768,3015.04
114720,16,32768,3014.91
114736,16,32768,3015.04
114752,16,32768,3014.91
114768,16,32768,3015.55
114784,16,32768,3015.04
114800,16,32768,3014.91
114816,16,32768,3015.17
114832,16,32768,3015.17
114848,16,32768,3015.17
114864,16,32768,3015.17
114880,16,32768,3015.17
114896,16,32768,3014.91
114912,16,32768,3015.17
114928,16,32768,3014.91
114944,16,32768,3015.17
114960,16,32768,3016.06
114976,16,32768,3015.55
114992,16,32768,3015.94
115008,16,32768,3015.55
115024,16,32768,3016.06
115040,16,32768,3016.06
115056,16,32768,3015.94
115072,16,32768,3016.06
115088,16,32768,3015.94
115104,16,32768,3016.06
115120,16,32768,3015.94
115136,16,32768,3016.06
115152,16,32768,3016.19
115168,16,32768,3015.94
115184,16,32768,3015.94
115200,16,32768,3015.94
115216,16,32768,3015.94
115232,16,32768,3015.94
115248,16,32768,3015.94
115264,16,32768,3015.94
115280,16,32768,3016.06
115296,16,32768,3015.94
115312,16,32768,3015.94
115328,16,32768,3015.94
115344,16,32768,3016.06
115360,16,32768,3015.94
115376,16,32768,3015.94
115392,16,32768,3015.94
115408,16,32768,3015.94
115424,16,32768,3016.06
115440,16,32768,3016.06
115456,16,32768,3015.94
115472,16,32768,3015.94
115488,16,32768,3015.94
115504,16,32768,3015.94
115520,16,32768,3015.94
115536,16,32768,3015.94
115552,16,32768,3015.94
115568,16,32768,3016.06
115584,16,32768,3016.06
115600,16,32768,3016.06
115616,16,32768,3016.06
115632,16,32768,3015.94
115648,16,32768,3015.94
115664,16,32768,3015.94
115680,16,32768,3015.94
115696,16,32768,3016.19
115712,16,32768,3016.06
115728,16,32768,3015.94
115744,16,32768,3015.94
115760,16,32768,3015.94
115776,16,32768,3015.94
115792,16,32768,3015.94
115808,16,32768,3016.06
115824,16,32768,3015.94
115840,16,32768,3015.94
115856,16,32768,3016.06
115872,16,32768,3015.94
115888,16,32768,3016.06
115904,16,32768,3015.94
115920,16,32768,3016.06
115936,16,32768,3015.94
115952,16,32768,3016.06
115968,16,32768,3015.94
115984,16,32768,3015.94
116000,16,32768,3015.94
116016,16,32768,3016.06
116032,16,32768,3015.94
116048,16,32768,3015.94
116064,16,32768,3015.94
116080,16,32768,3015.94
116096,16,32768,3015.94
116112,16,32768,3015.94
116128,16,32768,3016.06
116144,16,32768,3015.94
116160,16,32768,3015.94
116176,16,32768,3015.94
116192,16,32768,3015.94
116208,16,32768,3016.06
116224,16,32768,3015.94
116240,16,32768,3015.94
116256,16,32768,3015.94
116272,16,32768,3016.06
116288,16,32768,3015.94
116304,16,32768,3015.94
116320,16,32768,3016.19
116336,16,32768,3015.94
116352,16,32768,3015.94
116368,16,32768,3016.06
116384,16,32768,3015.94
116400,16,32768,3016.06
116416,16,32768,3015.94
116432,16,32768,3016.06
116448,16,32768,3015.94
116464,16,32768,3016.06
116480,16,32768,3015.94
116496,16,32768,3015.94
116512,16,32768,3015.94
116528,16,32768,3016.06
116544,16,32768,3015.94
116560,16,32768,3016.06
116576,16,32768,3015.94
116592,16,32768,3015.94
116608,16,32768,3015.94
116624,16,32768,3016.06
116640,16,32768,3015.94
116656,16,32768,3015.94
116672,16,32768,3015.94
116688,16,32768,3016.06
116704,16,32768,3015.94
116720,16,32768,3015.94
116736,16,32768,3015.94
116752,16,32768,3015.94
116768,16,32768,3016.06
116784,16,32768,3015.94
116800,16,32768,3016.06
116816,16,32768,3015.94
116832,16,32768,3016.19
116848,16,32768,3015.94
116864,16,32768,3015.94
116880,16,32768,3016.58
116896,16,32768,3016.06
116912,16,32768,3016.45
116928,16,32768,3015.94
116944,16,32768,3016.96
116960,16,32768,3015.94
116976,16,32768,3016.58
116992,16,32768,3016.06
117008,16,32768,3016.96
117024,16,32768,3016.06
117040,16,32768,3016.96
117056,16,32768,3016.06
117072,16,32768,3016.58
117088,16,32768,3016.96
117104,16,32768,3016.96
117120,16,32768,3016.96
117136,16,32768,3016.96
117152,16,32768,3016.96
117168,16,32768,3016.96
117184,16,32768,3016.96
117200,16,32768,3016.96
117216,16,32768,3016.96
117232,16,32768,3016.96
117248,16,32768,3016.96
117264,16,32768,3016.96
117280,16,32768,3016.96
117296,16,32768,3016.96
117312,16,32768,3016.96
117328,16,32768,3016.96
117344,16,32768,3016.96
117360,16,32768,3016.96
117376,16,32768,3016.96
117392,16,32768,3016.96
117408,16,32768,3017.09
117424,16,32768,3017.09
117440,16,32768,3017.09
117456,16,32768,3016.96
117472,16,32768,3016.96
117488,16,32768,3016.96
117504,16,32768,3017.09
117520,16,32768,3017.09
117536,16,32768,3017.09
117552,16,32768,3017.09
117568,16,32768,3016.96
117584,16,32768,3016.96
117600,16,32768,3016.96
117616,16,32768,3016.96
117632,16,32768,3016.96
117648,16,32768,3016.96
117664,16,32768,3016.96
117680,16,32768,3016.96
117696,16,32768,3016.96
117712,16,32768,3017.09
117728,16,32768,3016.58
117744,16,32768,3017.09
117760,16,32768,3016.96
117776,16,32768,3016.96
117792,16,32768,3016.96
117808,16,32768,3016.96
117824,16,32768,3016.96
117840,16,32768,3016.96
117856,16,32768,3016.96
117872,16,32768,3016.96
117888,16,32768,3016.06
117904,16,32768,3016.96
117920,16,32768,3017.09
117936,16,32768,3016.96
117952,16,32768,3016.96
117968,16,32768,3016.96
117984,16,32768,3016.96
118000,16,32768,3016.96
118016,16,32768,3016.96
118032,16,32768,3016.96
118048,16,32768,3016.96
118064,16,32768,3016.96
118080,16,32768,3016.96
118096,16,32768,3016.96
118112,16,32768,3016.96
118128,16,32768,3016.96
118144,16,32768,3016.96
118160,16,32768,3017.09
118176,16,32768,3016.96
118192,16,32768,3016.96
118208,16,32768,3016.96
118224,16,32768,3016.96
118240,16,32768,3016.96
118256,16,32768,3016.96
118272,16,32768,3016.96
118288,16,32768,3016.96
118304,16,32768,3016.96
118320,16,32768,3016.96
118336,16,32768,3016.96
118352,16,32768,3016.96
118368,16,32768,3016.96
118384,16,32768,3016.96
118400,16,32768,3016.96
118416,16,32768,3017.09
118432,16,32768,3016.96
118448,16,32768,3017.22
118464,16,32768,3016.96
118480,16,32768,3016.96
118496,16,32768,3016.96
118512,16,32768,3016.96
118528,16,32768,3016.96
118544,16,32768,3016.96
118560,16,32768,3016.96
118576,16,32768,3016.96
118592,16,32768,3017.09
118608,16,32768,3016.96
118624,16,32768,3016.96
118640,16,32768,3016.96
118656,16,32768,3016.96
118672,16,32768,3016.96
118688,16,32768,3016.96
118704,16,32768,3017.09
118720,16,32768,3016.96
118736,16,32768,3016.96
118752,16,32768,3017.09
118768,16,32768,3016.96
118784,16,32768,3016.96
118800,16,32768,3016.96
118816,16,32768,3016.96
118832,16,32768,3016.96
118848,16,32768,3016.96
118864,16,32768,3016.96
118880,16,32768,3016.96
118896,16,32768,3016.96
118912,16,32768,3017.09
118928,16,32768,3016.96
118944,16,32768,3016.96
118960,16,32768,3016.96
118976,16,32768,3016.96
118992,16,32768,3016.96
119008,16,32768,3016.96
119024,16,32768,3016.96
119040,16,32768,3016.96
119056,16,32768,3016.96
119072,16,32768,3016.96
119088,16,32768,3016.96
119104,16,32768,3016.96
119120,16,32768,3016.96
119136,16,32768,3016.96
119152,16,32768,3017.09
119168,16,32768,3016.96
119184,16,32768,3016.96
119200,16,32768,3016.96
119216,16,32768,3016.96
119232,16,32768,3016.96
119248,16,32768,3017.09
119264,16,32768,3016.96
119280,16,32768,3016.96
119296,16,32768,3016.96
119312,16,32768,3016.96
119328,16,32768,3016.96
119344,16,32768,3016.96
119360,16,32768,3016.96
119376,16,32768,3016.96
119392,16,32768,3016.96
119408,16,32768,3016.96
119424,16,32768,3016.96
119440,16,32768,3016.96
119456,16,32768,3017.09
119472,16,32768,3016.96
119488,16,32768,3016.96
119504,16,32768,3016.96
119520,16,32768,3016.96
119536,16,32768,3016.96
119552,16,32768,3017.22
119568,16,32768,3017.09
119584,16,32768,3016.96
119600,16,32768,3017.09
119616,16,32768,3017.09
119632,16,32768,3017.47
119648,16,32768,3016.96
119664,16,32768,3016.96
119680,16,32768,3016.96
119696,16,32768,3017.6
119712,16,32768,3017.47
119728,16,32768,3016.96
119744,16,32768,3017.09
119760,16,32768,3016.96
119776,16,32768,3017.47
119792,16,32768,3017.09
119808,16,32768,3016.96
119824,16,32768,3017.09
119840,16,32768,3017.98
119856,16,32768,3017.6
119872,16,32768,3016.96
119888,16,32768,3017.09
119904,16,32768,3016.96
119920,16,32768,3016.96
119936,16,32768,3017.09
119952,16,32768,3016.96
119968,16,32768,3017.09
119984,16,32768,3017.6
120000,16,32768,3016.96
120016,16,32768,3017.47
120032,16,32768,3016.96
120048,16,32768,3016.96
120064,16,32768,3016.96
120080,16,32768,3017.47
120096,16,32768,3017.22
120112,16,32768,3017.98
120128,16,32768,3016.96
120144,16,32768,3017.98
120160,16,32768,3017.6
120176,16,32768,3017.98
120192,16,32768,3017.47
120208,16,32768,3017.98
120224,16,32768,3017.98
120240,16,32768,3017.98
120256,16,32768,3017.47
120272,16,32768,3017.98
120288,16,32768,3017.98
120304,16,32768,3017.98
120320,16,32768,3017.98
120336,16,32768,3017.98
120352,16,32768,3017.98
120368,16,32768,3017.98
120384,16,32768,3017.98
120400,16,32768,3017.98
120416,16,32768,3017.98
120432,16,32768,3017.98
120448,16,32768,3017.98
120464,16,32768,3017.98
120480,16,32768,3017.98
120496,16,32768,3017.98
120512,16,32768,3017.98
120528,16,32768,3017.98
120544,16,32768,3017.98
120560,16,32768,3017.98
120576,16,32768,3017.98
120592,16,32768,3017.98
120608,16,32768,3017.98
120624,16,32768,3017.98
120640,16,32768,3017.98
120656,16,32768,3017.98
120672,16,32768,3017.98
120688,16,32768,3018.11
120704,16,32768,3017.98
120720,16,32768,3017.98
120736,16,32768,3017.98
120752,16,32768,3017.98
120768,16,32768,3017.98
120784,16,32768,3017.98
120800,16,32768,3017.98
120816,16,32768,3018.11
120832,16,32768,3017.98
120848,16,32768,3017.98
120864,16,32768,3017.98
120880,16,32768,3017.98
120896,16,32768,3017.98
120912,16,32768,3017.98
120928,16,32768,3017.98
120944,16,32768,3017.98
120960,16,32768,3017.98
120976,16,32768,3017.98
120992,16,32768,3017.98
121008,16,32768,3017.98
121024,16,32768,3017.98
121040,16,32768,3017.98
121056,16,32768,3017.98
121072,16,32768,3017.98
121088,16,32768,3017.98
121104,16,32768,3017.98
121120,16,32768,3017.98
121136,16,32768,3017.98
121152,16,32768,3017.98
121168,16,32768,3017.98
121184,16,32768,3017.98
121200,16,32768,3018.62
121216,16,32768,3017.98
121232,16,32768,3017.98
121248,16,32768,3017.98
121264,16,32768,3017.98
121280,16,32768,3017.98
121296,16,32768,3017.98
121312,16,32768,3017.98
121328,16,32768,3018.24
121344,16,32768,3018.11
121360,16,32768,3017.98
121376,16,32768,3017.98
121392,16,32768,3017.98
121408,16,32768,3017.98
121424,16,32768,3017.98
121440,16,32768,3018.5
121456,16,32768,3018.5
121472,16,32768,3018.5
121488,16,32768,3017.98
121504,16,32768,3019.01
121520,16,32768,3017.98
121536,16,32768,3017.98
121552,16,32768,3017.98
121568,16,32768,3019.01
121584,16,32768,3017.98
121600,16,32768,3018.5
121616,16,32768,3017.98
121632,16,32768,3017.98
121648,16,32768,3018.37
121664,16,32768,3017.98
121680,16,32768,3017.98
121696,16,32768,3017.98
121712,16,32768,3018.5
121728,16,32768,3017.98
121744,16,32768,3017.98
121760,16,32768,3019.01
121776,16,32768,3018.5
121792,16,32768,3017.98
121808,16,32768,3018.11
121824,16,32768,3017.98
121840,16,32768,3018.5
121856,16,32768,3017.98
121872,16,32768,3018.11
121888,16,32768,3017.98
121904,16,32768,3017.98
121920,16,32768,3017.98
121936,16,32768,3017.98
121952,16,32768,3017.98
121968,16,32768,3018.5
121984,16,32768,3017.98
122000,16,32768,3018.5
122016,16,32768,3017.98
122032,16,32768,3018.62
122048,16,32768,3018.11
122064,16,32768,3017.98
122080,16,32768,3017.98
122096,16,32768,3017.98
122112,16,32768,3017.98
122128,16,32768,3018.5
122144,16,32768,3017.98
122160,16,32768,3018.88
122176,16,32768,3017.98
122192,16,32768,3019.01
122208,16,32768,3018.11
122224,16,32768,3019.01
122240,16,32768,3017.98
122256,16,32768,3019.01
122272,16,32768,3018.88
122288,16,32768,3019.01
122304,16,32768,3019.01
122320,16,32768,3019.01
122336,16,32768,3019.01
122352,16,32768,3019.01
122368,16,32768,3019.01
122384,16,32768,3019.01
122400,16,32768,3019.01
122416,16,32768,3019.01
122432,16,32768,3019.01
122448,16,32768,3019.01
122464,16,32768,3019.01
122480,16,32768,3019.01
122496,16,32768,3019.01
122512,16,32768,3019.01
122528,16,32768,3019.01
122544,16,32768,3019.01
122560,16,32768,3019.01
122576,16,32768,3019.01
122592,16,32768,3019.01
122608,16,32768,3019.01
122624,16,32768,3019.01
122640,16,32768,3019.01
122656,16,32768,3019.01
122672,16,32768,3019.01
122688,16,32768,3019.01
122704,16,32768,3019.01
122720,16,32768,3019.01
122736,16,32768,3019.01
122752,16,32768,3019.01
122768,16,32768,3019.01
122784,16,32768,3019.01
122800,16,32768,3019.01
122816,16,32768,3019.01
122832,16,32768,3019.01
122848,16,32768,3019.01
122864,16,32768,3019.01
122880,16,32768,3019.01
122896,16,32768,3019.01
122912,16,32768,3019.01
122928,16,32768,3019.01
122944,16,32768,3019.01
122960,16,32768,3019.01
122976,16,32768,3019.01
122992,16,32768,3019.01
123008,16,32768,3019.01
123024,16,32768,3019.01
123040,16,32768,3019.01
123056,16,32768,3019.01
123072,16,32768,3019.01
123088,16,32768,3019.01
123104,16,32768,3019.01
123120,16,32768,3019.52
123136,16,32768,3019.01
123152,16,32768,3019.01
123168,16,32768,3019.01
123184,16,32768,3019.01
123200,16,32768,3019.01
123216,16,32768,3019.01
123232,16,32768,3019.01
123248,16,32768,3019.01
123264,16,32768,3019.01
123280,16,32768,3019.01
123296,16,32768,3019.01
123312,16,32768,3019.01
123328,16,32768,3019.01
123344,16,32768,3019.01
123360,16,32768,3019.9
123376,16,32768,3019.52
123392,16,32768,3020.03
123408,16,32768,3020.03
123424,16,32768,3019.52
123440,16,32768,3019.52
123456,16,32768,3019.52
123472,16,32768,3019.9
123488,16,32768,3020.03
123504,16,32768,3019.01
123520,16,32768,3019.01
123536,16,32768,3019.01
123552,16,32768,3019.01
123568,16,32768,3019.01
123584,16,32768,3019.01
123600,16,32768,3019.01
123616,16,32768,3019.01
123632,16,32768,3019.01
123648,16,32768,3019.01
123664,16,32768,3019.01
123680,16,32768,3019.01
123696,16,32768,3019.01
123712,16,32768,3019.01
123728,16,32768,3019.01
123744,16,32768,3019.01
123760,16,32768,3019.01
123776,16,32768,3019.01
123792,16,32768,3019.01
123808,16,32768,3019.01
123824,16,32768,3019.39
123840,16,32768,3019.01
123856,16,32768,3019.01
123872,16,32768,3019.01
123888,16,32768,3019.01
123904,16,32768,3019.01
123920,16,32768,3019.01
123936,16,32768,3019.01
123952,16,32768,3019.01
123968,16,32768,3019.01
123984,16,32768,3019.39
124000,16,32768,3019.01
124016,16,32768,3019.01
124032,16,32768,3019.01
124048,16,32768,3019.01
124064,16,32768,3019.01
124080,16,32768,3020.03
124096,16,32768,3019.01
124112,16,32768,3019.9
124128,16,32768,3019.01
124144,16,32768,3019.01
124160,16,32768,3019.01
124176,16,32768,3020.03
124192,16,32768,3019.01
124208,16,32768,3019.9
124224,16,32768,3019.01
124240,16,32768,3020.03
124256,16,32768,3019.39
124272,16,32768,3020.03
124288,16,32768,3019.01
124304,16,32768,3020.03
124320,16,32768,3020.03
124336,16,32768,3020.03
124352,16,32768,3019.39
124368,16,32768,3020.03
124384,16,32768,3020.03
124400,16,32768,3020.03
124416,16,32768,3020.03
124432,16,32768,3020.03
124448,16,32768,3020.03
124464,16,32768,3020.03
124480,16,32768,3020.03
124496,16,32768,3020.03
124512,16,32768,3020.03
124528,16,32768,3020.03
124544,16,32768,3020.03
124560,16,32768,3020.03
124576,16,32768,3020.03
124592,16,32768,3020.03
124608,16,32768,3020.03
124624,16,32768,3020.03
124640,16,32768,3020.03
124656,16,32768,3020.03
124672,16,32768,3020.03
124688,16,32768,3020.03
124704,16,32768,3020.03
124720,16,32768,3020.03
124736,16,32768,3020.03
124752,16,32768,3020.03
124768,16,32768,3020.03
124784,16,32768,3020.03
124800,16,32768,3020.03
124816,16,32768,3020.03
124832,16,32768,3020.03
124848,16,32768,3020.03
124864,16,32768,3020.03
124880,16,32768,3020.03
124896,16,32768,3020.03
124912,16,32768,3020.03
124928,16,32768,3020.03
124944,16,32768,3020.03
124960,16,32768,3020.03
124976,16,32768,3020.03
124992,16,32768,3020.03
125008,16,32768,3020.03
125024,16,32768,3020.03
125040,16,32768,3020.03
125056,16,32768,3020.03
125072,16,32768,3020.03
125088,16,32768,3020.03
125104,16,32768,3020.03
125120,16,32768,3020.03
125136,16,32768,3020.03
125152,16,32768,3020.03
125168,16,32768,3020.03
125184,16,32768,3020.03
125200,16,32768,3020.03
125216,16,32768,3020.03
125232,16,32768,3020.03
125248,16,32768,3020.03
125264,16,32768,3020.03
125280,16,32768,3020.03
125296,16,32768,3020.03
125312,16,32768,3020.03
125328,16,32768,3020.03
125344,16,32768,3020.03
125360,16,32768,3020.03
125376,16,32768,3020.03
125392,16,32768,3020.03
125408,16,32768,3020.54
125424,16,32768,3020.03
125440,16,32768,3020.03
125456,16,32768,3020.03
125472,16,32768,3020.03
125488,16,32768,3020.03
125504,16,32768,3019.9
125520,16,32768,3020.03
125536,16,32768,3020.03
125552,16,32768,3020.03
125568,16,32768,3020.03
125584,16,32768,3020.03
125600,16,32768,3020.03
125616,16,32768,3020.03
125632,16,32768,3020.03
125648,16,32768,3020.03
125664,16,32768,3020.54
125680,16,32768,3020.54
125696,16,32768,3020.03
125712,16,32768,3020.03
125728,16,32768,3020.03
125744,16,32768,3020.03
125760,16,32768,3020.54
125776,16,32768,3021.06
125792,16,32768,3020.93
125808,16,32768,3020.03
125824,16,32768,3020.42
125840,16,32768,3020.42
125856,16,32768,3020.03
125872,16,32768,3020.03
125888,16,32768,3020.03
125904,16,32768,3020.03
125920,16,32768,3020.03
125936,16,32768,3020.03
125952,16,32768,3019.9
125968,16,32768,3020.03
125984,16,32768,3020.03
126000,16,32768,3020.03
126016,16,32768,3020.54
126032,16,32768,3020.42
126048,16,32768,3020.03
126064,16,32768,3021.06
126080,16,32768,3020.03
126096,16,32768,3020.03
126112,16,32768,3020.03
126128,16,32768,3020.03
126144,16,32768,3020.03
126160,16,32768,3020.03
126176,16,32768,3020.03
126192,16,32768,3020.03
126208,16,32768,3020.03
126224,16,32768,3020.03
126240,16,32768,3020.03
126256,16,32768,3020.03
126272,16,32768,3020.03
126288,16,32768,3021.06
126304,16,32768,3020.42
126320,16,32768,3020.54
126336,16,32768,3020.03
126352,16,32768,3021.06
126368,16,32768,3020.03
126384,16,32768,3020.93
126400,16,32768,3020.42
126416,16,32768,3021.06
126432,16,32768,3020.93
126448,16,32768,3021.06
126464,16,32768,3020.8
126480,16,32768,3021.06
126496,16,32768,3021.06
126512,16,32768,3021.06
126528,16,32768,3020.93
126544,16,32768,3021.06
126560,16,32768,3021.06
126576,16,32768,3021.06
126592,16,32768,3021.06
126608,16,32768,3021.06
126624,16,32768,3021.06
126640,16,32768,3021.06
126656,16,32768,3021.06
126672,16,32768,3021.06
126688,16,32768,3021.06
126704,16,32768,3021.06
126720,16,32768,3021.06
126736,16,32768,3021.06
126752,16,32768,3020.93
126768,16,32768,3021.06
126784,16,32768,3021.06
126800,16,32768,3021.06
126816,16,32768,3021.06
126832,16,32768,3021.06
126848,16,32768,3021.06
126864,16,32768,3021.06
126880,16,32768,3021.06
126896,16,32768,3021.06
126912,16,32768,3021.06
126928,16,32768,3021.06
126944,16,32768,3021.06
126960,16,32768,3021.06
126976,16,32768,3021.06
126992,16,32768,3021.06
127008,16,32768,3021.06
127024,16,32768,3021.06
127040,16,32768,3021.06
127056,16,32768,3021.06
127072,16,32768,3021.06
127088,16,32768,3021.06
127104,16,32768,3021.06
127120,16,32768,3021.06
127136,16,32768,3021.06
127152,16,32768,3021.06
127168,16,32768,3021.06
127184,16,32768,3021.06
127200,16,32768,3021.06
127216,16,32768,3021.06
127232,16,32768,3021.06
127248,16,32768,3020.93
127264,16,32768,3021.06
127280,16,32768,3021.06
127296,16,32768,3021.06
127312,16,32768,3021.06
127328,16,32768,3021.06
127344,16,32768,3021.06
127360,16,32768,3021.06
127376,16,32768,3021.06
127392,16,32768,3021.06
127408,16,32768,3021.06
127424,16,32768,3021.06
127440,16,32768,3021.44
127456,16,32768,3021.06
127472,16,32768,3021.06
127488,16,32768,3021.06
127504,16,32768,3021.44
127520,16,32768,3021.57
127536,16,32768,3021.06
127552,16,32768,3021.06
127568,16,32768,3021.06
127584,16,32768,3021.06
127600,16,32768,3021.06
127616,16,32768,3021.06
127632,16,32768,3021.06
127648,16,32768,3021.06
127664,16,32768,3021.06
127680,16,32768,3021.06
127696,16,32768,3021.06
127712,16,32768,3021.06
127728,16,32768,3021.06
127744,16,32768,3021.06
127760,16,32768,3021.06
127776,16,32768,3021.06
127792,16,32768,3021.06
127808,16,32768,3021.06
127824,16,32768,3021.06
127840,16,32768,3021.06
127856,16,32768,3021.06
127872,16,32768,3021.06
127888,16,32768,3021.06
127904,16,32768,3021.06
127920,16,32768,3021.06
127936,16,32768,3020.93
127952,16,32768,3021.06
127968,16,32768,3021.06
127984,16,32768,3021.06
128000,16,32768,3021.06
128016,16,32768,3021.06
128032,16,32768,3021.06
128048,16,32768,3021.06
128064,16,32768,3021.06
128080,16,32768,3021.44
128096,16,32768,3021.06
128112,16,32768,3021.06
128128,16,32768,3021.06
128144,16,32768,3021.06
128160,16,32768,3021.06
128176,16,32768,3021.06
128192,16,32768,3021.06
128208,16,32768,3021.06
128224,16,32768,3021.06
128240,16,32768,3021.06
128256,16,32768,3021.06
128272,16,32768,3022.08
128288,16,32768,3021.95
128304,16,32768,3021.44
128320,16,32768,3021.82
128336,16,32768,3021.95
128352,16,32768,3021.06
128368,16,32768,3022.08
128384,16,32768,3021.06
128400,16,32768,3021.95
128416,16,32768,3021.44
128432,16,32768,3021.95
128448,16,32768,3022.08
128464,16,32768,3022.08
128480,16,32768,3021.57
128496,16,32768,3022.08
128512,16,32768,3022.08
128528,16,32768,3022.08
128544,16,32768,3022.08
128560,16,32768,3022.08
128576,16,32768,3022.08
128592,16,32768,3022.08
128608,16,32768,3022.08
128624,16,32768,3022.08
128640,16,32768,3022.08
128656,16,32768,3022.08
128672,16,32768,3022.08
128688,16,32768,3022.08
128704,16,32768,3022.08
128720,16,32768,3022.08
128736,16,32768,3021.95
128752,16,32768,3022.08
128768,16,32768,3022.08
128784,16,32768,3022.08
128800,16,32768,3022.08
128816,16,32768,3022.08
128832,16,32768,3022.08
128848,16,32768,3022.08
128864,16,32768,3021.95
128880,16,32768,3022.08
128896,16,32768,3021.95
128912,16,32768,3022.08
128928,16,32768,3021.95
128944,16,32768,3022.08
128960,16,32768,3021.95
128976,16,32768,3022.08
128992,16,32768,3022.08
129008,16,32768,3022.08
129024,16,32768,3022.08
129040,16,32768,3022.08
129056,16,32768,3022.08
129072,16,32768,3022.08
129088,16,32768,3022.08
129104,16,32768,3022.08
129120,16,32768,3022.08
129136,16,32768,3022.08
129152,16,32768,3022.08
129168,16,32768,3022.08
129184,16,32768,3022.08
129200,16,32768,3022.08
129216,16,32768,3022.08
129232,16,32768,3022.08
129248,16,32768,3021.95
129264,16,32768,3022.08
129280,16,32768,3022.08
129296,16,32768,3022.08
129312,16,32768,3022.08
129328,16,32768,3022.08
129344,16,32768,3022.08
129360,16,32768,3022.08
129376,16,32768,3021.95
129392,16,32768,3022.08
129408,16,32768,3022.08
129424,16,32768,3022.98
129440,16,32768,3022.08
129456,16,32768,3022.46
129472,16,32768,3022.08
129488,16,32768,3022.98
129504,16,32768,3022.08
129520,16,32768,3022.08
129536,16,32768,3022.08
129552,16,32768,3022.46
129568,16,32768,3022.08
129584,16,32768,3022.08
129600,16,32768,3022.98
129616,16,32768,3023.1
129632,16,32768,3023.1
129648,16,32768,3023.1
129664,16,32768,3022.98
129680,16,32768,3023.1
129696,16,32768,3022.59
129712,16,32768,3023.1
129728,16,32768,3022.46
129744,16,32768,3022.08
129760,16,32768,3022.08
129776,16,32768,3022.08
129792,16,32768,3022.08
129808,16,32768,3022.08
129824,16,32768,3022.08
129840,16,32768,3022.08
129856,16,32768,3023.1
129872,16,32768,3023.1
129888,16,32768,3023.1
129904,16,32768,3023.1
129920,16,32768,3022.98
129936,16,32768,3022.98
129952,16,32768,3022.08
129968,16,32768,3022.85
129984,16,32768,3022.08
130000,16,32768,3022.08
130016,16,32768,3022.08
130032,16,32768,3022.08
130048,16,32768,3022.08
130064,16,32768,3022.08
130080,16,32768,3022.08
130096,16,32768,3022.08
130112,16,32768,3022.08
130128,16,32768,3022.08
130144,16,32768,3021.95
130160,16,32768,3022.85
130176,16,32768,3022.08
130192,16,32768,3022.08
130208,16,32768,3022.08
130224,16,32768,3022.08
130240,16,32768,3022.08
130256,16,32768,3022.46
130272,16,32768,3022.08
130288,16,32768,3022.08
130304,16,32768,3022.46
130320,16,32768,3022.08
130336,16,32768,3022.46
130352,16,32768,3022.59
130368,16,32768,3022.08
130384,16,32768,3022.46
130400,16,32768,3022.08
130416,16,32768,3022.85
130432,16,32768,3022.46
130448,16,32768,3023.1
130464,16,32768,3022.59
130480,16,32768,3022.98
130496,16,32768,3022.46
130512,16,32768,3023.1
130528,16,32768,3023.1
130544,16,32768,3022.98
130560,16,32768,3022.85
130576,16,32768,3023.1
130592,16,32768,3022.85
130608,16,32768,3023.1
130624,16,32768,3023.1
130640,16,32768,3023.1
130656,16,32768,3023.1
130672,16,32768,3023.1
130688,16,32768,3023.1
130704,16,32768,3023.1
130720,16,32768,3023.1
130736,16,32768,3023.1
130752,16,32768,3022.98
130768,16,32768,3023.1
130784,16,32768,3022.98
130800,16,32768,3023.1
130816,16,32768,3023.1
130832,16,32768,3023.1
130848,16,32768,3023.1
130864,16,32768,3023.1
130880,16,32768,3023.1
130896,16,32768,3023.1
130912,16,32768,3023.1
130928,16,32768,3022.98
130944,16,32768,3023.1
130960,16,32768,3022.98
130976,16,32768,3023.1
130992,16,32768,3022.98
131008,16,32768,3023.1
131024,16,32768,3022.98
131040,16,32768,3023.1
131056,16,32768,3023.1
131072,16,32768,3023.1
131088,16,32768,3024.51
131104,16,32768,3024
131120,16,32768,3024.51
131136,16,32768,3023.87
131152,16,32768,3025.92
131168,16,32768,3025.92
131184,16,32768,3025.92
131200,16,32768,3026.05
131216,16,32768,3027.97
131232,16,32768,3028.1
131248,16,32768,3027.97
131264,16,32768,3027.97
131280,16,32768,3028.99
131296,16,32768,3028.99
131312,16,32768,3028.99
131328,16,32768,3028.99
131344,16,32768,3030.91
131360,16,32768,3031.04
131376,16,32768,3031.04
131392,16,32768,3031.04
131408,16,32768,3032.06
131424,16,32768,3032.06
131440,16,32768,3032.06
131456,16,32768,3032.06
131472,16,32768,3033.98
131488,16,32768,3034.11
131504,16,32768,3034.11
131520,16,32768,3034.11
131536,16,32768,3034.88
131552,16,32768,3035.39
131568,16,32768,3035.14
131584,16,32768,3035.14
131600,16,32768,3036.93
131616,16,32768,3037.06
131632,16,32768,3036.93
131648,16,32768,3037.06
131664,16,32768,3038.98
131680,16,32768,3038.98
131696,16,32768,3038.98
131712,16,32768,3038.98
131728,16,32768,3040
131744,16,32768,3040
131760,16,32768,3040
131776,16,32768,3040
131792,16,32768,3042.05
131808,16,32768,3042.05
131824,16,32768,3042.05
131840,16,32768,3042.05
131856,16,32768,3044.1
131872,16,32768,3043.46
131888,16,32768,3043.97
131904,16,32768,3043.07
131920,16,32768,3044.99
131936,16,32768,3044.99
131952,16,32768,3045.12
131968,16,32768,3045.12
131984,16,32768,3046.91
132000,16,32768,3046.91
132016,16,32768,3046.91
132032,16,32768,3047.04
132048,16,32768,3048.06
132064,16,32768,3047.94
132080,16,32768,3047.94
132096,16,32768,3047.94
132112,16,32768,3049.98
132128,16,32768,3049.98
132144,16,32768,3049.98
132160,16,32768,3049.98
132176,16,32768,3051.01
132192,16,32768,3051.01
132208,16,32768,3051.01
132224,16,32768,3051.01
132240,16,32768,3053.06
132256,16,32768,3053.06
132272,16,32768,3053.06
132288,16,32768,3053.06
132304,16,32768,3055.1
132320,16,32768,3055.1
132336,16,32768,3055.1
132352,16,32768,3055.1
132368,16,32768,3056.51
132384,16,32768,3056
132400,16,32768,3056.13
132416,16,32768,3056.13
132432,16,32768,3058.18
132448,16,32768,3057.92
132464,16,32768,3057.92
132480,16,32768,3057.92
132496,16,32768,3059.97
132512,16,32768,3059.46
132528,16,32768,3058.94
132544,16,32768,3059.07
132560,16,32768,3060.99
132576,16,32768,3060.99
132592,16,32768,3060.99
132608,16,32768,3060.99
132624,16,32768,3062.4
132640,16,32768,3062.02
132656,16,32768,3062.02
132672,16,32768,3062.02
132688,16,32768,3064.06
132704,16,32768,3064.06
132720,16,32768,3064.06
132736,16,32768,3064.06
132752,16,32768,3065.98
132768,16,32768,3066.11
132784,16,32768,3066.11
132800,16,32768,3066.11
132816,16,32768,3066.88
132832,16,32768,3067.14
132848,16,32768,3067.14
132864,16,32768,3067.01
132880,16,32768,3069.06
132896,16,32768,3068.93
132912,16,32768,3069.18
132928,16,32768,3069.06
132944,16,32768,3069.95
132960,16,32768,3070.08
132976,16,32768,3070.08
132992,16,32768,3070.08
133008,16,32768,3072
133024,16,32768,3072
133040,16,32768,3072
133056,16,32768,3072
133072,16,32768,3073.02
133088,16,32768,3073.02
133104,16,32768,3074.05
133120,16,32768,3073.02
133136,16,32768,3075.07
133152,16,32768,3075.07
133168,16,32768,3075.07
133184,16,32768,3075.07
133200,16,32768,3077.12
133216,16,32768,3075.97
133232,16,32768,3075.97
133248,16,32768,3076.1
133264,16,32768,3078.14
133280,16,32768,3078.14
133296,16,32768,3078.02
133312,16,32768,3078.14
133328,16,32768,3079.94
133344,16,32768,3079.55
133360,16,32768,3079.94
133376,16,32768,3079.17
133392,16,32768,3080.96
133408,16,32768,3080.96
133424,16,32768,3080.96
133440,16,32768,3080.96
133456,16,32768,3081.98
133472,16,32768,3082.5
133488,16,32768,3082.11
133504,16,32768,3082.24
133520,16,32768,3084.03
133536,16,32768,3084.03
133552,16,32768,3084.03
133568,16,32768,3084.03
133584,16,32768,3085.06
133600,16,32768,3085.06
133616,16,32768,3085.06
133632,16,32768,3085.57
133648,16,32768,3087.1
133664,16,32768,3087.1
133680,16,32768,3087.1
133696,16,32768,3086.46
133712,16,32768,3088.13
133728,16,32768,3088
133744,16,32768,3088.13
133760,16,32768,3088
133776,16,32768,3089.92
133792,16,32768,3089.92
133808,16,32768,3090.18
133824,16,32768,3090.18
133840,16,32768,3091.07
133856,16,32768,3090.94
133872,16,32768,3091.07
133888,16,32768,3090.94
133904,16,32768,3092.99
133920,16,32768,3092.99
133936,16,32768,3092.99
133952,16,32768,3092.99
133968,16,32768,3094.02
133984,16,32768,3094.02
134000,16,32768,3094.02
134016,16,32768,3094.02
134032,16,32768,3096.06
134048,16,32768,3096.06
134064,16,32768,3096.06
134080,16,32768,3096.06
134096,16,32768,3097.09
134112,16,32768,3097.6
134128,16,32768,3097.86
134144,16,32768,3097.98
134160,16,32768,3098.88
134176,16,32768,3099.14
134192,16,32768,3099.01
134208,16,32768,3099.01
134224,16,32768,3100.42
134240,16,32768,3100.16
134256,16,32768,3099.9
134272,16,32768,3100.03
134288,16,32768,3102.59
134304,16,32768,3101.95
134320,16,32768,3102.08
134336,16,32768,3101.95
134352,16,32768,3104
134368,16,32768,3104
134384,16,32768,3104
134400,16,32768,3104
134416,16,32768,3105.02
134432,16,32768,3105.02
134448,16,32768,3105.41
134464,16,32768,3105.41
134480,16,32768,3107.07
134496,16,32768,3107.07
134512,16,32768,3107.07
134528,16,32768,3107.07
134544,16,32768,3107.97
134560,16,32768,3108.48
134576,16,32768,3108.99
134592,16,32768,3108.1
134608,16,32768,3110.02
134624,16,32768,3109.89
134640,16,32768,3110.02
134656,16,32768,3110.02
134672,16,32768,3111.17
134688,16,32768,3111.17
134704,16,32768,3110.91
134720,16,32768,3111.17
134736,16,32768,3112.96
134752,16,32768,3112.96
134768,16,32768,3112.96
134784,16,32768,3112.96
134800,16,32768,3114.11
134816,16,32768,3114.11
134832,16,32768,3113.98
134848,16,32768,3113.98
134864,16,32768,3116.03
134880,16,32768,3116.03
134896,16,32768,3116.03
134912,16,32768,3116.03
134928,16,32768,3117.57
134944,16,32768,3117.06
134960,16,32768,3117.95
134976,16,32768,3117.44
134992,16,32768,3119.1
135008,16,32768,3119.1
135024,16,32768,3119.49
135040,16,32768,3119.1
135056,16,32768,3120.9
135072,16,32768,3120.51
135088,16,32768,3120.9
135104,16,32768,3120.51
135120,16,32768,3122.18
135136,16,32768,3122.05
135152,16,32768,3122.05
135168,16,32768,3121.92
135184,16,32768,3123.97
135200,16,32768,3123.97
135216,16,32768,3123.97
135232,16,32768,3123.07
135248,16,32768,3124.99
135264,16,32768,3124.99
135280,16,32768,3125.12
135296,16,32768,3124.99
135312,16,32768,3127.04
135328,16,32768,3126.53
135344,16,32768,3126.4
135360,16,32768,3126.4
135376,16,32768,3128.06
135392,16,32768,3128.06
135408,16,32768,3128.06
135424,16,32768,3128.06
135440,16,32768,3129.09
135456,16,32768,3129.09
135472,16,32768,3128.96
135488,16,32768,3129.09
135504,16,32768,3131.14
135520,16,32768,3131.01
135536,16,32768,3131.14
135552,16,32768,3131.01
135568,16,32768,3131.9
135584,16,32768,3131.9
135600,16,32768,3131.9
135616,16,32768,3132.16
135632,16,32768,3133.95
135648,16,32768,3133.06
135664,16,32768,3133.95
135680,16,32768,3133.06
135696,16,32768,3134.98
135712,16,32768,3134.98
135728,16,32768,3134.98
135744,16,32768,3134.98
135760,16,32768,3136
135776,16,32768,3136
135792,16,32768,3136
135808,16,32768,3136
135824,16,32768,3138.05
135840,16,32768,3138.05
135856,16,32768,3138.05
135872,16,32768,3138.05
135888,16,32768,3139.07
135904,16,32768,3139.07
135920,16,32768,3139.46
135936,16,32768,3139.07
135952,16,32768,3141.12
135968,16,32768,3140.99
135984,16,32768,3140.99
136000,16,32768,3140.99
136016,16,32768,3142.02
136032,16,32768,3142.4
136048,16,32768,3141.89
136064,16,32768,3142.14
136080,16,32768,3144.19
136096,16,32768,3143.55
136112,16,32768,3144.06
136128,16,32768,3143.04
136144,16,32768,3144.96
136160,16,32768,3144.96
136176,16,32768,3144.96
136192,16,32768,3144.96
136208,16,32768,3145.98
136224,16,32768,3145.98
136240,16,32768,3145.98
136256,16,32768,3145.98
136272,16,32768,3148.03
136288,16,32768,3147.78
136304,16,32768,3148.03
136320,16,32768,3148.03
136336,16,32768,3149.06
136352,16,32768,3149.06
136368,16,32768,3149.06
136384,16,32768,3149.06
136400,16,32768,3151.1
136416,16,32768,3150.98
136432,16,32768,3151.1
136448,16,32768,3151.1
136464,16,32768,3152.13
136480,16,32768,3152
136496,16,32768,3152
136512,16,32768,3152
136528,16,32768,3153.92
136544,16,32768,3153.92
136560,16,32768,3154.18
136576,16,32768,3154.18
136592,16,32768,3155.07
136608,16,32768,3154.94
136624,16,32768,3155.07
136640,16,32768,3154.94
136656,16,32768,3156.48
136672,16,32768,3155.97
136688,16,32768,3156.99
136704,16,32768,3155.97
136720,16,32768,3158.02
136736,16,32768,3158.02
136752,16,32768,3158.02
136768,16,32768,3158.02
136784,16,32768,3160.06
136800,16,32768,3160.06
136816,16,32768,3160.06
136832,16,32768,3160.06
136848,16,32768,3161.09
136864,16,32768,3161.09
136880,16,32768,3161.09
136896,16,32768,3161.09
136912,16,32768,3163.01
136928,16,32768,3163.01
136944,16,32768,3163.01
136960,16,32768,3163.01
136976,16,32768,3163.9
136992,16,32768,3163.9
137008,16,32768,3164.54
137024,16,32768,3164.16
137040,16,32768,3165.95
137056,16,32768,3165.95
137072,16,32768,3166.08
137088,16,32768,3165.95
137104,16,32768,3168
137120,16,32768,3167.1
137136,16,32768,3166.98
137152,16,32768,3166.98
137168,16,32768,3169.02
137184,16,32768,3169.02
137200,16,32768,3169.02
137216,16,32768,3169.02
137232,16,32768,3170.43
137248,16,32768,3170.05
137264,16,32768,3170.05
137280,16,32768,3170.05
137296,16,32768,3172.1
137312,16,32768,3172.1
137328,16,32768,3172.1
137344,16,32768,3171.84
137360,16,32768,3173.5
137376,16,32768,3173.12
137392,16,32768,3173.12
137408,16,32768,3172.99
137424,16,32768,3174.91
137440,16,32768,3174.53
137456,16,32768,3174.91
137472,16,32768,3174.14
137488,16,32768,3176.06
137504,16,32768,3175.94
137520,16,32768,3176.06
137536,16,32768,3176.06
137552,16,32768,3177.09
137568,16,32768,3177.98
137584,16,32768,3176.96
137600,16,32768,3176.96
137616,16,32768,3179.01
137632,16,32768,3178.62
137648,16,32768,3179.01
137664,16,32768,3177.98
137680,16,32768,3180.03
137696,16,32768,3180.03
137712,16,32768,3180.03
137728,16,32768,3180.03
137744,16,32768,3181.06
137760,16,32768,3181.06
137776,16,32768,3181.06
137792,16,32768,3181.06
137808,16,32768,3182.98
137824,16,32768,3182.98
137840,16,32768,3183.1
137856,16,32768,3182.98
137872,16,32768,3184.13
137888,16,32768,3184.51
137904,16,32768,3184.13
137920,16,32768,3184
137936,16,32768,3186.05
137952,16,32768,3186.18
137968,16,32768,3185.92
137984,16,32768,3186.18
138000,16,32768,3186.94
138016,16,32768,3186.94
138032,16,32768,3186.94
138048,16,32768,3186.94
138064,16,32768,3188.48
138080,16,32768,3187.97
138096,16,32768,3188.22
138112,16,32768,3187.97
138128,16,32768,3190.02
138144,16,32768,3190.02
138160,16,32768,3190.02
138176,16,32768,3190.02
138192,16,32768,3191.04
138208,16,32768,3191.04
138224,16,32768,3191.04
138240,16,32768,3191.04
138256,16,32768,3192.58
138272,16,32768,3192.06
138288,16,32768,3192.06
138304,16,32768,3192.83
138320,16,32768,3195.01
138336,16,32768,3194.11
138352,16,32768,3194.11
138368,16,32768,3194.11
138384,16,32768,3194.88
138400,16,32768,3195.14
138416,16,32768,3195.14
138432,16,32768,3194.88
138448,16,32768,3197.06
138464,16,32768,3196.93
138480,16,32768,3197.18
138496,16,32768,3196.93
138512,16,32768,3197.95
138528,16,32768,3197.95
138544,16,32768,3197.95
138560,16,32768,3197.95
138576,16,32768,3200
138592,16,32768,3200
138608,16,32768,3200
138624,16,32768,3199.49
138640,16,32768,3201.02
138656,16,32768,3201.02
138672,16,32768,3201.02
138688,16,32768,3201.02
138704,16,32768,3202.05
138720,16,32768,3202.05
138736,16,32768,3202.05
138752,16,32768,3202.05
138768,16,32768,3203.97
138784,16,32768,3204.1
138800,16,32768,3203.97
138816,16,32768,3203.97
138832,16,32768,3204.86
138848,16,32768,3205.5
138864,16,32768,3205.12
138880,16,32768,3204.99
138896,16,32768,3206.91
138912,16,32768,3206.66
138928,16,32768,3205.89
138944,16,32768,3206.14
138960,16,32768,3208.19
138976,16,32768,3208.06
138992,16,32768,3208.06
139008,16,32768,3208.06
139024,16,32768,3209.09
139040,16,32768,3208.96
139056,16,32768,3208.96
139072,16,32768,3208.96
139088,16,32768,3211.01
139104,16,32768,3211.01
139120,16,32768,3211.01
139136,16,32768,3211.01
139152,16,32768,3212.03
139168,16,32768,3212.03
139184,16,32768,3212.03
139200,16,32768,3212.03
139216,16,32768,3213.06
139232,16,32768,3213.06
139248,16,32768,3213.06
139264,16,32768,3213.06
139280,16,32768,3213.06
139296,16,32768,3213.06
139312,16,32768,3213.06
139328,16,32768,3213.06
139344,16,32768,3213.06
139360,16,32768,3213.06
139376,16,32768,3213.06
139392,16,32768,3213.06
139408,16,32768,3213.06
139424,16,32768,3213.06
139440,16,32768,3213.44
139456,16,32768,3213.06
139472,16,32768,3213.06
139488,16,32768,3213.06
139504,16,32768,3213.06
139520,16,32768,3213.06
139536,16,32768,3213.06
139552,16,32768,3213.06
139568,16,32768,3213.06
139584,16,32768,3213.06
139600,16,32768,3213.06
139616,16,32768,3213.06
139632,16,32768,3213.06
139648,16,32768,3213.06
139664,16,32768,3213.44
139680,16,32768,3213.06
139696,16,32768,3213.06
139712,16,32768,3213.44
139728,16,32768,3213.06
139744,16,32768,3213.44
139760,16,32768,3213.06
139776,16,32768,3213.06
139792,16,32768,3213.06
139808,16,32768,3213.06
139824,16,32768,3213.06
139840,16,32768,3213.06
139856,16,32768,3213.57
139872,16,32768,3213.06
139888,16,32768,3212.93
139904,16,32768,3213.44
139920,16,32768,3213.06
139936,16,32768,3213.06
139952,16,32768,3213.06
139968,16,32768,3213.06
139984,16,32768,3213.06
140000,16,32768,3213.06
140016,16,32768,3213.06
140032,16,32768,3213.06
140048,16,32768,3213.57
140064,16,32768,3213.44
140080,16,32768,3213.06
140096,16,32768,3213.06
140112,16,32768,3213.06
140128,16,32768,3213.06
140144,16,32768,3213.06
140160,16,32768,3213.82
140176,16,32768,3213.57
140192,16,32768,3213.06
140208,16,32768,3213.44
140224,16,32768,3213.06
140240,16,32768,3213.06
140256,16,32768,3213.95
140272,16,32768,3213.95
140288,16,32768,3213.57
140304,16,32768,3213.95
140320,16,32768,3213.06
140336,16,32768,3213.06
140352,16,32768,3213.06
140368,16,32768,3213.95
140384,16,32768,3213.57
140400,16,32768,3213.06
140416,16,32768,3213.44
140432,16,32768,3213.06
140448,16,32768,3213.06
140464,16,32768,3213.06
140480,16,32768,3213.06
140496,16,32768,3213.06
140512,16,32768,3213.06
140528,16,32768,3214.08
140544,16,32768,3213.06
140560,16,32768,3213.06
140576,16,32768,3213.06
140592,16,32768,3213.06
140608,16,32768,3213.06
140624,16,32768,3213.06
140640,16,32768,3213.06
140656,16,32768,3213.44
140672,16,32768,3213.44
140688,16,32768,3213.44
140704,16,32768,3213.06
140720,16,32768,3213.06
140736,16,32768,3213.44
140752,16,32768,3213.06
140768,16,32768,3213.06
140784,16,32768,3213.06
140800,16,32768,3213.57
140816,16,32768,3213.95
140832,16,32768,3213.06
140848,16,32768,3213.44
140864,16,32768,3213.06
140880,16,32768,3213.06
140896,16,32768,3214.08
140912,16,32768,3213.57
140928,16,32768,3213.06
140944,16,32768,3214.08
140960,16,32768,3213.44
140976,16,32768,3213.06
140992,16,32768,3213.06
141008,16,32768,3213.57
141024,16,32768,3213.06
141040,16,32768,3213.06
141056,16,32768,3213.06
141072,16,32768,3213.95
141088,16,32768,3213.06
141104,16,32768,3213.06
141120,16,32768,3213.57
141136,16,32768,3213.06
141152,16,32768,3213.06
141168,16,32768,3213.57
141184,16,32768,3213.06
141200,16,32768,3213.06
141216,16,32768,3213.06
141232,16,32768,3213.06
141248,16,32768,3213.06
141264,16,32768,3213.44
141280,16,32768,3213.57
141296,16,32768,3213.06
141312,16,32768,3213.57
141328,16,32768,3213.44
141344,16,32768,3213.82
141360,16,32768,3213.06
141376,16,32768,3213.06
141392,16,32768,3213.06
141408,16,32768,3213.06
141424,16,32768,3213.06
141440,16,32768,3213.06
141456,16,32768,3213.06
141472,16,32768,3213.06
141488,16,32768,3213.06
141504,16,32768,3213.06
141520,16,32768,3213.57
141536,16,32768,3213.06
141552,16,32768,3213.44
141568,16,32768,3213.06
141584,16,32768,3213.44
141600,16,32768,3213.06
141616,16,32768,3213.06
141632,16,32768,3213.06
141648,16,32768,3213.06
141664,16,32768,3213.06
141680,16,32768,3213.06
141696,16,32768,3213.06
141712,16,32768,3213.06
141728,16,32768,3214.08
141744,16,32768,3213.57
141760,16,32768,3213.06
141776,16,32768,3213.06
141792,16,32768,3213.44
141808,16,32768,3213.06
141824,16,32768,3213.06
141840,16,32768,3213.06
141856,16,32768,3214.08
141872,16,32768,3213.06
141888,16,32768,3213.06
141904,16,32768,3213.95
141920,16,32768,3213.06
141936,16,32768,3213.06
141952,16,32768,3213.06
141968,16,32768,3214.08
141984,16,32768,3213.06
142000,16,32768,3213.06
142016,16,32768,3213.06
142032,16,32768,3213.06
142048,16,32768,3213.06
142064,16,32768,3213.44
142080,16,32768,3213.06
142096,16,32768,3213.06
142112,16,32768,3213.06
142128,16,32768,3213.06
142144,16,32768,3213.06
142160,16,32768,3213.06
142176,16,32768,3213.06
142192,16,32768,3213.06
142208,16,32768,3213.06
142224,16,32768,3213.06
142240,16,32768,3213.06
142256,16,32768,3213.06
142272,16,32768,3213.44
142288,16,32768,3213.06
142304,16,32768,3213.95
142320,16,32768,3213.06
142336,16,32768,3213.95
142352,16,32768,3213.06
142368,16,32768,3213.44
142384,16,32768,3213.06
142400,16,32768,3213.06
142416,16,32768,3213.57
142432,16,32768,3213.57
142448,16,32768,3213.06
142464,16,32768,3213.06
142480,16,32768,3213.44
142496,16,32768,3213.06
142512,16,32768,3213.57
142528,16,32768,3213.06
142544,16,32768,3213.95
142560,16,32768,3213.06
142576,16,32768,3213.06
142592,16,32768,3213.06
142608,16,32768,3213.06
142624,16,32768,3213.06
142640,16,32768,3213.06
142656,16,32768,3213.06
142672,16,32768,3213.44
142688,16,32768,3213.57
142704,16,32768,3213.44
142720,16,32768,3213.06
142736,16,32768,3213.06
142752,16,32768,3213.06
142768,16,32768,3213.06
142784,16,32768,3213.44
142800,16,32768,3213.06
142816,16,32768,3213.06
142832,16,32768,3213.06
142848,16,32768,3213.06
142864,16,32768,3213.06
142880,16,32768,3213.06
142896,16,32768,3213.06
142912,16,32768,3213.06
142928,16,32768,3213.06
142944,16,32768,3213.06
142960,16,32768,3213.06
142976,16,32768,3213.06
142992,16,32768,3213.06
143008,16,32768,3213.06
143024,16,32768,3213.06
143040,16,32768,3213.06
143056,16,32768,3213.06
143072,16,32768,3213.06
143088,16,32768,3213.06
143104,16,32768,3213.06
143120,16,32768,3213.44
143136,16,32768,3213.06
143152,16,32768,3213.06
143168,16,32768,3213.06
143184,16,32768,3213.06
143200,16,32768,3213.06
143216,16,32768,3213.06
143232,16,32768,3213.06
143248,16,32768,3213.44
143264,16,32768,3213.06
143280,16,32768,3212.93
143296,16,32768,3213.06
143312,16,32768,3214.08
143328,16,32768,3213.82
143344,16,32768,3213.06
143360,16,32768,3213.06
143376,16,32768,3213.57
143392,16,32768,3213.06
143408,16,32768,3213.06
143424,16,32768,3213.06
143440,16,32768,3213.06
143456,16,32768,3213.06
143472,16,32768,3213.44
143488,16,32768,3213.06
143504,16,32768,3213.06
143520,16,32768,3213.06
143536,16,32768,3213.06
143552,16,32768,3213.06
143568,16,32768,3213.06
143584,16,32768,3213.06
143600,16,32768,3213.06
143616,16,32768,3213.06
143632,16,32768,3213.57
143648,16,32768,3213.06
143664,16,32768,3213.06
143680,16,32768,3213.06
143696,16,32768,3213.06
143712,16,32768,3213.06
143728,16,32768,3213.06
143744,16,32768,3213.06
143760,16,32768,3213.44
143776,16,32768,3213.06
143792,16,32768,3213.06
143808,16,32768,3213.06
143824,16,32768,3213.06
143840,16,32768,3213.06
143856,16,32768,3213.06
143872,16,32768,3213.06
143888,16,32768,3213.06
143904,16,32768,3213.06
143920,16,32768,3213.06
143936,16,32768,3213.06
143952,16,32768,3213.57
143968,16,32768,3213.06
143984,16,32768,3213.06
144000,16,32768,3213.06
144016,16,32768,3213.06
144032,16,32768,3213.06
144048,16,32768,3213.06
144064,16,32768,3213.06
144080,16,32768,3213.06
144096,16,32768,3213.06
144112,16,32768,3213.06
144128,16,32768,3213.06
144144,16,32768,3213.06
144160,16,32768,3213.06
144176,16,32768,3213.06
144192,16,32768,3213.06
144208,16,32768,3213.06
144224,16,32768,3213.06
144240,16,32768,3213.06
144256,16,32768,3213.06
144272,16,32768,3213.06
144288,16,32768,3213.06
144304,16,32768,3213.44
144320,16,32768,3212.93
144336,16,32768,3213.06
144352,16,32768,3213.06
144368,16,32768,3213.06
144384,16,32768,3213.06
144400,16,32768,3213.06
144416,16,32768,3213.06
144432,16,32768,3213.06
144448,16,32768,3213.06
144464,16,32768,3213.06
144480,16,32768,3213.06
144496,16,32768,3213.06
144512,16,32768,3213.06
144528,16,32768,3213.06
144544,16,32768,3213.06
144560,16,32768,3213.06
144576,16,32768,3213.06
144592,16,32768,3213.06
144608,16,32768,3213.06
144624,16,32768,3213.06
144640,16,32768,3213.06
144656,16,32768,3213.06
144672,16,32768,3213.06
144688,16,32768,3213.06
144704,16,32768,3213.06
144720,16,32768,3213.06
144736,16,32768,3213.06
144752,16,32768,3213.06
144768,16,32768,3213.57
144784,16,32768,3213.44
144800,16,32768,3213.06
144816,16,32768,3213.06
144832,16,32768,3213.57
144848,16,32768,3213.06
144864,16,32768,3213.06
144880,16,32768,3213.06
144896,16,32768,3213.06
144912,16,32768,3213.95
144928,16,32768,3213.06
144944,16,32768,3213.06
144960,16,32768,3213.06
144976,16,32768,3213.06
144992,16,32768,3213.06
145008,16,32768,3213.06
145024,16,32768,3213.06
145040,16,32768,3213.06
145056,16,32768,3213.57
145072,16,32768,3213.06
145088,16,32768,3213.06
145104,16,32768,3213.06
145120,16,32768,3213.06
145136,16,32768,3213.06
145152,16,32768,3213.06
145168,16,32768,3213.06
145184,16,32768,3213.06
145200,16,32768,3213.06
145216,16,32768,3213.06
145232,16,32768,3213.57
145248,16,32768,3213.95
145264,16,32768,3213.06
145280,16,32768,3213.06
145296,16,32768,3213.06
145312,16,32768,3213.06
145328,16,32768,3213.06
145344,16,32768,3213.06
145360,16,32768,3213.06
145376,16,32768,3213.06
145392,16,32768,3213.06
145408,16,32768,3213.06
145424,16,32768,3213.06
145440,16,32768,3213.06
145456,16,32768,3213.06
145472,16,32768,3213.06
145488,16,32768,3213.06
145504,16,32768,3213.06
145520,16,32768,3213.06
145536,16,32768,3213.06
145552,16,32768,3213.06
145568,16,32768,3213.06
145584,16,32768,3213.06
145600,16,32768,3213.06
145616,16,32768,3213.44
145632,16,32768,3213.06
145648,16,32768,3213.06
145664,16,32768,3213.06
145680,16,32768,3213.44
145696,16,32768,3213.06
145712,16,32768,3213.06
145728,16,32768,3213.06
145744,16,32768,3213.95
145760,16,32768,3213.44
145776,16,32768,3213.06
145792,16,32768,3213.57
145808,16,32768,3213.06
145824,16,32768,3213.06
145840,16,32768,3213.06
145856,16,32768,3213.06
145872,16,32768,3213.06
145888,16,32768,3213.06
145904,16,32768,3213.06
145920,16,32768,3213.06
145936,16,32768,3213.06
145952,16,32768,3213.57
145968,16,32768,3213.57
145984,16,32768,3213.95
146000,16,32768,3213.95
146016,16,32768,3213.06
146032,16,32768,3213.06
146048,16,32768,3213.95
146064,16,32768,3213.06
146080,16,32768,3213.06
146096,16,32768,3213.06
146112,16,32768,3213.06
146128,16,32768,3213.06
146144,16,32768,3213.06
146160,16,32768,3213.06
146176,16,32768,3213.06
146192,16,32768,3213.06
146208,16,32768,3213.06
146224,16,32768,3213.06
146240,16,32768,3213.57
146256,16,32768,3213.06
146272,16,32768,3213.06
146288,16,32768,3213.06
146304,16,32768,3213.06
146320,16,32768,3213.06
146336,16,32768,3212.93
146352,16,32768,3213.57
146368,16,32768,3213.06
146384,16,32768,3213.06
146400,16,32768,3213.06
146416,16,32768,3213.06
146432,16,32768,3213.06
146448,16,32768,3213.57
146464,16,32768,3213.44
146480,16,32768,3213.06
146496,16,32768,3213.06
146512,16,32768,3213.06
146528,16,32768,3213.06
146544,16,32768,3213.06
146560,16,32768,3212.93
146576,16,32768,3213.44
146592,16,32768,3213.06
146608,16,32768,3213.06
146624,16,32768,3213.06
146640,16,32768,3213.44
146656,16,32768,3213.06
146672,16,32768,3213.06
146688,16,32768,3213.06
146704,16,32768,3213.06
146720,16,32768,3213.06
146736,16,32768,3213.06
146752,16,32768,3213.06
146768,16,32768,3213.57
146784,16,32768,3213.06
146800,16,32768,3213.06
146816,16,32768,3213.06
146832,16,32768,3214.08
146848,16,32768,3213.06
146864,16,32768,3213.06
146880,16,32768,3213.06
146896,16,32768,3213.44
146912,16,32768,3213.44
146928,16,32768,3213.06
146944,16,32768,3213.06
146960,16,32768,3213.44
146976,16,32768,3213.06
146992,16,32768,3213.06
147008,16,32768,3213.44
147024,16,32768,3213.06
147040,16,32768,3213.57
147056,16,32768,3213.06
147072,16,32768,3213.06
147088,16,32768,3213.44
147104,16,32768,3213.06
147120,16,32768,3213.06
147136,16,32768,3212.93
147152,16,32768,3213.06
147168,16,32768,3213.06
147184,16,32768,3213.06
147200,16,32768,3213.44
147216,16,32768,3213.06
147232,16,32768,3213.06
147248,16,32768,3213.06
147264,16,32768,3213.06
147280,16,32768,3213.57
147296,16,32768,3213.06
147312,16,32768,3213.57
147328,16,32768,3213.06
147344,16,32768,3213.06
147360,16,32768,3213.06
147376,16,32768,3213.57
147392,16,32768,3213.06
147408,16,32768,3213.06
147424,16,32768,3213.06
147440,16,32768,3213.57
147456,16,32768,3213.06
147472,16,32768,3213.06
147488,16,32768,3213.06
147504,16,32768,3213.06
147520,16,32768,3213.06
147536,16,32768,3213.06
147552,16,32768,3213.06
147568,16,32768,3213.06
147584,16,32768,3213.06
147600,16,32768,3213.44
147616,16,32768,3213.06
147632,16,32768,3213.06
147648,16,32768,3213.06
147664,16,32768,3213.06
147680,16,32768,3213.06
147696,16,32768,3213.06
147712,16,32768,3213.06
147728,16,32768,3213.44
147744,16,32768,3213.57
147760,16,32768,3213.95
147776,16,32768,3213.06
147792,16,32768,3213.06
147808,16,32768,3213.06
147824,16,32768,3213.06
147840,16,32768,3213.06
147856,16,32768,3213.06
147872,16,32768,3212.93
147888,16,32768,3213.06
147904,16,32768,3213.06
147920,16,32768,3213.06
147936,16,32768,3213.44
147952,16,32768,3213.06
147968,16,32768,3213.06
147984,16,32768,3213.44
148000,16,32768,3213.06
148016,16,32768,3213.06
148032,16,32768,3213.06
148048,16,32768,3213.44
148064,16,32768,3213.06
148080,16,32768,3213.44
148096,16,32768,3213.06
148112,16,32768,3214.08
148128,16,32768,3213.44
148144,16,32768,3212.93
148160,16,32768,3213.06
148176,16,32768,3213.57
148192,16,32768,3213.06
148208,16,32768,3213.82
148224,16,32768,3213.06
148240,16,32768,3213.06
148256,16,32768,3213.82
148272,16,32768,3213.06
148288,16,32768,3213.06
148304,16,32768,3213.44
148320,16,32768,3213.57
148336,16,32768,3213.06
148352,16,32768,3213.06
148368,16,32768,3213.44
148384,16,32768,3213.06
148400,16,32768,3213.06
148416,16,32768,3213.06
148432,16,32768,3213.06
148448,16,32768,3213.06
148464,16,32768,3213.44
148480,16,32768,3213.06
148496,16,32768,3213.06
148512,16,32768,3213.06
148528,16,32768,3213.06
148544,16,32768,3213.06
148560,16,32768,3213.06
148576,16,32768,3213.06
148592,16,32768,3213.06
148608,16,32768,3213.06
148624,16,32768,3213.44
148640,16,32768,3213.06
148656,16,32768,3213.06
148672,16,32768,3213.06
148688,16,32768,3213.06
148704,16,32768,3213.06
148720,16,32768,3213.06
148736,16,32768,3214.08
148752,16,32768,3213.95
148768,16,32768,3213.44
148784,16,32768,3213.06
148800,16,32768,3213.06
148816,16,32768,3213.06
148832,16,32768,3213.06
148848,16,32768,3213.06
148864,16,32768,3213.06
148880,16,32768,3213.95
148896,16,32768,3213.06
148912,16,32768,3214.08
148928,16,32768,3213.06
148944,16,32768,3213.06
148960,16,32768,3213.06
148976,16,32768,3213.06
148992,16,32768,3213.06
149008,16,32768,3213.06
149024,16,32768,3213.06
149040,16,32768,3213.06
149056,16,32768,3213.06
149072,16,32768,3213.06
149088,16,32768,3213.06
149104,16,32768,3213.06
149120,16,32768,3213.06
149136,16,32768,3213.06
149152,16,32768,3213.06
149168,16,32768,3213.06
149184,16,32768,3213.06
149200,16,32768,3213.06
149216,16,32768,3213.06
149232,16,32768,3213.06
149248,16,32768,3213.06
149264,16,32768,3213.06
149280,16,32768,3213.06
149296,16,32768,3213.06
149312,16,32768,3213.06
149328,16,32768,3213.06
149344,16,32768,3213.06
149360,16,32768,3213.06
149376,16,32768,3214.08
149392,16,32768,3213.82
149408,16,32768,3213.06
149424,16,32768,3213.06
149440,16,32768,3213.06
149456,16,32768,3213.95
149472,16,32768,3213.06
149488,16,32768,3213.06
149504,16,32768,3213.06
149520,16,32768,3213.57
149536,16,32768,3213.44
149552,16,32768,3213.06
149568,16,32768,3213.06
149584,16,32768,3213.57
149600,16,32768,3213.06
149616,16,32768,3213.06
149632,16,32768,3213.44
149648,16,32768,3213.57
149664,16,32768,3213.06
149680,16,32768,3213.06
149696,16,32768,3213.06
149712,16,32768,3213.06
149728,16,32768,3213.06
149744,16,32768,3213.06
149760,16,32768,3213.06
149776,16,32768,3213.06
149792,16,32768,3213.06
149808,16,32768,3213.06
149824,16,32768,3213.06
149840,16,32768,3213.95
149856,16,32768,3213.06
149872,16,32768,3214.08
149888,16,32768,3213.44
149904,16,32768,3213.06
149920,16,32768,3213.57
149936,16,32768,3213.06
149952,16,32768,3213.06
149968,16,32768,3213.06
149984,16,32768,3213.06
150000,16,32768,3213.06
150016,16,32768,3213.06
150032,16,32768,3213.06
150048,16,32768,3213.06
150064,16,32768,3213.57
150080,16,32768,3213.06
150096,16,32768,3214.08
150112,16,32768,3213.57
150128,16,32768,3213.06
150144,16,32768,3213.06
150160,16,32768,3213.06
150176,16,32768,3213.06
150192,16,32768,3213.57
150208,16,32768,3213.06
150224,16,32768,3213.44
150240,16,32768,3213.06
150256,16,32768,3213.06
150272,16,32768,3214.08
150288,16,32768,3213.06
150304,16,32768,3213.06
150320,16,32768,3213.44
150336,16,32768,3213.06
150352,16,32768,3213.82
150368,16,32768,3213.06
150384,16,32768,3213.06
150400,16,32768,3213.06
150416,16,32768,3213.06
150432,16,32768,3213.06
150448,16,32768,3213.06
150464,16,32768,3213.06
150480,16,32768,3212.93
150496,16,32768,3213.06
150512,16,32768,3213.06
150528,16,32768,3213.06
150544,16,32768,3213.44
150560,16,32768,3213.44
150576,16,32768,3213.44
150592,16,32768,3213.06
150608,16,32768,3213.06
150624,16,32768,3213.06
150640,16,32768,3213.06
150656,16,32768,3213.06
150672,16,32768,3214.08
150688,16,32768,3213.06
150704,16,32768,3213.06
150720,16,32768,3213.06
150736,16,32768,3213.06
150752,16,32768,3213.06
150768,16,32768,3213.06
150784,16,32768,3213.06
150800,16,32768,3213.06
150816,16,32768,3213.06
150832,16,32768,3213.06
150848,16,32768,3213.06
150864,16,32768,3213.06
150880,16,32768,3213.06
150896,16,32768,3213.06
150912,16,32768,3213.06
150928,16,32768,3213.44
150944,16,32768,3213.06
150960,16,32768,3213.44
150976,16,32768,3213.06
150992,16,32768,3213.06
151008,16,32768,3213.06
151024,16,32768,3213.06
151040,16,32768,3213.06
151056,16,32768,3213.06
151072,16,32768,3213.06
151088,16,32768,3213.06
151104,16,32768,3213.06
151120,16,32768,3213.06
151136,16,32768,3213.06
151152,16,32768,3213.44
151168,16,32768,3213.06
151184,16,32768,3213.06
151200,16,32768,3213.06
151216,16,32768,3213.06
151232,16,32768,3212.93
151248,16,32768,3213.06
151264,16,32768,3213.06
151280,16,32768,3213.44
151296,16,32768,3213.06
151312,16,32768,3213.82
151328,16,32768,3213.06
151344,16,32768,3213.06
151360,16,32768,3213.06
151376,16,32768,3213.06
151392,16,32768,3213.06
151408,16,32768,3213.57
151424,16,32768,3213.06
151440,16,32768,3213.06
151456,16,32768,3213.06
151472,16,32768,3213.06
151488,16,32768,3213.06
151504,16,32768,3213.06
151520,16,32768,3213.06
151536,16,32768,3213.06
151552,16,32768,3213.06
151568,16,32768,3213.06
151584,16,32768,3213.06
151600,16,32768,3213.44
151616,16,32768,3213.06
151632,16,32768,3213.06
151648,16,32768,3213.06
151664,16,32768,3213.95
151680,16,32768,3213.06
151696,16,32768,3213.06
151712,16,32768,3213.44
151728,16,32768,3214.08
151744,16,32768,3214.08
151760,16,32768,3213.06
151776,16,32768,3213.44
151792,16,32768,3213.44
151808,16,32768,3213.06
151824,16,32768,3214.08
151840,16,32768,3213.06
151856,16,32768,3213.06
151872,16,32768,3213.44
151888,16,32768,3213.06
151904,16,32768,3213.57
151920,16,32768,3213.06
151936,16,32768,3213.06
151952,16,32768,3213.57
151968,16,32768,3213.06
151984,16,32768,3213.06
152000,16,32768,3213.57
152016,16,32768,3213.06
152032,16,32768,3214.08
152048,16,32768,3213.44
152064,16,32768,3213.06
152080,16,32768,3214.08
152096,16,32768,3213.06
152112,16,32768,3213.06
152128,16,32768,3213.57
152144,16,32768,3213.06
152160,16,32768,3213.06
152176,16,32768,3214.08
152192,16,32768,3213.57
152208,16,32768,3213.06
152224,16,32768,3213.44
152240,16,32768,3213.57
152256,16,32768,3213.06
152272,16,32768,3213.57
152288,16,32768,3214.08
152304,16,32768,3213.95
152320,16,32768,3213.06
152336,16,32768,3213.95
152352,16,32768,3213.44
152368,16,32768,3213.06
152384,16,32768,3213.06
152400,16,32768,3213.06
152416,16,32768,3213.06
152432,16,32768,3213.95
152448,16,32768,3213.06
152464,16,32768,3214.08
152480,16,32768,3213.06
152496,16,32768,3213.57
152512,16,32768,3214.08
152528,16,32768,3213.57
152544,16,32768,3213.06
152560,16,32768,3213.44
152576,16,32768,3213.06
152592,16,32768,3213.06
152608,16,32768,3214.08
152624,16,32768,3213.06
152640,16,32768,3213.06
152656,16,32768,3213.44
152672,16,32768,3213.06
152688,16,32768,3213.06
152704,16,32768,3214.08
152720,16,32768,3213.06
152736,16,32768,3213.06
152752,16,32768,3213.06
152768,16,32768,3213.06
152784,16,32768,3213.06
152800,16,32768,3213.06
152816,16,32768,3213.57
152832,16,32768,3213.06
152848,16,32768,3213.06
152864,16,32768,3213.06
152880,16,32768,3214.08
152896,16,32768,3214.08
152912,16,32768,3213.95
152928,16,32768,3214.08
152944,16,32768,3213.95
152960,16,32768,3214.08
152976,16,32768,3213.95
152992,16,32768,3214.08
153008,16,32768,3213.82
153024,16,32768,3214.08
153040,16,32768,3214.08
153056,16,32768,3214.08
153072,16,32768,3213.95
153088,16,32768,3213.95
153104,16,32768,3214.08
153120,16,32768,3214.08
153136,16,32768,3214.08
153152,16,32768,3213.95
153168,16,32768,3213.06
153184,16,32768,3213.95
153200,16,32768,3214.08
153216,16,32768,3214.08
153232,16,32768,3214.08
153248,16,32768,3213.95
153264,16,32768,3213.95
153280,16,32768,3213.95
153296,16,32768,3214.08
153312,16,32768,3214.08
153328,16,32768,3214.08
153344,16,32768,3213.82
153360,16,32768,3214.08
153376,16,32768,3213.95
153392,16,32768,3214.08
153408,16,32768,3213.44
153424,16,32768,3213.44
153440,16,32768,3213.95
153456,16,32768,3213.95
153472,16,32768,3214.08
153488,16,32768,3213.95
153504,16,32768,3213.95
153520,16,32768,3214.08
153536,16,32768,3213.95
153552,16,32768,3214.08
153568,16,32768,3214.08
153584,16,32768,3213.57
153600,16,32768,3214.08
153616,16,32768,3213.95
153632,16,32768,3214.08
153648,16,32768,3213.82
153664,16,32768,3214.08
153680,16,32768,3214.08
153696,16,32768,3213.44
153712,16,32768,3213.06
153728,16,32768,3213.06
153744,16,32768,3213.06
153760,16,32768,3213.06
153776,16,32768,3213.06
153792,16,32768,3213.06
153808,16,32768,3213.06
153824,16,32768,3213.06
153840,16,32768,3213.57
153856,16,32768,3213.06
153872,16,32768,3214.08
153888,16,32768,3213.44
153904,16,32768,3213.06
153920,16,32768,3213.06
153936,16,32768,3214.08
153952,16,32768,3213.95
153968,16,32768,3213.44
153984,16,32768,3213.06
154000,16,32768,3213.06
154016,16,32768,3213.06
154032,16,32768,3214.08
154048,16,32768,3213.06
154064,16,32768,3213.95
154080,16,32768,3213.06
154096,16,32768,3213.06
154112,16,32768,3213.57
154128,16,32768,3213.44
154144,16,32768,3213.95
154160,16,32768,3213.95
154176,16,32768,3213.06
154192,16,32768,3213.44
154208,16,32768,3213.06
154224,16,32768,3213.06
154240,16,32768,3213.06
154256,16,32768,3213.44
154272,16,32768,3213.44
154288,16,32768,3213.95
154304,16,32768,3213.06
154320,16,32768,3213.06
154336,16,32768,3213.06
154352,16,32768,3213.06
154368,16,32768,3213.06
154384,16,32768,3213.06
154400,16,32768,3213.06
154416,16,32768,3213.06
154432,16,32768,3213.06
154448,16,32768,3213.95
154464,16,32768,3214.08
154480,16,32768,3213.44
154496,16,32768,3213.95
154512,16,32768,3214.08
154528,16,32768,3213.06
154544,16,32768,3213.06
154560,16,32768,3213.06
154576,16,32768,3213.06
154592,16,32768,3213.06
154608,16,32768,3213.06
154624,16,32768,3213.06
154640,16,32768,3213.06
154656,16,32768,3213.06
154672,16,32768,3213.06
154688,16,32768,3213.06
154704,16,32768,3213.06
154720,16,32768,3213.06
154736,16,32768,3213.06
154752,16,32768,3213.06
154768,16,32768,3213.06
154784,16,32768,3212.93
154800,16,32768,3213.95
154816,16,32768,3213.44
154832,16,32768,3214.08
154848,16,32768,3213.06
154864,16,32768,3213.06
154880,16,32768,3213.06
154896,16,32768,3213.06
154912,16,32768,3213.06
154928,16,32768,3213.06
154944,16,32768,3213.06
154960,16,32768,3213.06
154976,16,32768,3213.95
154992,16,32768,3213.06
155008,16,32768,3213.06
155024,16,32768,3213.06
155040,16,32768,3212.93
155056,16,32768,3213.44
155072,16,32768,3213.06
155088,16,32768,3213.44
155104,16,32768,3213.06
155120,16,32768,3213.06
155136,16,32768,3213.06
155152,16,32768,3213.06
155168,16,32768,3213.06
155184,16,32768,3213.06
155200,16,32768,3213.06
155216,16,32768,3213.06
155232,16,32768,3213.06
155248,16,32768,3213.06
155264,16,32768,3213.06
155280,16,32768,3213.06
155296,16,32768,3213.06
155312,16,32768,3213.06
155328,16,32768,3213.06
155344,16,32768,3213.44
155360,16,32768,3213.06
155376,16,32768,3213.06
155392,16,32768,3213.06
155408,16,32768,3213.06
155424,16,32768,3213.06
155440,16,32768,3213.06
155456,16,32768,3213.06
155472,16,32768,3213.06
155488,16,32768,3213.06
155504,16,32768,3213.44
155520,16,32768,3213.06
155536,16,32768,3213.44
155552,16,32768,3213.06
155568,16,32768,3213.06
155584,16,32768,3213.06
155600,16,32768,3213.06
155616,16,32768,3213.06
155632,16,32768,3213.57
155648,16,32768,3213.06
155664,16,32768,3213.44
155680,16,32768,3213.06
155696,16,32768,3213.06
155712,16,32768,3213.06
155728,16,32768,3213.06
155744,16,32768,3213.06
155760,16,32768,3213.44
155776,16,32768,3213.06
155792,16,32768,3213.95
155808,16,32768,3213.44
155824,16,32768,3213.06
155840,16,32768,3213.06
155856,16,32768,3213.06
155872,16,32768,3213.06
155888,16,32768,3213.06
155904,16,32768,3213.06
155920,16,32768,3213.06
155936,16,32768,3213.44
155952,16,32768,3213.57
155968,16,32768,3213.06
155984,16,32768,3213.06
156000,16,32768,3213.06
156016,16,32768,3213.06
156032,16,32768,3213.06
156048,16,32768,3213.06
156064,16,32768,3213.06
156080,16,32768,3213.44
156096,16,32768,3213.06
156112,16,32768,3213.06
156128,16,32768,3214.08
156144,16,32768,3213.06
156160,16,32768,3213.06
156176,16,32768,3213.06
156192,16,32768,3213.06
156208,16,32768,3213.06
156224,16,32768,3213.06
156240,16,32768,3214.08
156256,16,32768,3213.06
156272,16,32768,3213.06
156288,16,32768,3213.06
156304,16,32768,3213.06
156320,16,32768,3213.06
156336,16,32768,3213.06
156352,16,32768,3213.06
156368,16,32768,3213.06
156384,16,32768,3213.57
156400,16,32768,3213.06
156416,16,32768,3213.95
156432,16,32768,3213.57
156448,16,32768,3213.95
156464,16,32768,3213.44
156480,16,32768,3213.06
156496,16,32768,3213.57
156512,16,32768,3213.06
156528,16,32768,3213.06
156544,16,32768,3213.57
156560,16,32768,3213.06
156576,16,32768,3213.06
156592,16,32768,3214.08
156608,16,32768,3213.06
156624,16,32768,3213.06
156640,16,32768,3213.44
156656,16,32768,3213.06
156672,16,32768,3213.06
156688,16,32768,3213.06
156704,16,32768,3213.06
156720,16,32768,3213.06
156736,16,32768,3213.06
156752,16,32768,3213.06
156768,16,32768,3213.06
156784,16,32768,3213.06
156800,16,32768,3213.06
156816,16,32768,3213.06
156832,16,32768,3213.44
156848,16,32768,3213.06
156864,16,32768,3213.06
156880,16,32768,3213.44
156896,16,32768,3213.06
156912,16,32768,3213.06
156928,16,32768,3213.06
156944,16,32768,3213.06
156960,16,32768,3213.06
156976,16,32768,3213.06
156992,16,32768,3213.06
157008,16,32768,3213.06
157024,16,32768,3213.57
157040,16,32768,3213.57
157056,16,32768,3213.44
157072,16,32768,3213.57
157088,16,32768,3213.57
157104,16,32768,3213.06
157120,16,32768,3213.44
157136,16,32768,3213.06
157152,16,32768,3213.44
157168,16,32768,3213.06
157184,16,32768,3213.06
157200,16,32768,3214.08
157216,16,32768,3213.06
157232,16,32768,3213.06
157248,16,32768,3213.44
157264,16,32768,3213.06
157280,16,32768,3213.06
157296,16,32768,3213.06
157312,16,32768,3213.06
157328,16,32768,3213.06
157344,16,32768,3213.06
157360,16,32768,3213.06
157376,16,32768,3213.06
157392,16,32768,3213.06
157408,16,32768,3213.06
157424,16,32768,3213.06
157440,16,32768,3213.06
157456,16,32768,3213.06
157472,16,32768,3213.06
157488,16,32768,3213.06
157504,16,32768,3213.06
157520,16,32768,3213.44
157536,16,32768,3213.06
157552,16,32768,3213.06
157568,16,32768,3213.06
157584,16,32768,3213.06
157600,16,32768,3213.06
157616,16,32768,3213.06
157632,16,32768,3213.06
157648,16,32768,3213.06
157664,16,32768,3213.06
157680,16,32768,3213.06
157696,16,32768,3213.57
157712,16,32768,3214.08
157728,16,32768,3213.06
157744,16,32768,3213.06
157760,16,32768,3213.06
157776,16,32768,3213.57
157792,16,32768,3213.06
157808,16,32768,3213.06
157824,16,32768,3213.44
157840,16,32768,3213.06
157856,16,32768,3213.06
157872,16,32768,3213.06
157888,16,32768,3213.06
157904,16,32768,3213.06
157920,16,32768,3213.06
157936,16,32768,3213.06
157952,16,32768,3213.06
157968,16,32768,3213.57
157984,16,32768,3213.06
158000,16,32768,3213.06
158016,16,32768,3213.06
158032,16,32768,3213.06
158048,16,32768,3213.06
158064,16,32768,3213.06
158080,16,32768,3213.06
158096,16,32768,3213.44
158112,16,32768,3213.06
158128,16,32768,3213.06
158144,16,32768,3213.06
158160,16,32768,3213.44
158176,16,32768,3213.06
158192,16,32768,3213.95
158208,16,32768,3213.06
158224,16,32768,3213.95
158240,16,32768,3213.44
158256,16,32768,3213.06
158272,16,32768,3213.06
158288,16,32768,3213.06
158304,16,32768,3213.06
158320,16,32768,3213.06
158336,16,32768,3213.06
158352,16,32768,3213.57
158368,16,32768,3213.44
158384,16,32768,3213.06
158400,16,32768,3213.06
158416,16,32768,3213.06
158432,16,32768,3213.06
158448,16,32768,3213.06
158464,16,32768,3213.06
158480,16,32768,3213.06
158496,16,32768,3213.44
158512,16,32768,3213.57
158528,16,32768,3213.06
158544,16,32768,3213.06
158560,16,32768,3213.06
158576,16,32768,3213.06
158592,16,32768,3213.06
158608,16,32768,3213.06
158624,16,32768,3213.06
158640,16,32768,3213.06
158656,16,32768,3213.06
158672,16,32768,3213.57
158688,16,32768,3213.06
158704,16,32768,3213.44
158720,16,32768,3213.06
158736,16,32768,3213.06
158752,16,32768,3213.06
158768,16,32768,3213.06
158784,16,32768,3213.06
158800,16,32768,3213.06
158816,16,32768,3213.06
158832,16,32768,3213.06
158848,16,32768,3213.57
158864,16,32768,3213.82
158880,16,32768,3213.06
158896,16,32768,3213.06
158912,16,32768,3213.06
158928,16,32768,3213.57
158944,16,32768,3213.06
158960,16,32768,3213.44
158976,16,32768,3213.06
158992,16,32768,3213.57
159008,16,32768,3213.06
159024,16,32768,3213.06
159040,16,32768,3213.06
159056,16,32768,3213.57
159072,16,32768,3213.06
159088,16,32768,3213.06
159104,16,32768,3213.06
159120,16,32768,3213.06
159136,16,32768,3213.06
159152,16,32768,3213.06
159168,16,32768,3213.06
159184,16,32768,3213.06
159200,16,32768,3213.06
159216,16,32768,3213.06
159232,16,32768,3213.06
159248,16,32768,3214.08
159264,16,32768,3213.06
159280,16,32768,3213.06
159296,16,32768,3213.06
159312,16,32768,3213.82
159328,16,32768,3213.06
159344,16,32768,3213.44
159360,16,32768,3213.06
159376,16,32768,3213.06
159392,16,32768,3213.06
159408,16,32768,3213.06
159424,16,32768,3213.06
159440,16,32768,3213.06
159456,16,32768,3213.06
159472,16,32768,3213.06
159488,16,32768,3213.06
159504,16,32768,3213.06
159520,16,32768,3213.06
159536,16,32768,3213.06
159552,16,32768,3213.06
159568,16,32768,3213.06
159584,16,32768,3213.06
159600,16,32768,3213.06
159616,16,32768,3213.06
159632,16,32768,3214.08
159648,16,32768,3213.06
159664,16,32768,3213.06
159680,16,32768,3213.06
159696,16,32768,3213.06
159712,16,32768,3213.06
159728,16,32768,3213.06
159744,16,32768,3213.06
159760,16,32768,3213.06
159776,16,32768,3213.06
159792,16,32768,3213.06
159808,16,32768,3213.06
159824,16,32768,3213.57
159840,16,32768,3213.06
159856,16,32768,3213.06
159872,16,32768,3213.06
159888,16,32768,3213.06
159904,16,32768,3213.06
159920,16,32768,3213.06
159936,16,32768,3212.93
159952,16,32768,3213.57
159968,16,32768,3213.06
159984,16,32768,3213.06
160000,16,32768,3213.06
160016,16,32768,3213.06
160032,16,32768,3213.06
160048,16,32768,3213.06
160064,16,32768,3213.06
160080,16,32768,3213.06
160096,16,32768,3213.57
160112,16,32768,3213.06
160128,16,32768,3213.06
160144,16,32768,3213.06
160160,16,32768,3213.06
160176,16,32768,3213.44
160192,16,32768,3213.06
160208,16,32768,3213.06
160224,16,32768,3213.06
160240,16,32768,3213.06
160256,16,32768,3213.06
160272,16,32768,3213.06
160288,16,32768,3213.06
160304,16,32768,3213.06
160320,16,32768,3213.06
160336,16,32768,3213.06
160352,16,32768,3213.06
160368,16,32768,3213.06
160384,16,32768,3213.06
160400,16,32768,3213.06
160416,16,32768,3213.06
160432,16,32768,3213.06
160448,16,32768,3213.44
160464,16,32768,3213.06
160480,16,32768,3213.82
160496,16,32768,3213.44
160512,16,32768,3213.44
160528,16,32768,3213.95
160544,16,32768,3213.06
160560,16,32768,3213.06
160576,16,32768,3213.57
160592,16,32768,3213.06
160608,16,32768,3213.06
160624,16,32768,3213.06
160640,16,32768,3213.06
160656,16,32768,3213.95
160672,16,32768,3213.06
160688,16,32768,3213.95
160704,16,32768,3213.57
160720,16,32768,3213.95
160736,16,32768,3214.08
160752,16,32768,3213.82
160768,16,32768,3213.95
160784,16,32768,3214.08
160800,16,32768,3213.57
160816,16,32768,3213.95
160832,16,32768,3213.82
160848,16,32768,3214.08
160864,16,32768,3214.08
160880,16,32768,3213.95
160896,16,32768,3214.08
160912,16,32768,3214.08
160928,16,32768,3213.82
160944,16,32768,3213.57
160960,16,32768,3213.06
160976,16,32768,3213.57
160992,16,32768,3213.06
161008,16,32768,3213.06
161024,16,32768,3213.57
161040,16,32768,3213.44
161056,16,32768,3213.44
161072,16,32768,3213.95
161088,16,32768,3213.06
161104,16,32768,3213.44
161120,16,32768,3213.06
161136,16,32768,3213.95
161152,16,32768,3214.08
161168,16,32768,3214.08
161184,16,32768,3214.08
161200,16,32768,3214.08
161216,16,32768,3213.95
161232,16,32768,3214.08
161248,16,32768,3214.08
161264,16,32768,3214.08
161280,16,32768,3213.95
161296,16,32768,3213.95
161312,16,32768,3214.08
161328,16,32768,3214.08
161344,16,32768,3213.95
161360,16,32768,3213.95
161376,16,32768,3213.95
161392,16,32768,3214.08
161408,16,32768,3214.08
161424,16,32768,3213.82
161440,16,32768,3214.08
161456,16,32768,3213.57
161472,16,32768,3214.08
161488,16,32768,3214.08
161504,16,32768,3214.08
161520,16,32768,3214.08
161536,16,32768,3213.95
161552,16,32768,3213.44
161568,16,32768,3213.06
161584,16,32768,3213.82
161600,16,32768,3213.57
161616,16,32768,3213.06
161632,16,32768,3213.57
161648,16,32768,3214.08
161664,16,32768,3213.06
161680,16,32768,3214.08
161696,16,32768,3213.95
161712,16,32768,3213.95
161728,16,32768,3214.08
161744,16,32768,3213.95
161760,16,32768,3214.08
161776,16,32768,3214.08
161792,16,32768,3214.08
161808,16,32768,3214.08
161824,16,32768,3213.95
161840,16,32768,3214.08
161856,16,32768,3214.08
161872,16,32768,3214.08
161888,16,32768,3213.06
161904,16,32768,3213.57
161920,16,32768,3213.95
161936,16,32768,3213.06
161952,16,32768,3213.95
161968,16,32768,3214.08
161984,16,32768,3214.08
162000,16,32768,3214.08
162016,16,32768,3213.95
162032,16,32768,3213.06
162048,16,32768,3214.08
162064,16,32768,3213.95
162080,16,32768,3213.95
162096,16,32768,3214.08
162112,16,32768,3214.08
162128,16,32768,3213.95
162144,16,32768,3213.44
162160,16,32768,3214.08
162176,16,32768,3214.08
162192,16,32768,3214.08
162208,16,32768,3214.08
162224,16,32768,3214.08
162240,16,32768,3213.95
162256,16,32768,3214.08
162272,16,32768,3214.08
162288,16,32768,3213.95
162304,16,32768,3213.95
162320,16,32768,3213.95
162336,16,32768,3214.08
162352,16,32768,3214.08
162368,16,32768,3214.08
162384,16,32768,3214.08
162400,16,32768,3213.95
162416,16,32768,3214.08
162432,16,32768,3214.08
162448,16,32768,3214.08
162464,16,32768,3214.08
162480,16,32768,3214.08
162496,16,32768,3213.44
162512,16,32768,3214.08
162528,16,32768,3213.95
162544,16,32768,3213.95
162560,16,32768,3214.08
162576,16,32768,3214.08
162592,16,32768,3214.08
162608,16,32768,3213.95
162624,16,32768,3214.08
162640,16,32768,3214.08
162656,16,32768,3214.08
162672,16,32768,3214.08
162688,16,32768,3214.08
162704,16,32768,3214.08
162720,16,32768,3214.08
162736,16,32768,3214.08
162752,16,32768,3214.08
162768,16,32768,3214.08
162784,16,32768,3214.08
162800,16,32768,3214.08
162816,16,32768,3214.08
162832,16,32768,3214.08
162848,16,32768,3214.08
162864,16,32768,3214.08
162880,16,32768,3214.08
162896,16,32768,3213.95
162912,16,32768,3213.82
162928,16,32768,3214.08
162944,16,32768,3213.95
162960,16,32768,3213.95
162976,16,32768,3214.08
162992,16,32768,3214.08
163008,16,32768,3214.08
163024,16,32768,3214.08
163040,16,32768,3214.08
163056,16,32768,3214.08
163072,16,32768,3213.95
163088,16,32768,3214.08
163104,16,32768,3213.95
163120,16,32768,3213.95
163136,16,32768,3214.08
163152,16,32768,3214.08
163168,16,32768,3214.08
163184,16,32768,3214.08
163200,16,32768,3213.95
163216,16,32768,3213.95
163232,16,32768,3214.08
163248,16,32768,3214.08
163264,16,32768,3213.57
163280,16,32768,3213.95
163296,16,32768,3214.08
163312,16,32768,3214.08
163328,16,32768,3214.08
163344,16,32768,3214.08
163360,16,32768,3214.08
163376,16,32768,3214.08
163392,16,32768,3214.08
163408,16,32768,3214.08
163424,16,32768,3214.08
163440,16,32768,3214.08
163456,16,32768,3214.08
163472,16,32768,3214.08
163488,16,32768,3214.08
163504,16,32768,3214.08
163520,16,32768,3214.08
163536,16,32768,3214.08
163552,16,32768,3214.08
163568,16,32768,3213.95
163584,16,32768,3213.95
163600,16,32768,3214.08
163616,16,32768,3214.08
163632,16,32768,3214.08
163648,16,32768,3214.08
163664,16,32768,3214.08
163680,16,32768,3213.95
163696,16,32768,3214.08
163712,16,32768,3214.08
163728,16,32768,3214.08
163744,16,32768,3213.95
163760,16,32768,3214.08
163776,16,32768,3214.08
163792,16,32768,3213.95
163808,16,32768,3214.08
163824,16,32768,3214.08
163840,16,32768,3214.08
163856,16,32768,3214.08
163872,16,32768,3214.08
163888,16,32768,3214.08
163904,16,32768,3213.95
163920,16,32768,3213.57
163936,16,32768,3213.95
163952,16,32768,3214.08
163968,16,32768,3214.08
163984,16,32768,3214.08
164000,16,32768,3213.95
164016,16,32768,3214.08
164032,16,32768,3214.08
164048,16,32768,3214.08
164064,16,32768,3214.08
164080,16,32768,3213.57
164096,16,32768,3214.08
164112,16,32768,3214.08
164128,16,32768,3214.08
164144,16,32768,3214.08
164160,16,32768,3214.08
164176,16,32768,3214.08
164192,16,32768,3213.95
164208,16,32768,3213.95
164224,16,32768,3214.08
164240,16,32768,3214.08
164256,16,32768,3214.08
164272,16,32768,3214.08
164288,16,32768,3214.08
164304,16,32768,3214.08
164320,16,32768,3213.95
164336,16,32768,3213.95
164352,16,32768,3214.08
164368,16,32768,3213.82
164384,16,32768,3214.08
164400,16,32768,3213.95
164416,16,32768,3214.08
164432,16,32768,3214.08
164448,16,32768,3213.82
164464,16,32768,3214.08
164480,16,32768,3214.08
164496,16,32768,3214.08
164512,16,32768,3213.44
164528,16,32768,3214.08
164544,16,32768,3214.08
164560,16,32768,3214.08
164576,16,32768,3213.44
164592,16,32768,3213.95
164608,16,32768,3214.08
164624,16,32768,3214.08
164640,16,32768,3214.08
164656,16,32768,3213.82
164672,16,32768,3214.08
164688,16,32768,3214.08
164704,16,32768,3214.08
164720,16,32768,3214.08
164736,16,32768,3213.95
164752,16,32768,3214.08
164768,16,32768,3213.95
164784,16,32768,3214.08
164800,16,32768,3214.08
164816,16,32768,3213.95
164832,16,32768,3213.95
164848,16,32768,3214.08
164864,16,32768,3214.08
164880,16,32768,3214.08
164896,16,32768,3214.08
164912,16,32768,3214.08
164928,16,32768,3213.95
164944,16,32768,3214.08
164960,16,32768,3213.95
164976,16,32768,3213.95
164992,16,32768,3214.08
165008,16,32768,3213.95
165024,16,32768,3214.08
165040,16,32768,3214.08
165056,16,32768,3214.08
165072,16,32768,3214.08
165088,16,32768,3214.08
165104,16,32768,3214.08
165120,16,32768,3214.08
165136,16,32768,3214.08
165152,16,32768,3213.95
165168,16,32768,3214.08
165184,16,32768,3214.08
165200,16,32768,3214.08
165216,16,32768,3213.82
165232,16,32768,3214.08
165248,16,32768,3214.08
165264,16,32768,3213.44
165280,16,32768,3213.95
165296,16,32768,3213.95
165312,16,32768,3214.08
165328,16,32768,3213.95
165344,16,32768,3214.08
165360,16,32768,3214.08
165376,16,32768,3214.08
165392,16,32768,3214.08
165408,16,32768,3214.08
165424,16,32768,3214.08
165440,16,32768,3214.08
165456,16,32768,3214.08
165472,16,32768,3213.95
165488,16,32768,3214.08
165504,16,32768,3214.08
165520,16,32768,3214.08
165536,16,32768,3214.08
165552,16,32768,3213.95
165568,16,32768,3213.95
165584,16,32768,3214.08
165600,16,32768,3214.08
165616,16,32768,3214.08
165632,16,32768,3213.95
165648,16,32768,3213.95
165664,16,32768,3214.08
165680,16,32768,3214.08
165696,16,32768,3213.95
165712,16,32768,3214.08
165728,16,32768,3214.08
165744,16,32768,3213.95
165760,16,32768,3214.08
165776,16,32768,3214.08
165792,16,32768,3213.95
165808,16,32768,3213.95
165824,16,32768,3213.06
165840,16,32768,3213.95
165856,16,32768,3214.08
165872,16,32768,3214.08
165888,16,32768,3214.08
165904,16,32768,3214.08
165920,16,32768,3214.08
165936,16,32768,3213.95
165952,16,32768,3214.08
165968,16,32768,3214.08
165984,16,32768,3213.95
166000,16,32768,3214.08
166016,16,32768,3213.82
166032,16,32768,3213.95
166048,16,32768,3214.08
166064,16,32768,3214.08
166080,16,32768,3213.95
166096,16,32768,3214.08
166112,16,32768,3214.08
166128,16,32768,3213.95
166144,16,32768,3214.08
166160,16,32768,3214.08
166176,16,32768,3214.08
166192,16,32768,3214.08
166208,16,32768,3214.08
166224,16,32768,3214.08
166240,16,32768,3214.08
166256,16,32768,3214.08
166272,16,32768,3214.08
166288,16,32768,3214.08
166304,16,32768,3213.95
166320,16,32768,3214.08
166336,16,32768,3214.08
166352,16,32768,3214.08
166368,16,32768,3214.08
166384,16,32768,3214.08
166400,16,32768,3214.08
166416,16,32768,3214.08
166432,16,32768,3214.08
166448,16,32768,3214.08
166464,16,32768,3214.08
166480,16,32768,3214.08
166496,16,32768,3214.08
166512,16,32768,3214.08
166528,16,32768,3214.08
166544,16,32768,3213.95
166560,16,32768,3214.08
166576,16,32768,3214.08
166592,16,32768,3214.08
166608,16,32768,3213.95
166624,16,32768,3214.08
166640,16,32768,3213.95
166656,16,32768,3213.82
166672,16,32768,3213.95
166688,16,32768,3214.08
166704,16,32768,3214.08
166720,16,32768,3214.08
166736,16,32768,3214.08
166752,16,32768,3214.08
166768,16,32768,3214.08
166784,16,32768,3214.08
166800,16,32768,3213.95
166816,16,32768,3214.08
166832,16,32768,3214.08
166848,16,32768,3213.82
166864,16,32768,3214.08
166880,16,32768,3214.08
166896,16,32768,3213.95
166912,16,32768,3213.95
166928,16,32768,3214.08
166944,16,32768,3213.95
166960,16,32768,3214.08
166976,16,32768,3214.08
166992,16,32768,3214.08
167008,16,32768,3213.95
167024,16,32768,3213.82
167040,16,32768,3214.08
167056,16,32768,3214.08
167072,16,32768,3214.08
167088,16,32768,3213.95
167104,16,32768,3214.08
167120,16,32768,3213.95
167136,16,32768,3213.95
167152,16,32768,3214.08
167168,16,32768,3214.08
167184,16,32768,3214.08
167200,16,32768,3214.08
167216,16,32768,3213.95
167232,16,32768,3214.08
167248,16,32768,3214.08
167264,16,32768,3214.08
167280,16,32768,3214.08
167296,16,32768,3214.08
167312,16,32768,3214.08
167328,16,32768,3213.95
167344,16,32768,3214.08
167360,16,32768,3214.08
167376,16,32768,3214.08
167392,16,32768,3213.95
167408,16,32768,3214.08
167424,16,32768,3214.08
167440,16,32768,3213.95
167456,16,32768,3214.08
167472,16,32768,3214.08
167488,16,32768,3214.08
167504,16,32768,3214.08
167520,16,32768,3214.08
167536,16,32768,3214.08
167552,16,32768,3214.08
167568,16,32768,3214.08
167584,16,32768,3213.95
167600,16,32768,3214.08
167616,16,32768,3213.95
167632,16,32768,3214.08
167648,16,32768,3214.08
167664,16,32768,3214.08
167680,16,32768,3214.08
167696,16,32768,3214.08
167712,16,32768,3214.08
167728,16,32768,3213.57
167744,16,32768,3214.08
167760,16,32768,3214.08
167776,16,32768,3214.08
167792,16,32768,3213.95
167808,16,32768,3214.08
167824,16,32768,3214.08
167840,16,32768,3214.08
167856,16,32768,3214.08
167872,16,32768,3214.08
167888,16,32768,3213.95
167904,16,32768,3214.08
167920,16,32768,3213.95
167936,16,32768,3214.08
167952,16,32768,3213.95
167968,16,32768,3214.08
167984,16,32768,3214.08
168000,16,32768,3214.08
168016,16,32768,3214.08
168032,16,32768,3214.08
168048,16,32768,3213.95
168064,16,32768,3214.08
168080,16,32768,3214.08
168096,16,32768,3214.08
168112,16,32768,3214.08
168128,16,32768,3214.08
168144,16,32768,3214.08
168160,16,32768,3214.08
168176,16,32768,3214.08
168192,16,32768,3213.95
168208,16,32768,3214.08
168224,16,32768,3214.08
168240,16,32768,3214.08
168256,16,32768,3213.95
168272,16,32768,3214.08
168288,16,32768,3214.08
168304,16,32768,3213.95
168320,16,32768,3213.95
168336,16,32768,3213.95
168352,16,32768,3214.08
168368,16,32768,3214.08
168384,16,32768,3214.08
168400,16,32768,3214.08
168416,16,32768,3214.08
168432,16,32768,3214.08
168448,16,32768,3214.08
168464,16,32768,3214.08
168480,16,32768,3213.44
168496,16,32768,3214.08
168512,16,32768,3214.08
168528,16,32768,3213.95
168544,16,32768,3214.08
168560,16,32768,3214.08
168576,16,32768,3214.08
168592,16,32768,3214.08
168608,16,32768,3214.08
168624,16,32768,3214.08
168640,16,32768,3214.08
168656,16,32768,3214.08
168672,16,32768,3213.95
168688,16,32768,3214.08
168704,16,32768,3214.08
168720,16,32768,3213.95
168736,16,32768,3214.08
168752,16,32768,3213.95
168768,16,32768,3214.08
168784,16,32768,3214.08
168800,16,32768,3214.08
168816,16,32768,3214.08
168832,16,32768,3214.08
168848,16,32768,3213.95
168864,16,32768,3214.08
168880,16,32768,3213.95
168896,16,32768,3214.08
168912,16,32768,3214.08
168928,16,32768,3214.08
168944,16,32768,3213.95
168960,16,32768,3214.08
168976,16,32768,3214.08
168992,16,32768,3214.08
169008,16,32768,3213.95
169024,16,32768,3214.08
169040,16,32768,3214.08
169056,16,32768,3214.08
169072,16,32768,3214.08
169088,16,32768,3213.95
169104,16,32768,3214.08
169120,16,32768,3213.82
169136,16,32768,3214.08
169152,16,32768,3214.08
169168,16,32768,3214.08
169184,16,32768,3213.95
169200,16,32768,3213.95
169216,16,32768,3213.95
169232,16,32768,3214.08
169248,16,32768,3213.82
169264,16,32768,3214.08
169280,16,32768,3214.08
169296,16,32768,3213.95
169312,16,32768,3214.08
169328,16,32768,3213.82
169344,16,32768,3214.08
169360,16,32768,3214.08
169376,16,32768,3214.08
169392,16,32768,3213.82
169408,16,32768,3214.08
169424,16,32768,3214.08
169440,16,32768,3214.08
169456,16,32768,3214.08
169472,16,32768,3214.08
169488,16,32768,3214.08
169504,16,32768,3214.08
169520,16,32768,3214.08
169536,16,32768,3214.08
169552,16,32768,3214.08
169568,16,32768,3214.08
169584,16,32768,3214.08
169600,16,32768,3213.82
169616,16,32768,3213.82
169632,16,32768,3214.08
169648,16,32768,3213.95
169664,16,32768,3214.08
169680,16,32768,3214.08
169696,16,32768,3214.08
169712,16,32768,3214.08
169728,16,32768,3214.08
169744,16,32768,3214.08
169760,16,32768,3213.95
169776,16,32768,3214.08
169792,16,32768,3214.08
169808,16,32768,3213.95
169824,16,32768,3213.95
169840,16,32768,3214.08
169856,16,32768,3214.08
169872,16,32768,3214.08
169888,16,32768,3214.08
169904,16,32768,3214.08
169920,16,32768,3213.95
169936,16,32768,3213.95
169952,16,32768,3214.08
169968,16,32768,3214.08
169984,16,32768,3213.95
170000,16,32768,3214.08
170016,16,32768,3214.08
170032,16,32768,3214.08
170048,16,32768,3214.08
170064,16,32768,3214.08
170080,16,32768,3214.08
170096,16,32768,3214.08
170112,16,32768,3214.08
170128,16,32768,3214.08
170144,16,32768,3213.95
170160,16,32768,3214.08
170176,16,32768,3213.95
170192,16,32768,3214.08
170208,16,32768,3214.08
170224,16,32768,3214.08
170240,16,32768,3214.08
170256,16,32768,3214.08
170272,16,32768,3213.95
170288,16,32768,3214.08
170304,16,32768,3214.08
170320,16,32768,3213.95
170336,16,32768,3214.08
170352,16,32768,3214.08
170368,16,32768,3214.08
170384,16,32768,3214.08
170400,16,32768,3214.08
170416,16,32768,3214.08
170432,16,32768,3214.08
170448,16,32768,3214.08
170464,16,32768,3214.08
170480,16,32768,3214.08
170496,16,32768,3214.08
170512,16,32768,3214.08
170528,16,32768,3214.08
170544,16,32768,3214.08
170560,16,32768,3214.08
170576,16,32768,3213.95
170592,16,32768,3214.08
170608,16,32768,3214.08
170624,16,32768,3214.08
170640,16,32768,3214.08
170656,16,32768,3214.08
170672,16,32768,3214.08
170688,16,32768,3214.08
170704,16,32768,3214.08
170720,16,32768,3214.08
170736,16,32768,3214.08
170752,16,32768,3214.08
170768,16,32768,3214.08
170784,16,32768,3214.08
170800,16,32768,3214.08
170816,16,32768,3213.95
170832,16,32768,3214.08
170848,16,32768,3214.08
170864,16,32768,3214.08
170880,16,32768,3214.08
170896,16,32768,3214.08
170912,16,32768,3214.08
170928,16,32768,3214.08
170944,16,32768,3214.08
170960,16,32768,3214.08
170976,16,32768,3214.08
170992,16,32768,3214.08
171008,16,32768,3214.08
171024,16,32768,3214.08
171040,16,32768,3214.08
171056,16,32768,3214.08
171072,16,32768,3213.06
171088,16,32768,3213.44
171104,16,32768,3213.95
171120,16,32768,3214.08
171136,16,32768,3213.95
171152,16,32768,3214.08
171168,16,32768,3214.08
171184,16,32768,3214.08
171200,16,32768,3214.08
171216,16,32768,3214.08
171232,16,32768,3214.08
171248,16,32768,3214.08
171264,16,32768,3213.95
171280,16,32768,3214.08
171296,16,32768,3214.08
171312,16,32768,3214.08
171328,16,32768,3214.08
171344,16,32768,3214.08
171360,16,32768,3214.08
171376,16,32768,3213.95
171392,16,32768,3214.08
171408,16,32768,3214.08
171424,16,32768,3214.08
171440,16,32768,3214.08
171456,16,32768,3214.08
171472,16,32768,3214.08
171488,16,32768,3213.95
171504,16,32768,3214.08
171520,16,32768,3214.08
171536,16,32768,3214.08
171552,16,32768,3213.95
171568,16,32768,3214.08
171584,16,32768,3214.08
171600,16,32768,3214.08
171616,16,32768,3214.08
171632,16,32768,3214.08
171648,16,32768,3213.95
171664,16,32768,3213.95
171680,16,32768,3214.08
171696,16,32768,3214.08
171712,16,32768,3214.08
171728,16,32768,3214.08
171744,16,32768,3214.08
171760,16,32768,3214.08
171776,16,32768,3214.08
171792,16,32768,3214.08
171808,16,32768,3214.08
171824,16,32768,3214.08
171840,16,32768,3213.95
171856,16,32768,3214.08
171872,16,32768,3214.08
171888,16,32768,3214.08
171904,16,32768,3214.08
171920,16,32768,3214.08
171936,16,32768,3214.08
171952,16,32768,3214.08
171968,16,32768,3214.08
171984,16,32768,3214.08
172000,16,32768,3214.08
172016,16,32768,3213.95
172032,16,32768,3214.08
172048,16,32768,3214.08
172064,16,32768,3214.08
172080,16,32768,3214.08
172096,16,32768,3214.08
172112,16,32768,3214.08
172128,16,32768,3214.08
172144,16,32768,3214.08
172160,16,32768,3214.08
172176,16,32768,3214.08
172192,16,32768,3214.08
172208,16,32768,3214.08
172224,16,32768,3214.08
172240,16,32768,3213.95
172256,16,32768,3214.08
172272,16,32768,3214.08
172288,16,32768,3214.08
172304,16,32768,3214.08
172320,16,32768,3214.08
172336,16,32768,3214.08
172352,16,32768,3213.82
172368,16,32768,3214.08
172384,16,32768,3214.08
172400,16,32768,3214.08
172416,16,32768,3214.08
172432,16,32768,3214.08
172448,16,32768,3213.95
172464,16,32768,3214.08
172480,16,32768,3213.95
172496,16,32768,3214.08
172512,16,32768,3214.08
172528,16,32768,3214.08
172544,16,32768,3214.08
172560,16,32768,3214.08
172576,16,32768,3214.08
172592,16,32768,3214.08
172608,16,32768,3214.08
172624,16,32768,3214.08
172640,16,32768,3213.95
172656,16,32768,3214.08
172672,16,32768,3213.95
172688,16,32768,3214.08
172704,16,32768,3214.08
172720,16,32768,3213.95
172736,16,32768,3214.08
172752,16,32768,3214.08
172768,16,32768,3214.08
172784,16,32768,3213.57
172800,16,32768,3214.08
172816,16,32768,3214.08
172832,16,32768,3213.95
172848,16,32768,3214.08
172864,16,32768,3214.08
172880,16,32768,3214.08
172896,16,32768,3214.08
172912,16,32768,3214.08
172928,16,32768,3214.08
172944,16,32768,3213.95
172960,16,32768,3213.06
172976,16,32768,3214.08
172992,16,32768,3213.95
173008,16,32768,3214.08
173024,16,32768,3214.08
173040,16,32768,3214.08
173056,16,32768,3214.08
173072,16,32768,3214.08
173088,16,32768,3214.08
173104,16,32768,3213.95
173120,16,32768,3214.08
173136,16,32768,3214.08
173152,16,32768,3214.08
173168,16,32768,3214.08
173184,16,32768,3213.95
173200,16,32768,3213.95
173216,16,32768,3214.08
173232,16,32768,3214.08
173248,16,32768,3214.08
173264,16,32768,3213.95
173280,16,32768,3214.08
173296,16,32768,3214.08
173312,16,32768,3214.08
173328,16,32768,3214.08
173344,16,32768,3214.08
173360,16,32768,3214.08
173376,16,32768,3214.08
173392,16,32768,3214.08
173408,16,32768,3214.08
173424,16,32768,3213.95
173440,16,32768,3214.08
173456,16,32768,3213.95
173472,16,32768,3214.08
173488,16,32768,3214.08
173504,16,32768,3214.08
173520,16,32768,3214.08
173536,16,32768,3214.08
173552,16,32768,3214.08
173568,16,32768,3213.06
173584,16,32768,3214.08
173600,16,32768,3214.08
173616,16,32768,3213.95
173632,16,32768,3213.95
173648,16,32768,3214.08
173664,16,32768,3214.08
173680,16,32768,3214.08
173696,16,32768,3214.08
173712,16,32768,3214.08
173728,16,32768,3213.95
173744,16,32768,3214.08
173760,16,32768,3214.08
173776,16,32768,3214.08
173792,16,32768,3214.08
173808,16,32768,3214.08
173824,16,32768,3214.08
173840,16,32768,3214.08
173856,16,32768,3214.08
173872,16,32768,3213.95
173888,16,32768,3213.95
173904,16,32768,3213.82
173920,16,32768,3213.95
173936,16,32768,3214.08
173952,16,32768,3214.08
173968,16,32768,3213.95
173984,16,32768,3214.08
174000,16,32768,3214.08
174016,16,32768,3214.08
174032,16,32768,3214.08
174048,16,32768,3213.95
174064,16,32768,3214.08
174080,16,32768,3213.82
174096,16,32768,3214.08
174112,16,32768,3214.08
174128,16,32768,3214.08
174144,16,32768,3214.08
174160,16,32768,3213.95
174176,16,32768,3213.95
174192,16,32768,3213.82
174208,16,32768,3213.95
174224,16,32768,3214.08
174240,16,32768,3214.08
174256,16,32768,3214.08
174272,16,32768,3214.08
174288,16,32768,3214.08
174304,16,32768,3214.08
174320,16,32768,3214.08
174336,16,32768,3214.08
174352,16,32768,3214.08
174368,16,32768,3214.08
174384,16,32768,3213.95
174400,16,32768,3214.08
174416,16,32768,3214.08
174432,16,32768,3214.08
174448,16,32768,3214.08
174464,16,32768,3214.08
174480,16,32768,3214.08
174496,16,32768,3213.95
174512,16,32768,3214.08
174528,16,32768,3214.08
174544,16,32768,3214.08
174560,16,32768,3213.95
174576,16,32768,3214.08
174592,16,32768,3214.08
174608,16,32768,3214.08
174624,16,32768,3214.08
174640,16,32768,3213.95
174656,16,32768,3214.08
174672,16,32768,3214.08
174688,16,32768,3214.08
174704,16,32768,3213.95
174720,16,32768,3214.08
174736,16,32768,3214.08
174752,16,32768,3214.08
174768,16,32768,3214.08
174784,16,32768,3214.08
174800,16,32768,3214.08
174816,16,32768,3213.95
174832,16,32768,3214.08
174848,16,32768,3214.08
174864,16,32768,3213.57
174880,16,32768,3214.08
174896,16,32768,3214.08
174912,16,32768,3213.95
174928,16,32768,3214.08
174944,16,32768,3213.95
174960,16,32768,3213.95
174976,16,32768,3214.08
174992,16,32768,3214.08
175008,16,32768,3214.08
175024,16,32768,3214.08
175040,16,32768,3214.08
175056,16,32768,3214.08
175072,16,32768,3213.95
175088,16,32768,3214.08
175104,16,32768,3213.95
175120,16,32768,3214.08
175136,16,32768,3213.95
175152,16,32768,3214.08
175168,16,32768,3214.08
175184,16,32768,3214.08
175200,16,32768,3214.08
175216,16,32768,3214.08
175232,16,32768,3214.08
175248,16,32768,3214.08
175264,16,32768,3214.08
175280,16,32768,3214.08
175296,16,32768,3214.08
175312,16,32768,3214.08
175328,16,32768,3214.08
175344,16,32768,3213.95
175360,16,32768,3213.95
175376,16,32768,3214.08
175392,16,32768,3214.08
175408,16,32768,3214.08
175424,16,32768,3214.08
175440,16,32768,3214.08
175456,16,32768,3213.57
175472,16,32768,3213.95
175488,16,32768,3213.95
175504,16,32768,3214.08
175520,16,32768,3213.95
175536,16,32768,3213.95
175552,16,32768,3214.08
175568,16,32768,3214.08
175584,16,32768,3214.08
175600,16,32768,3214.08
175616,16,32768,3214.08
175632,16,32768,3214.08
175648,16,32768,3214.08
175664,16,32768,3214.08
175680,16,32768,3213.95
175696,16,32768,3214.08
175712,16,32768,3214.08
175728,16,32768,3213.95
175744,16,32768,3214.08
175760,16,32768,3213.95
175776,16,32768,3214.08
175792,16,32768,3213.95
175808,16,32768,3213.44
175824,16,32768,3214.08
175840,16,32768,3214.08
175856,16,32768,3214.08
175872,16,32768,3213.95
175888,16,32768,3213.95
175904,16,32768,3213.95
175920,16,32768,3214.08
175936,16,32768,3214.08
175952,16,32768,3214.08
175968,16,32768,3214.08
175984,16,32768,3214.08
176000,16,32768,3214.08
176016,16,32768,3214.08
176032,16,32768,3213.95
176048,16,32768,3214.08
176064,16,32768,3214.08
176080,16,32768,3214.08
176096,16,32768,3214.08
176112,16,32768,3213.95
176128,16,32768,3214.08
176144,16,32768,3214.08
176160,16,32768,3214.08
176176,16,32768,3214.08
176192,16,32768,3214.08
176208,16,32768,3213.95
176224,16,32768,3214.08
176240,16,32768,3214.08
176256,16,32768,3214.08
176272,16,32768,3213.95
176288,16,32768,3214.08
176304,16,32768,3214.08
176320,16,32768,3213.82
176336,16,32768,3214.08
176352,16,32768,3213.95
176368,16,32768,3213.95
176384,16,32768,3214.08
176400,16,32768,3214.08
176416,16,32768,3214.08
176432,16,32768,3213.95
176448,16,32768,3214.08
176464,16,32768,3214.08
176480,16,32768,3214.08
176496,16,32768,3214.08
176512,16,32768,3214.08
176528,16,32768,3214.08
176544,16,32768,3213.95
176560,16,32768,3214.08
176576,16,32768,3214.08
176592,16,32768,3214.08
176608,16,32768,3214.08
176624,16,32768,3213.95
176640,16,32768,3213.95
176656,16,32768,3213.95
176672,16,32768,3214.08
176688,16,32768,3213.95
176704,16,32768,3214.08
176720,16,32768,3214.08
176736,16,32768,3214.08
176752,16,32768,3214.08
176768,16,32768,3214.08
176784,16,32768,3214.08
176800,16,32768,3214.08
176816,16,32768,3214.08
176832,16,32768,3213.95
176848,16,32768,3213.95
176864,16,32768,3214.08
176880,16,32768,3214.08
176896,16,32768,3213.82
176912,16,32768,3214.08
176928,16,32768,3214.08
176944,16,32768,3214.08
176960,16,32768,3214.08
176976,16,32768,3214.08
176992,16,32768,3213.95
177008,16,32768,3214.08
177024,16,32768,3213.95
177040,16,32768,3214.08
177056,16,32768,3214.08
177072,16,32768,3214.08
177088,16,32768,3213.95
177104,16,32768,3214.08
177120,16,32768,3214.08
177136,16,32768,3214.08
177152,16,32768,3214.08
177168,16,32768,3214.08
177184,16,32768,3214.08
177200,16,32768,3214.08
177216,16,32768,3214.08
177232,16,32768,3213.95
177248,16,32768,3213.82
177264,16,32768,3213.95
177280,16,32768,3214.08
177296,16,32768,3213.95
177312,16,32768,3213.95
177328,16,32768,3214.08
177344,16,32768,3213.57
177360,16,32768,3214.08
177376,16,32768,3214.08
177392,16,32768,3213.95
177408,16,32768,3214.08
177424,16,32768,3214.08
177440,16,32768,3214.08
177456,16,32768,3214.08
177472,16,32768,3213.95
177488,16,32768,3214.08
177504,16,32768,3214.08
177520,16,32768,3213.95
177536,16,32768,3214.08
177552,16,32768,3214.08
177568,16,32768,3214.08
177584,16,32768,3214.08
177600,16,32768,3214.08
177616,16,32768,3214.08
177632,16,32768,3214.08
177648,16,32768,3213.95
177664,16,32768,3214.08
177680,16,32768,3213.95
177696,16,32768,3214.08
177712,16,32768,3214.08
177728,16,32768,3213.82
177744,16,32768,3213.82
177760,16,32768,3214.08
177776,16,32768,3214.08
177792,16,32768,3214.08
177808,16,32768,3214.08
177824,16,32768,3214.08
177840,16,32768,3214.08
177856,16,32768,3214.08
177872,16,32768,3213.95
177888,16,32768,3213.95
177904,16,32768,3214.08
177920,16,32768,3214.08
177936,16,32768,3214.08
177952,16,32768,3214.08
177968,16,32768,3214.08
177984,16,32768,3214.08
178000,16,32768,3213.06
178016,16,32768,3214.08
178032,16,32768,3213.95
178048,16,32768,3214.08
178064,16,32768,3214.08
178080,16,32768,3214.08
178096,16,32768,3214.08
178112,16,32768,3214.08
178128,16,32768,3214.08
178144,16,32768,3214.08
178160,16,32768,3214.08
178176,16,32768,3214.08
178192,16,32768,3214.08
178208,16,32768,3213.57
178224,16,32768,3214.08
178240,16,32768,3214.08
178256,16,32768,3214.08
178272,16,32768,3214.08
178288,16,32768,3214.08
178304,16,32768,3214.08
178320,16,32768,3214.08
178336,16,32768,3214.08
178352,16,32768,3213.95
178368,16,32768,3213.95
178384,16,32768,3214.08
178400,16,32768,3214.08
178416,16,32768,3214.08
178432,16,32768,3214.08
178448,16,32768,3213.95
178464,16,32768,3214.08
178480,16,32768,3214.08
178496,16,32768,3214.08
178512,16,32768,3213.95
178528,16,32768,3213.95
178544,16,32768,3214.08
178560,16,32768,3214.08
178576,16,32768,3214.08
178592,16,32768,3214.08
178608,16,32768,3214.08
178624,16,32768,3214.08
178640,16,32768,3214.08
178656,16,32768,3213.95
178672,16,32768,3213.95
178688,16,32768,3214.08
178704,16,32768,3213.82
178720,16,32768,3213.95
178736,16,32768,3214.08
178752,16,32768,3213.95
178768,16,32768,3213.95
178784,16,32768,3213.95
178800,16,32768,3213.95
178816,16,32768,3214.08
178832,16,32768,3214.08
178848,16,32768,3214.08
178864,16,32768,3214.08
178880,16,32768,3213.95
178896,16,32768,3214.08
178912,16,32768,3214.08
178928,16,32768,3214.08
178944,16,32768,3214.08
178960,16,32768,3214.08
178976,16,32768,3214.08
178992,16,32768,3214.08
179008,16,32768,3214.08
179024,16,32768,3214.08
179040,16,32768,3214.08
179056,16,32768,3214.08
179072,16,32768,3214.08
179088,16,32768,3213.95
179104,16,32768,3214.08
179120,16,32768,3214.08
179136,16,32768,3214.08
179152,16,32768,3214.08
179168,16,32768,3214.08
179184,16,32768,3213.95
179200,16,32768,3214.08
179216,16,32768,3214.08
179232,16,32768,3214.08
179248,16,32768,3213.57
179264,16,32768,3213.82
179280,16,32768,3213.95
179296,16,32768,3213.95
179312,16,32768,3214.08
179328,16,32768,3214.08
179344,16,32768,3214.08
179360,16,32768,3213.95
179376,16,32768,3214.08
179392,16,32768,3214.08
179408,16,32768,3214.08
179424,16,32768,3214.08
179440,16,32768,3214.08
179456,16,32768,3214.08
179472,16,32768,3213.95
179488,16,32768,3214.08
179504,16,32768,3214.08
179520,16,32768,3214.08
179536,16,32768,3214.08
179552,16,32768,3214.08
179568,16,32768,3213.95
179584,16,32768,3213.95
179600,16,32768,3214.08
179616,16,32768,3213.95
179632,16,32768,3213.95
179648,16,32768,3214.08
179664,16,32768,3213.95
179680,16,32768,3214.08
179696,16,32768,3214.08
179712,16,32768,3214.08
179728,16,32768,3214.08
179744,16,32768,3214.08
179760,16,32768,3214.08
179776,16,32768,3214.08
179792,16,32768,3214.08
179808,16,32768,3214.08
179824,16,32768,3214.08
179840,16,32768,3213.95
179856,16,32768,3214.08
179872,16,32768,3214.08
179888,16,32768,3214.08
179904,16,32768,3214.08
179920,16,32768,3214.08
179936,16,32768,3214.08
179952,16,32768,3214.08
179968,16,32768,3214.08
179984,16,32768,3214.08
180000,16,32768,3214.08
180016,16,32768,3214.08
180032,16,32768,3214.08
180048,16,32768,3214.08
180064,16,32768,3213.95
180080,16,32768,3213.06
180096,16,32768,3213.57
180112,16,32768,3214.08
180128,16,32768,3214.08
180144,16,32768,3213.82
180160,16,32768,3214.08
180176,16,32768,3213.44
180192,16,32768,3214.08
180208,16,32768,3214.08
180224,16,32768,3213.95
180240,16,32768,3214.08
180256,16,32768,3214.08
180272,16,32768,3214.08
180288,16,32768,3214.08
180304,16,32768,3213.95
180320,16,32768,3213.82
180336,16,32768,3213.82
180352,16,32768,3213.95
180368,16,32768,3214.08
180384,16,32768,3214.08
180400,16,32768,3214.08
180416,16,32768,3214.08
180432,16,32768,3214.08
180448,16,32768,3213.95
180464,16,32768,3214.08
180480,16,32768,3213.82
180496,16,32768,3214.08
180512,16,32768,3214.08
180528,16,32768,3214.08
180544,16,32768,3214.08
180560,16,32768,3214.08
180576,16,32768,3214.08
180592,16,32768,3213.95
180608,16,32768,3214.08
180624,16,32768,3214.08
180640,16,32768,3214.08
180656,16,32768,3214.08
180672,16,32768,3214.08
180688,16,32768,3214.08
180704,16,32768,3214.08
180720,16,32768,3214.08
180736,16,32768,3214.08
180752,16,32768,3213.95
180768,16,32768,3213.95
180784,16,32768,3214.08
180800,16,32768,3213.95
180816,16,32768,3214.08
180832,16,32768,3214.08
180848,16,32768,3214.08
180864,16,32768,3214.08
180880,16,32768,3214.08
180896,16,32768,3214.08
180912,16,32768,3214.08
180928,16,32768,3213.82
180944,16,32768,3214.08
180960,16,32768,3213.95
180976,16,32768,3214.08
180992,16,32768,3213.95
181008,16,32768,3214.08
181024,16,32768,3213.44
181040,16,32768,3214.08
181056,16,32768,3214.08
181072,16,32768,3214.08
181088,16,32768,3214.08
181104,16,32768,3214.08
181120,16,32768,3213.95
181136,16,32768,3214.08
181152,16,32768,3213.95
181168,16,32768,3214.08
181184,16,32768,3213.95
181200,16,32768,3214.08
181216,16,32768,3214.08
181232,16,32768,3214.08
181248,16,32768,3214.08
181264,16,32768,3214.08
181280,16,32768,3214.08
181296,16,32768,3214.08
181312,16,32768,3214.08
181328,16,32768,3213.95
181344,16,32768,3214.08
181360,16,32768,3214.08
181376,16,32768,3214.08
181392,16,32768,3214.08
181408,16,32768,3214.08
181424,16,32768,3214.08
181440,16,32768,3214.08
181456,16,32768,3214.08
181472,16,32768,3213.95
181488,16,32768,3213.95
181504,16,32768,3213.57
181520,16,32768,3213.95
181536,16,32768,3214.08
181552,16,32768,3213.95
181568,16,32768,3214.08
181584,16,32768,3213.95
181600,16,32768,3214.08
181616,16,32768,3214.08
181632,16,32768,3214.08
181648,16,32768,3214.08
181664,16,32768,3214.08
181680,16,32768,3214.08
181696,16,32768,3214.08
181712,16,32768,3213.95
181728,16,32768,3214.08
181744,16,32768,3214.08
181760,16,32768,3213.95
181776,16,32768,3214.08
181792,16,32768,3214.08
181808,16,32768,3214.08
181824,16,32768,3213.95
181840,16,32768,3214.08
181856,16,32768,3214.08
181872,16,32768,3214.08
181888,16,32768,3214.08
181904,16,32768,3214.08
181920,16,32768,3214.08
181936,16,32768,3214.08
181952,16,32768,3214.08
181968,16,32768,3214.08
181984,16,32768,3214.08
182000,16,32768,3214.08
182016,16,32768,3213.95
182032,16,32768,3213.95
182048,16,32768,3214.08
182064,16,32768,3213.95
182080,16,32768,3213.95
182096,16,32768,3214.08
182112,16,32768,3214.08
182128,16,32768,3214.08
182144,16,32768,3214.08
182160,16,32768,3214.08
182176,16,32768,3213.95
182192,16,32768,3214.08
182208,16,32768,3214.08
182224,16,32768,3214.08
182240,16,32768,3214.08
182256,16,32768,3214.08
182272,16,32768,3214.08
182288,16,32768,3214.08
182304,16,32768,3214.08
182320,16,32768,3214.08
182336,16,32768,3214.08
182352,16,32768,3214.08
182368,16,32768,3214.08
182384,16,32768,3214.08
182400,16,32768,3214.08
182416,16,32768,3214.08
182432,16,32768,3214.08
182448,16,32768,3214.08
182464,16,32768,3213.95
182480,16,32768,3213.95
182496,16,32768,3214.08
182512,16,32768,3214.08
182528,16,32768,3214.08
182544,16,32768,3214.08
182560,16,32768,3214.08
182576,16,32768,3214.08
182592,16,32768,3214.08
182608,16,32768,3214.08
182624,16,32768,3214.08
182640,16,32768,3214.08
182656,16,32768,3214.08
182672,16,32768,3213.95
182688,16,32768,3214.08
182704,16,32768,3214.08
182720,16,32768,3213.95
182736,16,32768,3214.08
182752,16,32768,3214.08
182768,16,32768,3214.08
182784,16,32768,3213.95
182800,16,32768,3214.08
182816,16,32768,3214.08
182832,16,32768,3214.08
182848,16,32768,3214.08
182864,16,32768,3214.08
182880,16,32768,3214.08
182896,16,32768,3214.08
182912,16,32768,3214.08
182928,16,32768,3214.08
182944,16,32768,3214.08
182960,16,32768,3214.08
182976,16,32768,3214.08
182992,16,32768,3214.08
183008,16,32768,3214.08
183024,16,32768,3214.08
183040,16,32768,3213.95
183056,16,32768,3213.82
183072,16,32768,3214.08
183088,16,32768,3214.08
183104,16,32768,3214.08
183120,16,32768,3214.08
183136,16,32768,3214.08
183152,16,32768,3213.95
183168,16,32768,3213.95
183184,16,32768,3214.08
183200,16,32768,3214.08
183216,16,32768,3214.08
183232,16,32768,3214.08
183248,16,32768,3214.08
183264,16,32768,3214.08
183280,16,32768,3214.08
183296,16,32768,3214.08
183312,16,32768,3214.08
183328,16,32768,3214.08
183344,16,32768,3213.95
183360,16,32768,3213.95
183376,16,32768,3214.08
183392,16,32768,3214.08
183408,16,32768,3214.08
183424,16,32768,3214.08
183440,16,32768,3214.08
183456,16,32768,3213.95
183472,16,32768,3214.08
183488,16,32768,3214.08
183504,16,32768,3214.08
183520,16,32768,3214.08
183536,16,32768,3214.08
183552,16,32768,3213.95
183568,16,32768,3214.08
183584,16,32768,3214.08
183600,16,32768,3214.08
183616,16,32768,3214.08
183632,16,32768,3213.06
183648,16,32768,3214.08
183664,16,32768,3214.08
183680,16,32768,3214.08
183696,16,32768,3214.08
183712,16,32768,3213.95
183728,16,32768,3214.08
183744,16,32768,3214.08
183760,16,32768,3214.08
183776,16,32768,3214.08
183792,16,32768,3214.08
183808,16,32768,3213.95
183824,16,32768,3214.08
183840,16,32768,3214.08
183856,16,32768,3213.95
183872,16,32768,3213.95
183888,16,32768,3213.95
183904,16,32768,3213.95
183920,16,32768,3214.08
183936,16,32768,3214.08
183952,16,32768,3214.08
183968,16,32768,3213.95
183984,16,32768,3214.08
184000,16,32768,3214.08
184016,16,32768,3214.08
184032,16,32768,3214.08
184048,16,32768,3214.08
184064,16,32768,3214.08
184080,16,32768,3214.08
184096,16,32768,3214.08
184112,16,32768,3214.08
184128,16,32768,3214.08
184144,16,32768,3214.08
184160,16,32768,3213.82
184176,16,32768,3213.95
184192,16,32768,3214.08
184208,16,32768,3213.95
184224,16,32768,3214.08
184240,16,32768,3214.08
184256,16,32768,3214.08
184272,16,32768,3214.08
184288,16,32768,3213.95
184304,16,32768,3213.95
184320,16,32768,3214.08
184336,16,32768,3214.08
184352,16,32768,3213.95
184368,16,32768,3214.08
184384,16,32768,3214.08
184400,16,32768,3214.08
184416,16,32768,3213.95
184432,16,32768,3214.08
184448,16,32768,3214.08
184464,16,32768,3214.08
184480,16,32768,3214.08
184496,16,32768,3214.08
184512,16,32768,3214.08
184528,16,32768,3214.08
184544,16,32768,3214.08
184560,16,32768,3214.08
184576,16,32768,3214.08
184592,16,32768,3214.08
184608,16,32768,3214.08
184624,16,32768,3213.95
184640,16,32768,3214.08
184656,16,32768,3213.95
184672,16,32768,3214.08
184688,16,32768,3214.08
184704,16,32768,3214.08
184720,16,32768,3213.95
184736,16,32768,3214.08
184752,16,32768,3213.95
184768,16,32768,3214.08
184784,16,32768,3214.08
184800,16,32768,3214.08
184816,16,32768,3214.08
184832,16,32768,3213.95
184848,16,32768,3213.95
184864,16,32768,3214.08
184880,16,32768,3214.08
184896,16,32768,3214.08
184912,16,32768,3214.08
184928,16,32768,3214.08
184944,16,32768,3214.08
184960,16,32768,3214.08
184976,16,32768,3214.08
184992,16,32768,3214.08
185008,16,32768,3214.08
185024,16,32768,3214.08
185040,16,32768,3214.08
185056,16,32768,3214.08
185072,16,32768,3213.95
185088,16,32768,3213.82
185104,16,32768,3213.95
185120,16,32768,3214.08
185136,16,32768,3214.08
185152,16,32768,3214.08
185168,16,32768,3214.08
185184,16,32768,3214.08
185200,16,32768,3213.95
185216,16,32768,3214.08
185232,16,32768,3214.08
185248,16,32768,3213.95
185264,16,32768,3214.08
185280,16,32768,3214.08
185296,16,32768,3213.82
185312,16,32768,3214.08
185328,16,32768,3213.95
185344,16,32768,3214.08
185360,16,32768,3214.08
185376,16,32768,3213.95
185392,16,32768,3214.08
185408,16,32768,3213.95
185424,16,32768,3214.08
185440,16,32768,3214.08
185456,16,32768,3213.95
185472,16,32768,3214.08
185488,16,32768,3214.08
185504,16,32768,3213.95
185520,16,32768,3214.08
185536,16,32768,3214.08
185552,16,32768,3214.08
185568,16,32768,3214.08
185584,16,32768,3214.08
185600,16,32768,3214.08
185616,16,32768,3214.08
185632,16,32768,3214.08
185648,16,32768,3214.08
185664,16,32768,3214.08
185680,16,32768,3214.08
185696,16,32768,3214.08
185712,16,32768,3213.95
185728,16,32768,3213.95
185744,16,32768,3214.08
185760,16,32768,3214.08
185776,16,32768,3213.44
185792,16,32768,3213.95
185808,16,32768,3213.95
185824,16,32768,3214.08
185840,16,32768,3213.95
185856,16,32768,3214.08
185872,16,32768,3214.08
185888,16,32768,3214.08
185904,16,32768,3213.95
185920,16,32768,3214.08
185936,16,32768,3214.08
185952,16,32768,3214.08
185968,16,32768,3214.08
185984,16,32768,3213.95
186000,16,32768,3214.08
186016,16,32768,3214.08
186032,16,32768,3214.08
186048,16,32768,3214.08
186064,16,32768,3213.95
186080,16,32768,3214.08
186096,16,32768,3214.08
186112,16,32768,3214.08
186128,16,32768,3213.95
186144,16,32768,3213.95
186160,16,32768,3214.08
186176,16,32768,3214.08
186192,16,32768,3214.08
186208,16,32768,3214.08
186224,16,32768,3214.08
186240,16,32768,3214.08
186256,16,32768,3214.08
186272,16,32768,3214.08
186288,16,32768,3213.95
186304,16,32768,3213.95
186320,16,32768,3214.08
186336,16,32768,3214.08
186352,16,32768,3214.08
186368,16,32768,3214.08
186384,16,32768,3214.08
186400,16,32768,3214.08
186416,16,32768,3214.08
186432,16,32768,3213.95
186448,16,32768,3214.08
186464,16,32768,3214.08
186480,16,32768,3214.08
186496,16,32768,3213.95
186512,16,32768,3214.08
186528,16,32768,3214.08
186544,16,32768,3213.95
186560,16,32768,3214.08
186576,16,32768,3214.08
186592,16,32768,3214.08
186608,16,32768,3213.95
186624,16,32768,3214.08
186640,16,32768,3213.95
186656,16,32768,3214.08
186672,16,32768,3214.08
186688,16,32768,3214.08
186704,16,32768,3214.08
186720,16,32768,3214.08
186736,16,32768,3214.08
186752,16,32768,3214.08
186768,16,32768,3213.95
186784,16,32768,3214.08
186800,16,32768,3214.08
186816,16,32768,3214.08
186832,16,32768,3213.95
186848,16,32768,3213.95
186864,16,32768,3214.08
186880,16,32768,3214.08
186896,16,32768,3213.95
186912,16,32768,3213.95
186928,16,32768,3214.08
186944,16,32768,3214.08
186960,16,32768,3214.08
186976,16,32768,3213.95
186992,16,32768,3214.08
187008,16,32768,3214.08
187024,16,32768,3214.08
187040,16,32768,3214.08
187056,16,32768,3214.08
187072,16,32768,3214.08
187088,16,32768,3213.44
187104,16,32768,3214.08
187120,16,32768,3213.95
187136,16,32768,3214.08
187152,16,32768,3214.08
187168,16,32768,3214.08
187184,16,32768,3214.08
187200,16,32768,3213.82
187216,16,32768,3214.08
187232,16,32768,3213.95
187248,16,32768,3214.08
187264,16,32768,3213.95
187280,16,32768,3213.95
187296,16,32768,3214.08
187312,16,32768,3213.95
187328,16,32768,3214.08
187344,16,32768,3214.08
187360,16,32768,3214.08
187376,16,32768,3214.08
187392,16,32768,3214.08
187408,16,32768,3213.95
187424,16,32768,3214.08
187440,16,32768,3214.08
187456,16,32768,3213.95
187472,16,32768,3213.95
187488,16,32768,3213.95
187504,16,32768,3214.08
187520,16,32768,3214.08
187536,16,32768,3214.08
187552,16,32768,3214.08
187568,16,32768,3214.08
187584,16,32768,3214.08
187600,16,32768,3214.08
187616,16,32768,3213.95
187632,16,32768,3213.95
187648,16,32768,3214.08
187664,16,32768,3213.95
187680,16,32768,3214.08
187696,16,32768,3214.08
187712,16,32768,3214.08
187728,16,32768,3214.08
187744,16,32768,3214.08
187760,16,32768,3214.08
187776,16,32768,3214.08
187792,16,32768,3214.08
187808,16,32768,3213.95
187824,16,32768,3214.08
187840,16,32768,3214.08
187856,16,32768,3214.08
187872,16,32768,3214.08
187888,16,32768,3214.08
187904,16,32768,3214.08
187920,16,32768,3213.95
187936,16,32768,3214.08
187952,16,32768,3214.08
187968,16,32768,3214.08
187984,16,32768,3214.08
188000,16,32768,3214.08
188016,16,32768,3214.08
188032,16,32768,3213.95
188048,16,32768,3214.08
188064,16,32768,3214.08
188080,16,32768,3214.08
188096,16,32768,3214.08
188112,16,32768,3214.08
188128,16,32768,3214.08
188144,16,32768,3213.95
188160,16,32768,3214.08
188176,16,32768,3213.95
188192,16,32768,3214.08
188208,16,32768,3213.95
188224,16,32768,3214.08
188240,16,32768,3213.95
188256,16,32768,3214.08
188272,16,32768,3214.08
188288,16,32768,3214.08
188304,16,32768,3214.08
188320,16,32768,3214.08
188336,16,32768,3214.08
188352,16,32768,3214.08
188368,16,32768,3214.08
188384,16,32768,3213.95
188400,16,32768,3214.08
188416,16,32768,3214.08
188432,16,32768,3214.08
188448,16,32768,3214.08
188464,16,32768,3213.95
188480,16,32768,3214.08
188496,16,32768,3214.08
188512,16,32768,3213.57
188528,16,32768,3214.08
188544,16,32768,3214.08
188560,16,32768,3213.95
188576,16,32768,3214.08
188592,16,32768,3214.08
188608,16,32768,3214.08
188624,16,32768,3213.44
188640,16,32768,3213.95
188656,16,32768,3213.82
188672,16,32768,3214.08
188688,16,32768,3214.08
188704,16,32768,3214.08
188720,16,32768,3213.82
188736,16,32768,3213.95
188752,16,32768,3213.95
188768,16,32768,3214.08
188784,16,32768,3214.08
188800,16,32768,3214.08
188816,16,32768,3214.08
188832,16,32768,3214.08
188848,16,32768,3214.08
188864,16,32768,3214.08
188880,16,32768,3214.08
188896,16,32768,3214.08
188912,16,32768,3214.08
188928,16,32768,3214.08
188944,16,32768,3214.08
188960,16,32768,3213.95
188976,16,32768,3214.08
188992,16,32768,3214.08
189008,16,32768,3213.82
189024,16,32768,3214.08
189040,16,32768,3214.08
189056,16,32768,3214.08
189072,16,32768,3214.08
189088,16,32768,3214.08
189104,16,32768,3214.08
189120,16,32768,3214.08
189136,16,32768,3214.08
189152,16,32768,3214.08
189168,16,32768,3214.08
189184,16,32768,3214.08
189200,16,32768,3214.08
189216,16,32768,3214.08
189232,16,32768,3214.08
189248,16,32768,3213.95
189264,16,32768,3214.08
189280,16,32768,3214.08
189296,16,32768,3214.08
189312,16,32768,3213.95
189328,16,32768,3214.08
189344,16,32768,3214.08
189360,16,32768,3214.08
189376,16,32768,3214.08
189392,16,32768,3213.95
189408,16,32768,3214.08
189424,16,32768,3214.08
189440,16,32768,3214.08
189456,16,32768,3214.08
189472,16,32768,3214.08
189488,16,32768,3214.08
189504,16,32768,3214.08
189520,16,32768,3214.08
189536,16,32768,3214.08
189552,16,32768,3214.08
189568,16,32768,3213.44
189584,16,32768,3214.08
189600,16,32768,3214.08
189616,16,32768,3213.82
189632,16,32768,3214.08
189648,16,32768,3214.08
189664,16,32768,3213.95
189680,16,32768,3213.95
189696,16,32768,3214.08
189712,16,32768,3214.08
189728,16,32768,3214.08
189744,16,32768,3213.95
189760,16,32768,3214.08
189776,16,32768,3214.08
189792,16,32768,3214.08
189808,16,32768,3214.08
189824,16,32768,3214.08
189840,16,32768,3214.08
189856,16,32768,3214.08
189872,16,32768,3214.08
189888,16,32768,3213.95
189904,16,32768,3214.08
189920,16,32768,3213.95
189936,16,32768,3214.08
189952,16,32768,3214.08
189968,16,32768,3214.08
189984,16,32768,3214.08
190000,16,32768,3214.08
190016,16,32768,3213.95
190032,16,32768,3214.08
190048,16,32768,3213.95
190064,16,32768,3214.08
190080,16,32768,3214.08
190096,16,32768,3214.08
190112,16,32768,3214.08
190128,16,32768,3214.08
190144,16,32768,3213.82
190160,16,32768,3214.08
190176,16,32768,3214.08
190192,16,32768,3214.08
190208,16,32768,3213.95
190224,16,32768,3214.08
190240,16,32768,3214.08
190256,16,32768,3214.08
190272,16,32768,3213.95
190288,16,32768,3213.95
190304,16,32768,3214.08
190320,16,32768,3214.08
190336,16,32768,3214.08
190352,16,32768,3214.08
190368,16,32768,3214.08
190384,16,32768,3214.08
190400,16,32768,3214.08
190416,16,32768,3214.08
190432,16,32768,3212.93
190448,16,32768,3213.06
190464,16,32768,3213.06
190480,16,32768,3213.06
190496,16,32768,3213.06
190512,16,32768,3213.06
190528,16,32768,3213.06
190544,16,32768,3213.06
190560,16,32768,3213.95
190576,16,32768,3213.57
190592,16,32768,3214.08
190608,16,32768,3213.95
190624,16,32768,3214.08
190640,16,32768,3214.08
190656,16,32768,3213.95
190672,16,32768,3213.57
190688,16,32768,3213.06
190704,16,32768,3213.44
190720,16,32768,3213.57
190736,16,32768,3213.06
190752,16,32768,3213.95
190768,16,32768,3214.08
190784,16,32768,3214.08
190800,16,32768,3214.08
190816,16,32768,3213.95
190832,16,32768,3214.08
190848,16,32768,3214.08
190864,16,32768,3214.08
190880,16,32768,3214.08
190896,16,32768,3214.08
190912,16,32768,3213.95
190928,16,32768,3213.95
190944,16,32768,3214.08
190960,16,32768,3213.82
190976,16,32768,3214.08
190992,16,32768,3214.08
191008,16,32768,3214.08
191024,16,32768,3214.08
191040,16,32768,3214.08
191056,16,32768,3213.95
191072,16,32768,3214.08
191088,16,32768,3214.08
191104,16,32768,3214.08
191120,16,32768,3213.95
191136,16,32768,3214.08
191152,16,32768,3213.44
191168,16,32768,3213.44
191184,16,32768,3213.57
191200,16,32768,3213.06
191216,16,32768,3213.57
191232,16,32768,3214.08
191248,16,32768,3214.08
191264,16,32768,3213.44
191280,16,32768,3213.95
191296,16,32768,3213.95
191312,16,32768,3213.06
191328,16,32768,3213.95
191344,16,32768,3213.57
191360,16,32768,3214.08
191376,16,32768,3214.08
191392,16,32768,3214.08
191408,16,32768,3213.95
191424,16,32768,3213.95
191440,16,32768,3214.08
191456,16,32768,3213.95
191472,16,32768,3214.08
191488,16,32768,3213.57
191504,16,32768,3213.95
191520,16,32768,3214.08
191536,16,32768,3214.08
191552,16,32768,3214.08
191568,16,32768,3214.08
191584,16,32768,3214.08
191600,16,32768,3214.08
191616,16,32768,3214.08
191632,16,32768,3214.08
191648,16,32768,3214.08
191664,16,32768,3214.08
191680,16,32768,3214.08
191696,16,32768,3214.08
191712,16,32768,3214.08
191728,16,32768,3214.08
191744,16,32768,3214.08
191760,16,32768,3214.08
191776,16,32768,3214.08
191792,16,32768,3214.08
191808,16,32768,3214.08
191824,16,32768,3214.08
191840,16,32768,3214.08
191856,16,32768,3214.08
191872,16,32768,3214.08
191888,16,32768,3213.95
191904,16,32768,3214.08
191920,16,32768,3214.08
191936,16,32768,3214.08
191952,16,32768,3214.08
191968,16,32768,3213.95
191984,16,32768,3213.95
192000,16,32768,3214.08
192016,16,32768,3214.08
192032,16,32768,3214.08
192048,16,32768,3214.08
192064,16,32768,3214.08
192080,16,32768,3214.08
192096,16,32768,3214.08
192112,16,32768,3214.08
192128,16,32768,3214.08
192144,16,32768,3214.08
192160,16,32768,3214.08
192176,16,32768,3213.95
192192,16,32768,3214.08
192208,16,32768,3214.08
192224,16,32768,3214.08
192240,16,32768,3213.95
192256,16,32768,3214.08
192272,16,32768,3214.08
192288,16,32768,3214.08
192304,16,32768,3214.08
192320,16,32768,3214.08
192336,16,32768,3214.08
192352,16,32768,3214.08
192368,16,32768,3214.08
192384,16,32768,3214.08
192400,16,32768,3214.08
192416,16,32768,3214.08
192432,16,32768,3213.06
192448,16,32768,3213.95
192464,16,32768,3214.08
192480,16,32768,3214.08
192496,16,32768,3213.95
192512,16,32768,3213.95
192528,16,32768,3214.08
192544,16,32768,3213.95
192560,16,32768,3213.57
192576,16,32768,3214.08
192592,16,32768,3214.08
192608,16,32768,3213.82
192624,16,32768,3213.95
192640,16,32768,3214.08
192656,16,32768,3214.08
192672,16,32768,3214.08
192688,16,32768,3214.08
192704,16,32768,3214.08
192720,16,32768,3214.08
192736,16,32768,3214.08
192752,16,32768,3213.95
192768,16,32768,3214.08
192784,16,32768,3214.08
192800,16,32768,3214.08
192816,16,32768,3214.08
192832,16,32768,3214.08
192848,16,32768,3213.95
192864,16,32768,3214.08
192880,16,32768,3214.08
192896,16,32768,3213.44
192912,16,32768,3214.08
192928,16,32768,3214.08
192944,16,32768,3214.08
192960,16,32768,3214.08
192976,16,32768,3214.08
192992,16,32768,3214.08
193008,16,32768,3214.08
193024,16,32768,3214.08
193040,16,32768,3214.08
193056,16,32768,3214.08
193072,16,32768,3214.08
193088,16,32768,3214.08
193104,16,32768,3213.95
193120,16,32768,3213.95
193136,16,32768,3214.08
193152,16,32768,3214.08
193168,16,32768,3214.08
193184,16,32768,3213.95
193200,16,32768,3213.95
193216,16,32768,3214.08
193232,16,32768,3214.08
193248,16,32768,3213.82
193264,16,32768,3214.08
193280,16,32768,3214.08
193296,16,32768,3214.08
193312,16,32768,3213.95
193328,16,32768,3214.08
193344,16,32768,3214.08
193360,16,32768,3213.95
193376,16,32768,3213.95
193392,16,32768,3214.08
193408,16,32768,3214.08
193424,16,32768,3213.95
193440,16,32768,3214.08
193456,16,32768,3214.08
193472,16,32768,3213.95
193488,16,32768,3214.08
193504,16,32768,3214.08
193520,16,32768,3214.08
193536,16,32768,3214.08
193552,16,32768,3214.08
193568,16,32768,3213.95
193584,16,32768,3214.08
193600,16,32768,3214.08
193616,16,32768,3214.08
193632,16,32768,3213.95
193648,16,32768,3214.08
193664,16,32768,3214.08
193680,16,32768,3213.95
193696,16,32768,3213.95
193712,16,32768,3214.08
193728,16,32768,3214.08
193744,16,32768,3214.08
193760,16,32768,3214.08
193776,16,32768,3213.95
193792,16,32768,3214.08
193808,16,32768,3214.08
193824,16,32768,3214.08
193840,16,32768,3214.08
193856,16,32768,3214.08
193872,16,32768,3214.08
193888,16,32768,3214.08
193904,16,32768,3214.08
193920,16,32768,3213.95
193936,16,32768,3214.08
193952,16,32768,3214.08
193968,16,32768,3213.95
193984,16,32768,3213.95
194000,16,32768,3214.08
194016,16,32768,3214.08
194032,16,32768,3214.08
194048,16,32768,3213.95
194064,16,32768,3214.08
194080,16,32768,3214.08
194096,16,32768,3214.08
194112,16,32768,3214.08
194128,16,32768,3214.08
194144,16,32768,3213.95
194160,16,32768,3213.95
194176,16,32768,3214.08
194192,16,32768,3214.08
194208,16,32768,3214.08
194224,16,32768,3214.08
194240,16,32768,3214.08
194256,16,32768,3213.95
194272,16,32768,3214.08
194288,16,32768,3214.08
194304,16,32768,3214.08
194320,16,32768,3213.44
194336,16,32768,3214.08
194352,16,32768,3214.08
194368,16,32768,3214.08
194384,16,32768,3214.08
194400,16,32768,3214.08
194416,16,32768,3214.08
194432,16,32768,3214.08
194448,16,32768,3213.44
194464,16,32768,3213.57
194480,16,32768,3213.06
194496,16,32768,3214.08
194512,16,32768,3213.95
194528,16,32768,3213.95
194544,16,32768,3213.95
194560,16,32768,3213.82
194576,16,32768,3214.08
194592,16,32768,3214.08
194608,16,32768,3214.08
194624,16,32768,3213.95
194640,16,32768,3213.95
194656,16,32768,3214.08
194672,16,32768,3214.08
194688,16,32768,3214.08
194704,16,32768,3214.08
194720,16,32768,3214.08
194736,16,32768,3214.08
194752,16,32768,3213.95
194768,16,32768,3214.08
194784,16,32768,3214.08
194800,16,32768,3213.82
194816,16,32768,3214.08
194832,16,32768,3214.08
194848,16,32768,3214.08
194864,16,32768,3214.08
194880,16,32768,3213.95
194896,16,32768,3213.95
194912,16,32768,3214.08
194928,16,32768,3213.82
194944,16,32768,3214.08
194960,16,32768,3214.08
194976,16,32768,3213.95
194992,16,32768,3214.08
195008,16,32768,3213.95
195024,16,32768,3214.08
195040,16,32768,3213.95
195056,16,32768,3214.08
195072,16,32768,3214.08
195088,16,32768,3214.08
195104,16,32768,3214.08
195120,16,32768,3213.95
195136,16,32768,3214.08
195152,16,32768,3214.08
195168,16,32768,3214.08
195184,16,32768,3214.08
195200,16,32768,3213.95
195216,16,32768,3214.08
195232,16,32768,3213.95
195248,16,32768,3214.08
195264,16,32768,3213.95
195280,16,32768,3214.08
195296,16,32768,3214.08
195312,16,32768,3214.08
195328,16,32768,3214.08
195344,16,32768,3214.08
195360,16,32768,3214.08
195376,16,32768,3213.06
195392,16,32768,3213.95
195408,16,32768,3214.08
195424,16,32768,3214.08
195440,16,32768,3214.08
195456,16,32768,3214.08
195472,16,32768,3214.08
195488,16,32768,3214.08
195504,16,32768,3214.08
195520,16,32768,3214.08
195536,16,32768,3214.08
195552,16,32768,3214.08
195568,16,32768,3214.08
195584,16,32768,3214.08
195600,16,32768,3214.08
195616,16,32768,3214.08
195632,16,32768,3214.08
195648,16,32768,3213.82
195664,16,32768,3213.57
195680,16,32768,3214.08
195696,16,32768,3214.08
195712,16,32768,3213.95
195728,16,32768,3214.08
195744,16,32768,3214.08
195760,16,32768,3214.08
195776,16,32768,3214.08
195792,16,32768,3214.08
195808,16,32768,3213.95
195824,16,32768,3214.08
195840,16,32768,3213.95
195856,16,32768,3214.08
195872,16,32768,3214.08
195888,16,32768,3214.08
195904,16,32768,3214.08
195920,16,32768,3213.95
195936,16,32768,3213.95
195952,16,32768,3213.82
195968,16,32768,3214.08
195984,16,32768,3214.08
196000,16,32768,3214.08
196016,16,32768,3213.95
196032,16,32768,3213.95
196048,16,32768,3214.08
196064,16,32768,3213.57
196080,16,32768,3214.08
196096,16,32768,3214.08
196112,16,32768,3214.08
196128,16,32768,3214.08
196144,16,32768,3213.95
196160,16,32768,3214.08
196176,16,32768,3214.08
196192,16,32768,3214.08
196208,16,32768,3213.95
196224,16,32768,3213.06
196240,16,32768,3213.82
196256,16,32768,3214.08
196272,16,32768,3214.08
196288,16,32768,3214.08
196304,16,32768,3213.95
196320,16,32768,3214.08
196336,16,32768,3213.95
196352,16,32768,3213.95
196368,16,32768,3213.95
196384,16,32768,3213.95
196400,16,32768,3214.08
196416,16,32768,3214.08
196432,16,32768,3213.95
196448,16,32768,3214.08
196464,16,32768,3214.08
196480,16,32768,3214.08
196496,16,32768,3213.95
196512,16,32768,3213.95
196528,16,32768,3213.95
196544,16,32768,3214.08
196560,16,32768,3214.08
196576,16,32768,3214.08
196592,16,32768,3214.08
196608,16,32768,3214.08
196624,16,32768,3214.08
196640,16,32768,3214.08
196656,16,32768,3214.08
196672,16,32768,3214.08
196688,16,32768,3214.08
196704,16,32768,3214.08
196720,16,32768,3214.08
196736,16,32768,3214.08
196752,16,32768,3214.08
196768,16,32768,3213.95
196784,16,32768,3214.08
196800,16,32768,3214.08
196816,16,32768,3214.08
196832,16,32768,3214.08
196848,16,32768,3214.08
196864,16,32768,3214.08
196880,16,32768,3214.08
196896,16,32768,3214.08
196912,16,32768,3214.08
196928,16,32768,3214.08
196944,16,32768,3213.95
196960,16,32768,3214.08
196976,16,32768,3214.08
196992,16,32768,3214.08
197008,16,32768,3214.08
197024,16,32768,3214.08
197040,16,32768,3213.95
197056,16,32768,3214.08
197072,16,32768,3214.08
197088,16,32768,3214.08
197104,16,32768,3214.08
197120,16,32768,3214.08
197136,16,32768,3214.08
197152,16,32768,3214.08
197168,16,32768,3213.95
197184,16,32768,3213.95
197200,16,32768,3214.08
197216,16,32768,3213.95
197232,16,32768,3214.08
197248,16,32768,3214.08
197264,16,32768,3214.08
197280,16,32768,3214.08
197296,16,32768,3214.08
197312,16,32768,3214.08
197328,16,32768,3214.08
197344,16,32768,3214.08
197360,16,32768,3213.95
197376,16,32768,3214.08
197392,16,32768,3214.08
197408,16,32768,3214.08
197424,16,32768,3214.08
197440,16,32768,3214.08
197456,16,32768,3213.95
197472,16,32768,3214.08
197488,16,32768,3214.08
197504,16,32768,3214.08
197520,16,32768,3214.08
197536,16,32768,3214.08
197552,16,32768,3214.08
197568,16,32768,3213.95
197584,16,32768,3214.08
197600,16,32768,3214.08
197616,16,32768,3214.08
197632,16,32768,3214.08
197648,16,32768,3214.08
197664,16,32768,3214.08
197680,16,32768,3214.08
197696,16,32768,3213.95
197712,16,32768,3213.95
197728,16,32768,3214.08
197744,16,32768,3214.08
197760,16,32768,3214.08
197776,16,32768,3213.95
197792,16,32768,3214.08
197808,16,32768,3214.08
197824,16,32768,3214.08
197840,16,32768,3214.08
197856,16,32768,3214.08
197872,16,32768,3214.08
197888,16,32768,3214.08
197904,16,32768,3214.08
197920,16,32768,3214.08
197936,16,32768,3214.08
197952,16,32768,3213.44
197968,16,32768,3214.08
197984,16,32768,3213.95
198000,16,32768,3214.08
198016,16,32768,3213.95
198032,16,32768,3214.08
198048,16,32768,3214.08
198064,16,32768,3213.82
198080,16,32768,3214.08
198096,16,32768,3213.95
198112,16,32768,3213.44
198128,16,32768,3214.08
198144,16,32768,3214.08
198160,16,32768,3214.08
198176,16,32768,3214.08
198192,16,32768,3214.08
198208,16,32768,3213.95
198224,16,32768,3213.44
198240,16,32768,3214.08
198256,16,32768,3214.08
198272,16,32768,3214.08
198288,16,32768,3214.08
198304,16,32768,3214.08
198320,16,32768,3214.08
198336,16,32768,3213.82
198352,16,32768,3214.08
198368,16,32768,3214.08
198384,16,32768,3214.08
198400,16,32768,3214.08
198416,16,32768,3213.95
198432,16,32768,3214.08
198448,16,32768,3214.08
198464,16,32768,3214.08
198480,16,32768,3213.95
198496,16,32768,3214.08
198512,16,32768,3213.82
198528,16,32768,3213.95
198544,16,32768,3214.08
198560,16,32768,3214.08
198576,16,32768,3214.08
198592,16,32768,3213.95
198608,16,32768,3214.08
198624,16,32768,3213.95
198640,16,32768,3214.08
198656,16,32768,3213.95
198672,16,32768,3213.95
198688,16,32768,3214.08
198704,16,32768,3214.08
198720,16,32768,3214.08
198736,16,32768,3214.08
198752,16,32768,3214.08
198768,16,32768,3214.08
198784,16,32768,3213.95
198800,16,32768,3213.44
198816,16,32768,3214.08
198832,16,32768,3213.95
198848,16,32768,3214.08
198864,16,32768,3214.08
198880,16,32768,3214.08
198896,16,32768,3214.08
198912,16,32768,3214.08
198928,16,32768,3213.82
198944,16,32768,3214.08
198960,16,32768,3214.08
198976,16,32768,3214.08
198992,16,32768,3214.08
199008,16,32768,3214.08
199024,16,32768,3214.08
199040,16,32768,3214.08
199056,16,32768,3213.95
199072,16,32768,3214.08
199088,16,32768,3214.08
199104,16,32768,3214.08
199120,16,32768,3214.08
199136,16,32768,3213.95
199152,16,32768,3214.08
199168,16,32768,3213.95
199184,16,32768,3214.08
199200,16,32768,3213.95
199216,16,32768,3213.95
199232,16,32768,3213.95
199248,16,32768,3214.08
199264,16,32768,3213.95
199280,16,32768,3213.44
199296,16,32768,3213.57
199312,16,32768,3214.08
199328,16,32768,3213.95
199344,16,32768,3213.95
199360,16,32768,3214.08
199376,16,32768,3214.08
199392,16,32768,3214.08
199408,16,32768,3213.95
199424,16,32768,3214.08
199440,16,32768,3214.08
199456,16,32768,3214.08
199472,16,32768,3213.95
199488,16,32768,3213.95
199504,16,32768,3214.08
199520,16,32768,3214.08
199536,16,32768,3213.95
199552,16,32768,3214.08
199568,16,32768,3214.08
199584,16,32768,3214.08
199600,16,32768,3213.95
199616,16,32768,3214.08
199632,16,32768,3214.08
199648,16,32768,3214.08
199664,16,32768,3214.08
199680,16,32768,3213.82
199696,16,32768,3214.08
199712,16,32768,3214.08
199728,16,32768,3214.08
199744,16,32768,3214.08
199760,16,32768,3214.08
199776,16,32768,3213.95
199792,16,32768,3214.08
199808,16,32768,3214.08
199824,16,32768,3214.08
199840,16,32768,3214.08
199856,16,32768,3214.08
199872,16,32768,3214.08
199888,16,32768,3214.08
199904,16,32768,3214.08
199920,16,32768,3214.08
199936,16,32768,3214.08
199952,16,32768,3214.08
199968,16,32768,3214.08
199984,16,32768,3214.08
200000,16,32768,3213.95
200016,16,32768,3214.08
200032,16,32768,3214.08
200048,16,32768,3213.95
200064,16,32768,3214.08
200080,16,32768,3214.08
200096,16,32768,3213.95
200112,16,32768,3213.82
200128,16,32768,3213.95
200144,16,32768,3214.08
200160,16,32768,3213.95
200176,16,32768,3214.08
200192,16,32768,3214.08
200208,16,32768,3213.95
200224,16,32768,3214.08
200240,16,32768,3214.08
200256,16,32768,3214.08
200272,16,32768,3213.95
200288,16,32768,3213.95
200304,16,32768,3214.08
200320,16,32768,3214.08
200336,16,32768,3213.95
200352,16,32768,3214.08
200368,16,32768,3214.08
200384,16,32768,3214.08
200400,16,32768,3214.08
200416,16,32768,3214.08
200432,16,32768,3214.08
200448,16,32768,3213.95
200464,16,32768,3214.08
200480,16,32768,3213.95
200496,16,32768,3214.08
200512,16,32768,3214.08
200528,16,32768,3214.08
200544,16,32768,3214.08
200560,16,32768,3213.95
200576,16,32768,3214.08
200592,16,32768,3214.08
200608,16,32768,3214.08
200624,16,32768,3214.08
200640,16,32768,3214.08
200656,16,32768,3214.08
200672,16,32768,3214.08
200688,16,32768,3214.08
200704,16,32768,3214.08
200720,16,32768,3214.08
200736,16,32768,3214.08
200752,16,32768,3214.08
200768,16,32768,3214.08
200784,16,32768,3214.08
200800,16,32768,3214.08
200816,16,32768,3214.08
200832,16,32768,3214.08
200848,16,32768,3213.95
200864,16,32768,3213.95
200880,16,32768,3214.08
200896,16,32768,3213.57
200912,16,32768,3213.95
200928,16,32768,3214.08
200944,16,32768,3214.08
200960,16,32768,3214.08
200976,16,32768,3214.08
200992,16,32768,3214.08
201008,16,32768,3214.08
201024,16,32768,3214.08
201040,16,32768,3214.08
201056,16,32768,3213.95
201072,16,32768,3213.95
201088,16,32768,3214.08
201104,16,32768,3214.08
201120,16,32768,3214.08
201136,16,32768,3214.08
201152,16,32768,3214.08
201168,16,32768,3214.08
201184,16,32768,3214.08
201200,16,32768,3214.08
201216,16,32768,3214.08
201232,16,32768,3214.08
201248,16,32768,3214.08
201264,16,32768,3214.08
201280,16,32768,3214.08
201296,16,32768,3214.08
201312,16,32768,3214.08
201328,16,32768,3214.08
201344,16,32768,3213.95
201360,16,32768,3213.95
201376,16,32768,3214.08
201392,16,32768,3214.08
201408,16,32768,3214.08
201424,16,32768,3213.95
201440,16,32768,3214.08
201456,16,32768,3214.08
201472,16,32768,3214.08
201488,16,32768,3214.08
201504,16,32768,3214.08
201520,16,32768,3214.08
201536,16,32768,3213.95
201552,16,32768,3214.08
201568,16,32768,3213.95
201584,16,32768,3214.08
201600,16,32768,3214.08
201616,16,32768,3214.08
201632,16,32768,3214.08
201648,16,32768,3214.08
201664,16,32768,3214.08
201680,16,32768,3213.95
201696,16,32768,3214.08
201712,16,32768,3214.08
201728,16,32768,3214.08
201744,16,32768,3213.95
201760,16,32768,3213.95
201776,16,32768,3213.82
201792,16,32768,3214.08
201808,16,32768,3214.08
201824,16,32768,3213.95
201840,16,32768,3213.95
201856,16,32768,3214.08
201872,16,32768,3214.08
201888,16,32768,3214.08
201904,16,32768,3214.08
201920,16,32768,3214.08
201936,16,32768,3214.08
201952,16,32768,3214.08
201968,16,32768,3214.08
201984,16,32768,3214.08
202000,16,32768,3214.08
202016,16,32768,3214.08
202032,16,32768,3214.08
202048,16,32768,3214.08
202064,16,32768,3214.08
202080,16,32768,3214.08
202096,16,32768,3214.08
202112,16,32768,3214.08
202128,16,32768,3214.08
202144,16,32768,3214.08
202160,16,32768,3214.08
202176,16,32768,3214.08
202192,16,32768,3214.08
202208,16,32768,3214.08
202224,16,32768,3214.08
202240,16,32768,3214.08
202256,16,32768,3214.08
202272,16,32768,3214.08
202288,16,32768,3213.95
202304,16,32768,3214.08
202320,16,32768,3214.08
202336,16,32768,3213.57
202352,16,32768,3214.08
202368,16,32768,3214.08
202384,16,32768,3214.08
202400,16,32768,3214.08
202416,16,32768,3214.08
202432,16,32768,3214.08
202448,16,32768,3214.08
202464,16,32768,3214.08
202480,16,32768,3214.08
202496,16,32768,3214.08
202512,16,32768,3214.08
202528,16,32768,3214.08
202544,16,32768,3214.08
202560,16,32768,3214.08
202576,16,32768,3214.08
202592,16,32768,3213.95
202608,16,32768,3213.95
202624,16,32768,3213.95
202640,16,32768,3214.08
202656,16,32768,3213.95
202672,16,32768,3214.08
202688,16,32768,3214.08
202704,16,32768,3214.08
202720,16,32768,3214.08
202736,16,32768,3214.08
202752,16,32768,3213.95
202768,16,32768,3214.08
202784,16,32768,3214.08
202800,16,32768,3214.08
202816,16,32768,3214.08
202832,16,32768,3213.95
202848,16,32768,3213.44
202864,16,32768,3214.08
202880,16,32768,3214.08
202896,16,32768,3214.08
202912,16,32768,3214.08
202928,16,32768,3213.82
202944,16,32768,3214.08
202960,16,32768,3214.08
202976,16,32768,3214.08
202992,16,32768,3214.08
203008,16,32768,3214.08
203024,16,32768,3214.08
203040,16,32768,3214.08
203056,16,32768,3214.08
203072,16,32768,3214.08
203088,16,32768,3214.08
203104,16,32768,3214.08
203120,16,32768,3214.08
203136,16,32768,3214.08
203152,16,32768,3214.08
203168,16,32768,3213.95
203184,16,32768,3214.08
203200,16,32768,3214.08
203216,16,32768,3214.08
203232,16,32768,3213.95
203248,16,32768,3214.08
203264,16,32768,3213.95
203280,16,32768,3214.08
203296,16,32768,3214.08
203312,16,32768,3214.08
203328,16,32768,3214.08
203344,16,32768,3214.08
203360,16,32768,3214.08
203376,16,32768,3214.08
203392,16,32768,3213.95
203408,16,32768,3213.82
203424,16,32768,3214.08
203440,16,32768,3214.08
203456,16,32768,3214.08
203472,16,32768,3213.95
203488,16,32768,3214.08
203504,16,32768,3214.08
203520,16,32768,3214.08
203536,16,32768,3214.08
203552,16,32768,3214.08
203568,16,32768,3214.08
203584,16,32768,3214.08
203600,16,32768,3214.08
203616,16,32768,3213.95
203632,16,32768,3213.95
203648,16,32768,3214.08
203664,16,32768,3213.95
203680,16,32768,3214.08
203696,16,32768,3214.08
203712,16,32768,3214.08
203728,16,32768,3214.08
203744,16,32768,3214.08
203760,16,32768,3213.95
203776,16,32768,3213.95
203792,16,32768,3214.08
203808,16,32768,3214.08
203824,16,32768,3213.95
203840,16,32768,3213.95
203856,16,32768,3213.95
203872,16,32768,3214.08
203888,16,32768,3214.08
203904,16,32768,3214.08
203920,16,32768,3214.08
203936,16,32768,3214.08
203952,16,32768,3214.08
203968,16,32768,3214.08
203984,16,32768,3214.08
204000,16,32768,3214.08
204016,16,32768,3214.08
204032,16,32768,3214.08
204048,16,32768,3213.95
204064,16,32768,3213.95
204080,16,32768,3214.08
204096,16,32768,3214.08
204112,16,32768,3214.08
204128,16,32768,3214.08
204144,16,32768,3214.08
204160,16,32768,3213.95
204176,16,32768,3214.08
204192,16,32768,3214.08
204208,16,32768,3213.95
204224,16,32768,3213.95
204240,16,32768,3214.08
204256,16,32768,3213.95
204272,16,32768,3214.08
204288,16,32768,3214.08
204304,16,32768,3214.08
204320,16,32768,3213.95
204336,16,32768,3214.08
204352,16,32768,3214.08
204368,16,32768,3213.95
204384,16,32768,3214.08
204400,16,32768,3214.08
204416,16,32768,3214.08
204432,16,32768,3214.08
204448,16,32768,3213.95
204464,16,32768,3213.95
204480,16,32768,3214.08
204496,16,32768,3214.08
204512,16,32768,3214.08
204528,16,32768,3214.08
204544,16,32768,3213.95
204560,16,32768,3214.08
204576,16,32768,3214.08
204592,16,32768,3213.95
204608,16,32768,3213.95
204624,16,32768,3214.08
204640,16,32768,3214.08
204656,16,32768,3214.08
204672,16,32768,3214.08
204688,16,32768,3214.08
204704,16,32768,3214.08
204720,16,32768,3214.08
204736,16,32768,3213.82
204752,16,32768,3213.95
204768,16,32768,3214.08
204784,16,32768,3214.08
204800,16,32768,3213.95
204816,16,32768,3214.08
204832,16,32768,3213.95
204848,16,32768,3214.08
204864,16,32768,3213.95
204880,16,32768,3214.08
204896,16,32768,3214.08
204912,16,32768,3213.95
204928,16,32768,3214.08
204944,16,32768,3213.82
204960,16,32768,3214.08
204976,16,32768,3214.08
204992,16,32768,3214.08
205008,16,32768,3214.08
205024,16,32768,3214.08
205040,16,32768,3214.08
205056,16,32768,3214.08
205072,16,32768,3214.08
205088,16,32768,3214.08
205104,16,32768,3213.95
205120,16,32768,3213.95
205136,16,32768,3214.08
205152,16,32768,3214.08
205168,16,32768,3214.08
205184,16,32768,3213.95
205200,16,32768,3213.95
205216,16,32768,3213.95
205232,16,32768,3214.08
205248,16,32768,3213.95
205264,16,32768,3214.08
205280,16,32768,3214.08
205296,16,32768,3214.08
205312,16,32768,3214.08
205328,16,32768,3214.08
205344,16,32768,3213.95
205360,16,32768,3214.08
205376,16,32768,3214.08
205392,16,32768,3214.08
205408,16,32768,3214.08
205424,16,32768,3213.95
205440,16,32768,3213.95
205456,16,32768,3214.08
205472,16,32768,3214.08
205488,16,32768,3214.08
205504,16,32768,3213.95
205520,16,32768,3213.57
205536,16,32768,3214.08
205552,16,32768,3214.08
205568,16,32768,3214.08
205584,16,32768,3214.08
205600,16,32768,3213.06
205616,16,32768,3213.06
205632,16,32768,3213.06
205648,16,32768,3213.06
205664,16,32768,3213.57
205680,16,32768,3213.06
205696,16,32768,3213.57
205712,16,32768,3214.08
205728,16,32768,3213.44
205744,16,32768,3214.08
205760,16,32768,3214.08
205776,16,32768,3214.08
205792,16,32768,3214.08
205808,16,32768,3213.44
205824,16,32768,3214.08
205840,16,32768,3214.08
205856,16,32768,3214.08
205872,16,32768,3213.82
205888,16,32768,3214.08
205904,16,32768,3213.95
205920,16,32768,3214.08
205936,16,32768,3214.08
205952,16,32768,3214.08
205968,16,32768,3213.95
205984,16,32768,3213.95
206000,16,32768,3214.08
206016,16,32768,3213.95
206032,16,32768,3214.08
206048,16,32768,3214.08
206064,16,32768,3213.06
206080,16,32768,3213.57
206096,16,32768,3213.95
206112,16,32768,3214.08
206128,16,32768,3214.08
206144,16,32768,3214.08
206160,16,32768,3213.95
206176,16,32768,3214.08
206192,16,32768,3214.08
206208,16,32768,3213.95
206224,16,32768,3214.08
206240,16,32768,3213.95
206256,16,32768,3214.08
206272,16,32768,3214.08
206288,16,32768,3214.08
206304,16,32768,3214.08
206320,16,32768,3213.95
206336,16,32768,3214.08
206352,16,32768,3214.08
206368,16,32768,3214.08
206384,16,32768,3214.08
206400,16,32768,3214.08
206416,16,32768,3214.08
206432,16,32768,3214.08
206448,16,32768,3213.95
206464,16,32768,3214.08
206480,16,32768,3214.08
206496,16,32768,3214.08
206512,16,32768,3213.95
206528,16,32768,3214.08
206544,16,32768,3214.08
206560,16,32768,3214.08
206576,16,32768,3214.08
206592,16,32768,3214.08
206608,16,32768,3214.08
206624,16,32768,3214.08
206640,16,32768,3214.08
206656,16,32768,3214.08
206672,16,32768,3214.08
206688,16,32768,3214.08
206704,16,32768,3213.95
206720,16,32768,3214.08
206736,16,32768,3214.08
206752,16,32768,3214.08
206768,16,32768,3214.08
206784,16,32768,3213.44
206800,16,32768,3213.57
206816,16,32768,3213.95
206832,16,32768,3214.08
206848,16,32768,3214.08
206864,16,32768,3214.08
206880,16,32768,3214.08
206896,16,32768,3214.08
206912,16,32768,3214.08
206928,16,32768,3214.08
206944,16,32768,3214.08
206960,16,32768,3214.08
206976,16,32768,3214.08
206992,16,32768,3214.08
207008,16,32768,3214.08
207024,16,32768,3214.08
207040,16,32768,3214.08
207056,16,32768,3214.08
207072,16,32768,3214.08
207088,16,32768,3214.08
207104,16,32768,3214.08
207120,16,32768,3213.95
207136,16,32768,3213.95
207152,16,32768,3214.08
207168,16,32768,3214.08
207184,16,32768,3214.08
207200,16,32768,3214.08
207216,16,32768,3214.08
207232,16,32768,3214.08
207248,16,32768,3214.08
207264,16,32768,3213.95
207280,16,32768,3214.08
207296,16,32768,3214.08
207312,16,32768,3214.08
207328,16,32768,3214.08
207344,16,32768,3213.95
207360,16,32768,3214.08
207376,16,32768,3213.95
207392,16,32768,3214.08
207408,16,32768,3214.08
207424,16,32768,3213.95
207440,16,32768,3214.08
207456,16,32768,3214.08
207472,16,32768,3213.44
207488,16,32768,3214.08
207504,16,32768,3213.95
207520,16,32768,3213.95
207536,16,32768,3213.95
207552,16,32768,3214.08
207568,16,32768,3213.95
207584,16,32768,3214.08
207600,16,32768,3213.82
207616,16,32768,3213.95
207632,16,32768,3214.08
207648,16,32768,3214.08
207664,16,32768,3213.95
207680,16,32768,3213.57
207696,16,32768,3213.95
207712,16,32768,3214.08
207728,16,32768,3214.08
207744,16,32768,3213.82
207760,16,32768,3214.08
207776,16,32768,3213.95
207792,16,32768,3213.95
207808,16,32768,3214.08
207824,16,32768,3214.08
207840,16,32768,3214.08
207856,16,32768,3214.08
207872,16,32768,3214.08
207888,16,32768,3213.95
207904,16,32768,3213.95
207920,16,32768,3213.95
207936,16,32768,3214.08
207952,16,32768,3214.08
207968,16,32768,3213.95
207984,16,32768,3213.95
208000,16,32768,3213.95
208016,16,32768,3214.08
208032,16,32768,3213.95
208048,16,32768,3214.08
208064,16,32768,3214.08
208080,16,32768,3214.08
208096,16,32768,3213.95
208112,16,32768,3214.08
208128,16,32768,3214.08
208144,16,32768,3214.08
208160,16,32768,3214.08
208176,16,32768,3213.95
208192,16,32768,3213.95
208208,16,32768,3214.08
208224,16,32768,3214.08
208240,16,32768,3214.08
208256,16,32768,3214.08
208272,16,32768,3213.82
208288,16,32768,3214.08
208304,16,32768,3214.08
208320,16,32768,3213.95
208336,16,32768,3213.95
208352,16,32768,3214.08
208368,16,32768,3214.08
208384,16,32768,3214.08
208400,16,32768,3214.08
208416,16,32768,3214.08
208432,16,32768,3214.08
208448,16,32768,3213.95
208464,16,32768,3214.08
208480,16,32768,3214.08
208496,16,32768,3214.08
208512,16,32768,3214.08
208528,16,32768,3214.08
208544,16,32768,3214.08
208560,16,32768,3214.08
208576,16,32768,3214.08
208592,16,32768,3214.08
208608,16,32768,3214.08
208624,16,32768,3214.08
208640,16,32768,3214.08
208656,16,32768,3214.08
208672,16,32768,3214.08
208688,16,32768,3213.95
208704,16,32768,3214.08
208720,16,32768,3213.95
208736,16,32768,3214.08
208752,16,32768,3214.08
208768,16,32768,3214.08
208784,16,32768,3213.95
208800,16,32768,3214.08
208816,16,32768,3213.95
208832,16,32768,3214.08
208848,16,32768,3214.08
208864,16,32768,3214.08
208880,16,32768,3213.95
208896,16,32768,3214.08
208912,16,32768,3214.08
208928,16,32768,3213.95
208944,16,32768,3214.08
208960,16,32768,3213.44
208976,16,32768,3214.08
208992,16,32768,3214.08
209008,16,32768,3214.08
209024,16,32768,3214.08
209040,16,32768,3214.08
209056,16,32768,3214.08
209072,16,32768,3214.08
209088,16,32768,3214.08
209104,16,32768,3214.08
209120,16,32768,3214.08
209136,16,32768,3214.08
209152,16,32768,3213.95
209168,16,32768,3214.08
209184,16,32768,3214.08
209200,16,32768,3214.08
209216,16,32768,3214.08
209232,16,32768,3213.95
209248,16,32768,3213.95
209264,16,32768,3213.95
209280,16,32768,3213.95
209296,16,32768,3214.08
209312,16,32768,3214.08
209328,16,32768,3214.08
209344,16,32768,3214.08
209360,16,32768,3214.08
209376,16,32768,3213.95
209392,16,32768,3214.08
209408,16,32768,3214.08
209424,16,32768,3213.95
209440,16,32768,3213.95
209456,16,32768,3213.95
209472,16,32768,3214.08
209488,16,32768,3214.08
209504,16,32768,3213.95
209520,16,32768,3214.08
209536,16,32768,3214.08
209552,16,32768,3214.08
209568,16,32768,3213.06
209584,16,32768,3214.08
209600,16,32768,3214.08
209616,16,32768,3213.95
209632,16,32768,3213.95
209648,16,32768,3214.08
209664,16,32768,3214.08
209680,16,32768,3214.08
209696,16,32768,3213.95
209712,16,32768,3214.08
209728,16,32768,3214.08
209744,16,32768,3213.82
209760,16,32768,3214.08
209776,16,32768,3214.08
209792,16,32768,3214.08
209808,16,32768,3214.08
209824,16,32768,3214.08
209840,16,32768,3214.08
209856,16,32768,3213.95
209872,16,32768,3213.95
209888,16,32768,3214.08
209904,16,32768,3213.95
209920,16,32768,3213.95
209936,16,32768,3214.08
209952,16,32768,3214.08
209968,16,32768,3213.82
209984,16,32768,3214.08
210000,16,32768,3214.08
210016,16,32768,3214.08
210032,16,32768,3213.95
210048,16,32768,3213.95
210064,16,32768,3214.08
210080,16,32768,3214.08
210096,16,32768,3214.08
210112,16,32768,3214.08
210128,16,32768,3214.08
210144,16,32768,3214.08
210160,16,32768,3214.08
210176,16,32768,3214.08
210192,16,32768,3213.95
210208,16,32768,3214.08
210224,16,32768,3214.08
210240,16,32768,3214.08
210256,16,32768,3213.95
210272,16,32768,3214.08
210288,16,32768,3214.08
210304,16,32768,3214.08
210320,16,32768,3214.08
210336,16,32768,3214.08
210352,16,32768,3214.08
210368,16,32768,3214.08
210384,16,32768,3214.08
210400,16,32768,3213.44
210416,16,32768,3213.57
210432,16,32768,3214.08
210448,16,32768,3214.08
210464,16,32768,3214.08
210480,16,32768,3214.08
210496,16,32768,3214.08
210512,16,32768,3214.08
210528,16,32768,3213.95
210544,16,32768,3214.08
210560,16,32768,3214.08
210576,16,32768,3214.08
210592,16,32768,3214.08
210608,16,32768,3214.08
210624,16,32768,3214.08
210640,16,32768,3214.08
210656,16,32768,3213.82
210672,16,32768,3214.08
210688,16,32768,3214.08
210704,16,32768,3214.08
210720,16,32768,3214.08
210736,16,32768,3214.08
210752,16,32768,3214.08
210768,16,32768,3214.08
210784,16,32768,3213.95
210800,16,32768,3214.08
210816,16,32768,3214.08
210832,16,32768,3214.08
210848,16,32768,3214.08
210864,16,32768,3213.95
210880,16,32768,3214.08
210896,16,32768,3214.08
210912,16,32768,3213.95
210928,16,32768,3214.08
210944,16,32768,3213.95
210960,16,32768,3213.82
210976,16,32768,3213.95
210992,16,32768,3214.08
211008,16,32768,3214.08
211024,16,32768,3213.44
211040,16,32768,3214.08
211056,16,32768,3214.08
211072,16,32768,3213.95
211088,16,32768,3213.95
211104,16,32768,3214.08
211120,16,32768,3213.95
211136,16,32768,3214.08
211152,16,32768,3214.08
211168,16,32768,3214.08
211184,16,32768,3214.08
211200,16,32768,3214.08
211216,16,32768,3214.08
211232,16,32768,3214.08
211248,16,32768,3214.08
211264,16,32768,3213.95
211280,16,32768,3214.08
211296,16,32768,3214.08
211312,16,32768,3214.08
211328,16,32768,3213.82
211344,16,32768,3213.44
211360,16,32768,3213.82
211376,16,32768,3214.08
211392,16,32768,3214.08
211408,16,32768,3214.08
211424,16,32768,3213.95
211440,16,32768,3214.08
211456,16,32768,3213.82
211472,16,32768,3214.08
211488,16,32768,3214.08
211504,16,32768,3214.08
211520,16,32768,3213.95
211536,16,32768,3214.08
211552,16,32768,3214.08
211568,16,32768,3214.08
211584,16,32768,3213.95
211600,16,32768,3214.08
211616,16,32768,3213.82
211632,16,32768,3214.08
211648,16,32768,3214.08
211664,16,32768,3214.08
211680,16,32768,3214.08
211696,16,32768,3213.95
211712,16,32768,3214.08
211728,16,32768,3214.08
211744,16,32768,3214.08
211760,16,32768,3214.08
211776,16,32768,3214.08
211792,16,32768,3214.08
211808,16,32768,3213.06
211824,16,32768,3214.08
211840,16,32768,3213.95
211856,16,32768,3214.08
211872,16,32768,3214.08
211888,16,32768,3214.08
211904,16,32768,3214.08
211920,16,32768,3214.08
211936,16,32768,3213.44
211952,16,32768,3214.08
211968,16,32768,3213.82
211984,16,32768,3213.95
212000,16,32768,3213.95
212016,16,32768,3214.08
212032,16,32768,3213.44
212048,16,32768,3214.08
212064,16,32768,3214.08
212080,16,32768,3214.08
212096,16,32768,3214.08
212112,16,32768,3214.08
212128,16,32768,3214.08
212144,16,32768,3214.08
212160,16,32768,3214.08
212176,16,32768,3214.08
212192,16,32768,3213.95
212208,16,32768,3213.95
212224,16,32768,3214.08
212240,16,32768,3214.08
212256,16,32768,3214.08
212272,16,32768,3214.08
212288,16,32768,3213.95
212304,16,32768,3214.08
212320,16,32768,3214.08
212336,16,32768,3214.08
212352,16,32768,3214.08
212368,16,32768,3214.08
212384,16,32768,3214.08
212400,16,32768,3214.08
212416,16,32768,3214.08
212432,16,32768,3214.08
212448,16,32768,3214.08
212464,16,32768,3214.08
212480,16,32768,3213.95
212496,16,32768,3214.08
212512,16,32768,3214.08
212528,16,32768,3213.95
212544,16,32768,3214.08
212560,16,32768,3213.57
212576,16,32768,3214.08
212592,16,32768,3214.08
212608,16,32768,3213.82
212624,16,32768,3214.08
212640,16,32768,3214.08
212656,16,32768,3213.95
212672,16,32768,3214.08
212688,16,32768,3214.08
212704,16,32768,3213.95
212720,16,32768,3214.08
212736,16,32768,3214.08
212752,16,32768,3214.08
212768,16,32768,3214.08
212784,16,32768,3214.08
212800,16,32768,3214.08
212816,16,32768,3214.08
212832,16,32768,3214.08
212848,16,32768,3214.08
212864,16,32768,3214.08
212880,16,32768,3213.95
212896,16,32768,3214.08
212912,16,32768,3213.95
212928,16,32768,3214.08
212944,16,32768,3213.95
212960,16,32768,3214.08
212976,16,32768,3214.08
212992,16,32768,3214.08
213008,16,32768,3214.08
213024,16,32768,3213.95
213040,16,32768,3213.95
213056,16,32768,3214.08
213072,16,32768,3214.08
213088,16,32768,3214.08
213104,16,32768,3214.08
213120,16,32768,3213.95
213136,16,32768,3214.08
213152,16,32768,3214.08
213168,16,32768,3214.08
213184,16,32768,3213.95
213200,16,32768,3214.08
213216,16,32768,3213.95
213232,16,32768,3213.95
213248,16,32768,3214.08
213264,16,32768,3214.08
213280,16,32768,3214.08
213296,16,32768,3214.08
213312,16,32768,3214.08
213328,16,32768,3214.08
213344,16,32768,3214.08
213360,16,32768,3214.08
213376,16,32768,3214.08
213392,16,32768,3214.08
213408,16,32768,3214.08
213424,16,32768,3213.95
213440,16,32768,3214.08
213456,16,32768,3213.95
213472,16,32768,3214.08
213488,16,32768,3213.95
213504,16,32768,3213.82
213520,16,32768,3214.08
213536,16,32768,3214.08
213552,16,32768,3214.08
213568,16,32768,3214.08
213584,16,32768,3214.08
213600,16,32768,3214.08
213616,16,32768,3214.08
213632,16,32768,3213.95
213648,16,32768,3213.95
213664,16,32768,3214.08
213680,16,32768,3213.82
213696,16,32768,3214.08
213712,16,32768,3213.82
213728,16,32768,3214.08
213744,16,32768,3213.95
213760,16,32768,3214.08
213776,16,32768,3214.08
213792,16,32768,3214.08
213808,16,32768,3214.08
213824,16,32768,3214.08
213840,16,32768,3214.08
213856,16,32768,3214.08
213872,16,32768,3214.08
213888,16,32768,3213.95
213904,16,32768,3214.08
213920,16,32768,3214.08
213936,16,32768,3214.08
213952,16,32768,3214.08
213968,16,32768,3214.08
213984,16,32768,3214.08
214000,16,32768,3214.08
214016,16,32768,3213.95
214032,16,32768,3214.08
214048,16,32768,3214.08
214064,16,32768,3214.08
214080,16,32768,3214.08
214096,16,32768,3213.44
214112,16,32768,3214.08
214128,16,32768,3214.08
214144,16,32768,3214.08
214160,16,32768,3213.95
214176,16,32768,3213.95
214192,16,32768,3214.08
214208,16,32768,3214.08
214224,16,32768,3214.08
214240,16,32768,3214.08
214256,16,32768,3214.08
214272,16,32768,3214.08
214288,16,32768,3214.08
214304,16,32768,3214.08
214320,16,32768,3213.57
214336,16,32768,3214.08
214352,16,32768,3214.08
214368,16,32768,3213.95
214384,16,32768,3214.08
214400,16,32768,3214.08
214416,16,32768,3214.08
214432,16,32768,3214.08
214448,16,32768,3214.08
214464,16,32768,3214.08
214480,16,32768,3214.08
214496,16,32768,3214.08
214512,16,32768,3214.08
214528,16,32768,3214.08
214544,16,32768,3214.08
214560,16,32768,3213.95
214576,16,32768,3214.08
214592,16,32768,3214.08
214608,16,32768,3214.08
214624,16,32768,3213.95
214640,16,32768,3214.08
214656,16,32768,3214.08
214672,16,32768,3214.08
214688,16,32768,3213.95
214704,16,32768,3213.95
214720,16,32768,3214.08
214736,16,32768,3214.08
214752,16,32768,3214.08
214768,16,32768,3214.08
214784,16,32768,3214.08
214800,16,32768,3213.95
214816,16,32768,3213.95
214832,16,32768,3213.95
214848,16,32768,3214.08
214864,16,32768,3214.08
214880,16,32768,3214.08
214896,16,32768,3214.08
214912,16,32768,3213.95
214928,16,32768,3214.08
214944,16,32768,3214.08
214960,16,32768,3214.08
214976,16,32768,3214.08
214992,16,32768,3214.08
215008,16,32768,3213.95
215024,16,32768,3214.08
215040,16,32768,3214.08
215056,16,32768,3214.08
215072,16,32768,3214.08
215088,16,32768,3214.08
215104,16,32768,3213.95
215120,16,32768,3214.08
215136,16,32768,3213.95
215152,16,32768,3214.08
215168,16,32768,3214.08
215184,16,32768,3214.08
215200,16,32768,3214.08
215216,16,32768,3214.08
215232,16,32768,3213.06
215248,16,32768,3214.08
215264,16,32768,3214.08
215280,16,32768,3214.08
215296,16,32768,3214.08
215312,16,32768,3214.08
215328,16,32768,3213.95
215344,16,32768,3214.08
215360,16,32768,3214.08
215376,16,32768,3214.08
215392,16,32768,3214.08
215408,16,32768,3213.95
215424,16,32768,3214.08
215440,16,32768,3214.08
215456,16,32768,3214.08
215472,16,32768,3214.08
215488,16,32768,3214.08
215504,16,32768,3214.08
215520,16,32768,3214.08
215536,16,32768,3213.95
215552,16,32768,3214.08
215568,16,32768,3213.95
215584,16,32768,3214.08
215600,16,32768,3214.08
215616,16,32768,3214.08
215632,16,32768,3214.08
215648,16,32768,3214.08
215664,16,32768,3213.95
215680,16,32768,3214.08
215696,16,32768,3214.08
215712,16,32768,3214.08
215728,16,32768,3214.08
215744,16,32768,3214.08
215760,16,32768,3213.95
215776,16,32768,3213.95
215792,16,32768,3214.08
215808,16,32768,3214.08
215824,16,32768,3214.08
215840,16,32768,3214.08
215856,16,32768,3214.08
215872,16,32768,3214.08
215888,16,32768,3213.95
215904,16,32768,3214.08
215920,16,32768,3214.08
215936,16,32768,3214.08
215952,16,32768,3213.95
215968,16,32768,3214.08
215984,16,32768,3214.08
216000,16,32768,3214.08
216016,16,32768,3214.08
216032,16,32768,3214.08
216048,16,32768,3213.95
216064,16,32768,3214.08
216080,16,32768,3214.08
216096,16,32768,3213.95
216112,16,32768,3214.08
216128,16,32768,3213.95
216144,16,32768,3214.08
216160,16,32768,3213.95
216176,16,32768,3214.08
216192,16,32768,3214.08
216208,16,32768,3214.08
216224,16,32768,3214.08
216240,16,32768,3213.95
216256,16,32768,3213.95
216272,16,32768,3214.08
216288,16,32768,3214.08
216304,16,32768,3214.08
216320,16,32768,3214.08
216336,16,32768,3213.95
216352,16,32768,3213.95
216368,16,32768,3214.08
216384,16,32768,3214.08
216400,16,32768,3214.08
216416,16,32768,3214.08
216432,16,32768,3214.08
216448,16,32768,3213.95
216464,16,32768,3214.08
216480,16,32768,3213.82
216496,16,32768,3213.95
216512,16,32768,3213.95
216528,16,32768,3213.82
216544,16,32768,3214.08
216560,16,32768,3214.08
216576,16,32768,3213.95
216592,16,32768,3213.82
216608,16,32768,3214.08
216624,16,32768,3214.08
216640,16,32768,3213.95
216656,16,32768,3213.44
216672,16,32768,3214.08
216688,16,32768,3214.08
216704,16,32768,3213.82
216720,16,32768,3213.95
216736,16,32768,3214.08
216752,16,32768,3214.08
216768,16,32768,3214.08
216784,16,32768,3214.08
216800,16,32768,3214.08
216816,16,32768,3213.95
216832,16,32768,3214.08
216848,16,32768,3214.08
216864,16,32768,3214.08
216880,16,32768,3214.08
216896,16,32768,3213.95
216912,16,32768,3213.95
216928,16,32768,3214.08
216944,16,32768,3213.95
216960,16,32768,3214.08
216976,16,32768,3214.08
216992,16,32768,3213.57
217008,16,32768,3213.95
217024,16,32768,3214.08
217040,16,32768,3213.95
217056,16,32768,3214.08
217072,16,32768,3214.08
217088,16,32768,3214.08
217104,16,32768,3213.95
217120,16,32768,3213.06
217136,16,32768,3213.82
217152,16,32768,3214.08
217168,16,32768,3213.95
217184,16,32768,3214.08
217200,16,32768,3214.08
217216,16,32768,3214.08
217232,16,32768,3214.08
217248,16,32768,3214.08
217264,16,32768,3214.08
217280,16,32768,3213.95
217296,16,32768,3213.95
217312,16,32768,3214.08
217328,16,32768,3214.08
217344,16,32768,3213.95
217360,16,32768,3214.08
217376,16,32768,3214.08
217392,16,32768,3213.44
217408,16,32768,3213.95
217424,16,32768,3213.95
217440,16,32768,3214.08
217456,16,32768,3214.08
217472,16,32768,3214.08
217488,16,32768,3214.08
217504,16,32768,3214.08
217520,16,32768,3214.08
217536,16,32768,3214.08
217552,16,32768,3214.08
217568,16,32768,3214.08
217584,16,32768,3214.08
217600,16,32768,3214.08
217616,16,32768,3214.08
217632,16,32768,3214.08
217648,16,32768,3213.82
217664,16,32768,3213.95
217680,16,32768,3213.95
217696,16,32768,3213.95
217712,16,32768,3214.08
217728,16,32768,3214.08
217744,16,32768,3214.08
217760,16,32768,3214.08
217776,16,32768,3214.08
217792,16,32768,3213.95
217808,16,32768,3214.08
217824,16,32768,3214.08
217840,16,32768,3214.08
217856,16,32768,3214.08
217872,16,32768,3214.08
217888,16,32768,3214.08
217904,16,32768,3213.95
217920,16,32768,3214.08
217936,16,32768,3214.08
217952,16,32768,3214.08
217968,16,32768,3214.08
217984,16,32768,3214.08
218000,16,32768,3214.08
218016,16,32768,3214.08
218032,16,32768,3214.08
218048,16,32768,3214.08
218064,16,32768,3213.57
218080,16,32768,3214.08
218096,16,32768,3214.08
218112,16,32768,3214.08
218128,16,32768,3214.08
218144,16,32768,3214.08
218160,16,32768,3214.08
218176,16,32768,3214.08
218192,16,32768,3214.08
218208,16,32768,3213.95
218224,16,32768,3213.95
218240,16,32768,3214.08
218256,16,32768,3214.08
218272,16,32768,3213.82
218288,16,32768,3213.95
218304,16,32768,3213.95
218320,16,32768,3213.95
218336,16,32768,3214.08
218352,16,32768,3214.08
218368,16,32768,3214.08
218384,16,32768,3214.08
218400,16,32768,3214.08
218416,16,32768,3214.08
218432,16,32768,3213.95
218448,16,32768,3214.08
218464,16,32768,3214.08
218480,16,32768,3214.08
218496,16,32768,3214.08
218512,16,32768,3214.08
218528,16,32768,3213.95
218544,16,32768,3214.08
218560,16,32768,3214.08
218576,16,32768,3214.08
218592,16,32768,3214.08
218608,16,32768,3214.08
218624,16,32768,3214.08
218640,16,32768,3214.08
218656,16,32768,3213.95
218672,16,32768,3213.95
218688,16,32768,3214.08
218704,16,32768,3214.08
218720,16,32768,3213.95
218736,16,32768,3214.08
218752,16,32768,3214.08
218768,16,32768,3214.08
218784,16,32768,3214.08
218800,16,32768,3214.08
218816,16,32768,3213.95
218832,16,32768,3214.08
218848,16,32768,3214.08
218864,16,32768,3214.08
218880,16,32768,3213.57
218896,16,32768,3213.95
218912,16,32768,3214.08
218928,16,32768,3214.08
218944,16,32768,3213.95
218960,16,32768,3214.08
218976,16,32768,3213.95
218992,16,32768,3213.95
219008,16,32768,3213.82
219024,16,32768,3214.08
219040,16,32768,3214.08
219056,16,32768,3214.08
219072,16,32768,3214.08
219088,16,32768,3213.95
219104,16,32768,3214.08
219120,16,32768,3214.08
219136,16,32768,3214.08
219152,16,32768,3213.95
219168,16,32768,3214.08
219184,16,32768,3214.08
219200,16,32768,3214.08
219216,16,32768,3213.95
219232,16,32768,3213.95
219248,16,32768,3214.08
219264,16,32768,3214.08
219280,16,32768,3214.08
219296,16,32768,3213.95
219312,16,32768,3213.95
219328,16,32768,3213.95
219344,16,32768,3213.95
219360,16,32768,3214.08
219376,16,32768,3214.08
219392,16,32768,3214.08
219408,16,32768,3213.95
219424,16,32768,3213.95
219440,16,32768,3213.95
219456,16,32768,3214.08
219472,16,32768,3213.95
219488,16,32768,3214.08
219504,16,32768,3214.08
219520,16,32768,3213.95
219536,16,32768,3213.95
219552,16,32768,3214.08
219568,16,32768,3214.08
219584,16,32768,3214.08
219600,16,32768,3214.08
219616,16,32768,3214.08
219632,16,32768,3214.08
219648,16,32768,3214.08
219664,16,32768,3214.08
219680,16,32768,3214.08
219696,16,32768,3214.08
219712,16,32768,3214.08
219728,16,32768,3214.08
219744,16,32768,3213.95
219760,16,32768,3213.95
219776,16,32768,3214.08
219792,16,32768,3214.08
219808,16,32768,3214.08
219824,16,32768,3213.95
219840,16,32768,3214.08
219856,16,32768,3214.08
219872,16,32768,3214.08
219888,16,32768,3214.08
219904,16,32768,3214.08
219920,16,32768,3214.08
219936,16,32768,3213.95
219952,16,32768,3213.95
219968,16,32768,3214.08
219984,16,32768,3214.08
220000,16,32768,3214.08
220016,16,32768,3214.08
220032,16,32768,3214.08
220048,16,32768,3213.95
220064,16,32768,3213.57
220080,16,32768,3214.08
220096,16,32768,3213.95
220112,16,32768,3214.08
220128,16,32768,3214.08
220144,16,32768,3214.08
220160,16,32768,3214.08
220176,16,32768,3214.08
220192,16,32768,3214.08
220208,16,32768,3213.95
220224,16,32768,3214.08
220240,16,32768,3213.57
220256,16,32768,3214.08
220272,16,32768,3214.08
220288,16,32768,3214.08
220304,16,32768,3214.08
220320,16,32768,3214.08
220336,16,32768,3214.08
220352,16,32768,3213.95
220368,16,32768,3214.08
220384,16,32768,3214.08
220400,16,32768,3213.95
220416,16,32768,3214.08
220432,16,32768,3214.08
220448,16,32768,3214.08
220464,16,32768,3214.08
220480,16,32768,3214.08
220496,16,32768,3214.08
220512,16,32768,3213.95
220528,16,32768,3214.08
220544,16,32768,3214.08
220560,16,32768,3214.08
220576,16,32768,3213.95
220592,16,32768,3213.95
220608,16,32768,3214.08
220624,16,32768,3214.08
220640,16,32768,3214.08
220656,16,32768,3214.08
220672,16,32768,3214.08
220688,16,32768,3214.08
220704,16,32768,3214.08
220720,16,32768,3214.08
220736,16,32768,3214.08
220752,16,32768,3214.08
220768,16,32768,3214.08
220784,16,32768,3214.08
220800,16,32768,3214.08
220816,16,32768,3213.95
220832,16,32768,3214.08
220848,16,32768,3214.08
220864,16,32768,3214.08
220880,16,32768,3213.95
220896,16,32768,3214.08
220912,16,32768,3214.08
220928,16,32768,3214.08
220944,16,32768,3214.08
220960,16,32768,3214.08
220976,16,32768,3214.08
220992,16,32768,3214.08
221008,16,32768,3214.08
221024,16,32768,3214.08
221040,16,32768,3214.08
221056,16,32768,3214.08
221072,16,32768,3214.08
221088,16,32768,3214.08
221104,16,32768,3213.95
221120,16,32768,3213.95
221136,16,32768,3214.08
221152,16,32768,3213.95
221168,16,32768,3214.08
221184,16,32768,3214.08
221200,16,32768,3214.08
221216,16,32768,3214.08
221232,16,32768,3213.95
221248,16,32768,3214.08
221264,16,32768,3214.08
221280,16,32768,3214.08
221296,16,32768,3213.95
221312,16,32768,3214.08
221328,16,32768,3214.08
221344,16,32768,3214.08
221360,16,32768,3213.95
221376,16,32768,3214.08
221392,16,32768,3214.08
221408,16,32768,3214.08
221424,16,32768,3213.95
221440,16,32768,3214.08
221456,16,32768,3214.08
221472,16,32768,3214.08
221488,16,32768,3213.95
221504,16,32768,3214.08
221520,16,32768,3214.08
221536,16,32768,3214.08
221552,16,32768,3213.95
221568,16,32768,3214.08
221584,16,32768,3214.08
221600,16,32768,3214.08
221616,16,32768,3214.08
221632,16,32768,3214.08
221648,16,32768,3214.08
221664,16,32768,3213.95
221680,16,32768,3214.08
221696,16,32768,3214.08
221712,16,32768,3214.08
221728,16,32768,3213.95
221744,16,32768,3214.08
221760,16,32768,3214.08
221776,16,32768,3214.08
221792,16,32768,3214.08
221808,16,32768,3214.08
221824,16,32768,3214.08
221840,16,32768,3213.95
221856,16,32768,3214.08
221872,16,32768,3213.95
221888,16,32768,3213.95
221904,16,32768,3214.08
221920,16,32768,3214.08
221936,16,32768,3214.08
221952,16,32768,3214.08
221968,16,32768,3213.82
221984,16,32768,3214.08
222000,16,32768,3213.95
222016,16,32768,3214.08
222032,16,32768,3214.08
222048,16,32768,3214.08
222064,16,32768,3213.95
222080,16,32768,3213.95
222096,16,32768,3214.08
222112,16,32768,3214.08
222128,16,32768,3214.08
222144,16,32768,3214.08
222160,16,32768,3214.08
222176,16,32768,3214.08
222192,16,32768,3214.08
222208,16,32768,3214.08
222224,16,32768,3213.95
222240,16,32768,3213.95
222256,16,32768,3214.08
222272,16,32768,3214.08
222288,16,32768,3214.08
222304,16,32768,3214.08
222320,16,32768,3213.95
222336,16,32768,3213.95
222352,16,32768,3214.08
222368,16,32768,3214.08
222384,16,32768,3214.08
222400,16,32768,3214.08
222416,16,32768,3214.08
222432,16,32768,3213.95
222448,16,32768,3214.08
222464,16,32768,3214.08
222480,16,32768,3213.95
222496,16,32768,3214.08
222512,16,32768,3214.08
222528,16,32768,3213.95
222544,16,32768,3214.08
222560,16,32768,3213.95
222576,16,32768,3214.08
222592,16,32768,3214.08
222608,16,32768,3213.95
222624,16,32768,3214.08
222640,16,32768,3213.95
222656,16,32768,3214.08
222672,16,32768,3214.08
222688,16,32768,3214.08
222704,16,32768,3214.08
222720,16,32768,3213.95
222736,16,32768,3214.08
222752,16,32768,3214.08
222768,16,32768,3213.44
222784,16,32768,3213.95
222800,16,32768,3214.08
222816,16,32768,3214.08
222832,16,32768,3214.08
222848,16,32768,3214.08
222864,16,32768,3214.08
222880,16,32768,3214.08
222896,16,32768,3214.08
222912,16,32768,3213.95
222928,16,32768,3214.08
222944,16,32768,3214.08
222960,16,32768,3214.08
222976,16,32768,3213.06
222992,16,32768,3213.95
223008,16,32768,3213.06
223024,16,32768,3213.57
223040,16,32768,3214.08
223056,16,32768,3214.08
223072,16,32768,3214.08
223088,16,32768,3214.08
223104,16,32768,3214.08
223120,16,32768,3214.08
223136,16,32768,3214.08
223152,16,32768,3214.08
223168,16,32768,3214.08
223184,16,32768,3214.08
223200,16,32768,3214.08
223216,16,32768,3213.95
223232,16,32768,3213.95
223248,16,32768,3214.08
223264,16,32768,3214.08
223280,16,32768,3214.08
223296,16,32768,3214.08
223312,16,32768,3214.08
223328,16,32768,3214.08
223344,16,32768,3213.95
223360,16,32768,3214.08
223376,16,32768,3214.08
223392,16,32768,3214.08
223408,16,32768,3214.08
223424,16,32768,3213.95
223440,16,32768,3213.95
223456,16,32768,3214.08
223472,16,32768,3214.08
223488,16,32768,3214.08
223504,16,32768,3213.95
223520,16,32768,3213.82
223536,16,32768,3214.08
223552,16,32768,3213.95
223568,16,32768,3214.08
223584,16,32768,3214.08
223600,16,32768,3214.08
223616,16,32768,3214.08
223632,16,32768,3213.95
223648,16,32768,3214.08
223664,16,32768,3214.08
223680,16,32768,3214.08
223696,16,32768,3213.82
223712,16,32768,3214.08
223728,16,32768,3214.08
223744,16,32768,3214.08
223760,16,32768,3214.08
223776,16,32768,3214.08
223792,16,32768,3214.08
223808,16,32768,3214.08
223824,16,32768,3214.08
223840,16,32768,3214.08
223856,16,32768,3214.08
223872,16,32768,3213.95
223888,16,32768,3214.08
223904,16,32768,3214.08
223920,16,32768,3214.08
223936,16,32768,3214.08
223952,16,32768,3214.08
223968,16,32768,3214.08
223984,16,32768,3214.08
224000,16,32768,3213.95
224016,16,32768,3214.08
224032,16,32768,3214.08
224048,16,32768,3213.95
224064,16,32768,3214.08
224080,16,32768,3214.08
224096,16,32768,3213.95
224112,16,32768,3213.95
224128,16,32768,3214.08
224144,16,32768,3214.08
224160,16,32768,3214.08
224176,16,32768,3214.08
224192,16,32768,3214.08
224208,16,32768,3214.08
224224,16,32768,3214.08
224240,16,32768,3214.08
224256,16,32768,3213.95
224272,16,32768,3214.08
224288,16,32768,3214.08
224304,16,32768,3214.08
224320,16,32768,3214.08
224336,16,32768,3214.08
224352,16,32768,3213.95
224368,16,32768,3214.08
224384,16,32768,3213.95
224400,16,32768,3214.08
224416,16,32768,3214.08
224432,16,32768,3214.08
224448,16,32768,3214.08
224464,16,32768,3214.08
224480,16,32768,3214.08
224496,16,32768,3214.08
224512,16,32768,3213.95
224528,16,32768,3214.08
224544,16,32768,3214.08
224560,16,32768,3214.08
224576,16,32768,3213.95
224592,16,32768,3213.95
224608,16,32768,3214.08
224624,16,32768,3213.82
224640,16,32768,3213.06
224656,16,32768,3214.08
224672,16,32768,3213.95
224688,16,32768,3213.82
224704,16,32768,3213.95
224720,16,32768,3214.08
224736,16,32768,3214.08
224752,16,32768,3214.08
224768,16,32768,3213.95
224784,16,32768,3214.08
224800,16,32768,3214.08
224816,16,32768,3214.08
224832,16,32768,3213.95
224848,16,32768,3214.08
224864,16,32768,3214.08
224880,16,32768,3214.08
224896,16,32768,3214.08
224912,16,32768,3214.08
224928,16,32768,3213.95
224944,16,32768,3214.08
224960,16,32768,3214.08
224976,16,32768,3213.82
224992,16,32768,3213.95
225008,16,32768,3214.08
225024,16,32768,3214.08
225040,16,32768,3214.08
225056,16,32768,3214.08
225072,16,32768,3214.08
225088,16,32768,3213.95
225104,16,32768,3214.08
225120,16,32768,3214.08
225136,16,32768,3214.08
225152,16,32768,3213.95
225168,16,32768,3214.08
225184,16,32768,3214.08
225200,16,32768,3213.95
225216,16,32768,3214.08
225232,16,32768,3214.08
225248,16,32768,3214.08
225264,16,32768,3214.08
225280,16,32768,3214.08
225296,16,32768,3214.08
225312,16,32768,3214.08
225328,16,32768,3213.95
225344,16,32768,3214.08
225360,16,32768,3213.95
225376,16,32768,3213.95
225392,16,32768,3214.08
225408,16,32768,3214.08
225424,16,32768,3214.08
225440,16,32768,3214.08
225456,16,32768,3214.08
225472,16,32768,3213.82
225488,16,32768,3214.08
225504,16,32768,3214.08
225520,16,32768,3214.08
225536,16,32768,3213.95
225552,16,32768,3214.08
225568,16,32768,3214.08
225584,16,32768,3214.08
225600,16,32768,3214.08
225616,16,32768,3214.08
225632,16,32768,3214.08
225648,16,32768,3214.08
225664,16,32768,3214.08
225680,16,32768,3214.08
225696,16,32768,3214.08
225712,16,32768,3214.08
225728,16,32768,3214.08
225744,16,32768,3214.08
225760,16,32768,3214.08
225776,16,32768,3214.08
225792,16,32768,3213.95
225808,16,32768,3214.08
225824,16,32768,3213.95
225840,16,32768,3214.08
225856,16,32768,3214.08
225872,16,32768,3213.95
225888,16,32768,3213.95
225904,16,32768,3214.08
225920,16,32768,3214.08
225936,16,32768,3213.95
225952,16,32768,3214.08
225968,16,32768,3213.95
225984,16,32768,3214.08
226000,16,32768,3213.95
226016,16,32768,3214.08
226032,16,32768,3214.08
226048,16,32768,3214.08
226064,16,32768,3214.08
226080,16,32768,3214.08
226096,16,32768,3214.08
226112,16,32768,3214.08
226128,16,32768,3214.08
226144,16,32768,3214.08
226160,16,32768,3214.08
226176,16,32768,3214.08
226192,16,32768,3214.08
226208,16,32768,3214.08
226224,16,32768,3214.08
226240,16,32768,3214.08
226256,16,32768,3214.08
226272,16,32768,3214.08
226288,16,32768,3214.08
226304,16,32768,3214.08
226320,16,32768,3214.08
226336,16,32768,3213.95
226352,16,32768,3214.08
226368,16,32768,3214.08
226384,16,32768,3214.08
226400,16,32768,3214.08
226416,16,32768,3214.08
226432,16,32768,3214.08
226448,16,32768,3214.08
226464,16,32768,3214.08
226480,16,32768,3214.08
226496,16,32768,3214.08
226512,16,32768,3213.95
226528,16,32768,3213.95
226544,16,32768,3214.08
226560,16,32768,3214.08
226576,16,32768,3214.08
226592,16,32768,3214.08
226608,16,32768,3214.08
226624,16,32768,3213.95
226640,16,32768,3214.08
226656,16,32768,3214.08
226672,16,32768,3214.08
226688,16,32768,3214.08
226704,16,32768,3214.08
226720,16,32768,3213.95
226736,16,32768,3214.08
226752,16,32768,3214.08
226768,16,32768,3214.08
226784,16,32768,3214.08
226800,16,32768,3214.08
226816,16,32768,3213.95
226832,16,32768,3214.08
226848,16,32768,3213.95
226864,16,32768,3214.08
226880,16,32768,3213.82
226896,16,32768,3213.95
226912,16,32768,3214.08
226928,16,32768,3214.08
226944,16,32768,3214.08
226960,16,32768,3214.08
226976,16,32768,3214.08
226992,16,32768,3213.95
227008,16,32768,3213.95
227024,16,32768,3213.95
227040,16,32768,3214.08
227056,16,32768,3214.08
227072,16,32768,3214.08
227088,16,32768,3214.08
227104,16,32768,3214.08
227120,16,32768,3214.08
227136,16,32768,3214.08
227152,16,32768,3214.08
227168,16,32768,3214.08
227184,16,32768,3213.82
227200,16,32768,3213.95
227216,16,32768,3213.95
227232,16,32768,3214.08
227248,16,32768,3214.08
227264,16,32768,3214.08
227280,16,32768,3214.08
227296,16,32768,3214.08
227312,16,32768,3214.08
227328,16,32768,3213.95
227344,16,32768,3213.95
227360,16,32768,3214.08
227376,16,32768,3214.08
227392,16,32768,3214.08
227408,16,32768,3214.08
227424,16,32768,3214.08
227440,16,32768,3214.08
227456,16,32768,3214.08
227472,16,32768,3214.08
227488,16,32768,3214.08
227504,16,32768,3214.08
227520,16,32768,3214.08
227536,16,32768,3214.08
227552,16,32768,3214.08
227568,16,32768,3214.08
227584,16,32768,3214.08
227600,16,32768,3214.08
227616,16,32768,3214.08
227632,16,32768,3214.08
227648,16,32768,3214.08
227664,16,32768,3214.08
227680,16,32768,3213.57
227696,16,32768,3213.44
227712,16,32768,3214.08
227728,16,32768,3213.95
227744,16,32768,3214.08
227760,16,32768,3214.08
227776,16,32768,3214.08
227792,16,32768,3214.08
227808,16,32768,3214.08
227824,16,32768,3213.95
227840,16,32768,3214.08
227856,16,32768,3213.95
227872,16,32768,3214.08
227888,16,32768,3214.08
227904,16,32768,3213.95
227920,16,32768,3213.95
227936,16,32768,3214.08
227952,16,32768,3213.06
227968,16,32768,3214.08
227984,16,32768,3213.95
228000,16,32768,3214.08
228016,16,32768,3213.95
228032,16,32768,3213.95
228048,16,32768,3213.95
228064,16,32768,3214.08
228080,16,32768,3214.08
228096,16,32768,3214.08
228112,16,32768,3214.08
228128,16,32768,3214.08
228144,16,32768,3214.08
228160,16,32768,3214.08
228176,16,32768,3214.08
228192,16,32768,3214.08
228208,16,32768,3214.08
228224,16,32768,3214.08
228240,16,32768,3214.08
228256,16,32768,3213.95
228272,16,32768,3213.95
228288,16,32768,3213.06
228304,16,32768,3213.95
228320,16,32768,3214.08
228336,16,32768,3214.08
228352,16,32768,3213.44
228368,16,32768,3214.08
228384,16,32768,3214.08
228400,16,32768,3213.44
228416,16,32768,3214.08
228432,16,32768,3214.08
228448,16,32768,3213.95
228464,16,32768,3214.08
228480,16,32768,3213.95
228496,16,32768,3214.08
228512,16,32768,3214.08
228528,16,32768,3214.08
228544,16,32768,3213.95
228560,16,32768,3213.95
228576,16,32768,3214.08
228592,16,32768,3214.08
228608,16,32768,3214.08
228624,16,32768,3214.08
228640,16,32768,3214.08
228656,16,32768,3214.08
228672,16,32768,3214.08
228688,16,32768,3213.95
228704,16,32768,3214.08
228720,16,32768,3214.08
228736,16,32768,3213.95
228752,16,32768,3214.08
228768,16,32768,3213.44
228784,16,32768,3214.08
228800,16,32768,3214.08
228816,16,32768,3213.95
228832,16,32768,3213.95
228848,16,32768,3214.08
228864,16,32768,3214.08
228880,16,32768,3213.95
228896,16,32768,3214.08
228912,16,32768,3213.95
228928,16,32768,3214.08
228944,16,32768,3214.08
228960,16,32768,3214.08
228976,16,32768,3214.08
228992,16,32768,3214.08
229008,16,32768,3213.95
229024,16,32768,3214.08
229040,16,32768,3214.08
229056,16,32768,3214.08
229072,16,32768,3214.08
229088,16,32768,3213.95
229104,16,32768,3214.08
229120,16,32768,3214.08
229136,16,32768,3214.08
229152,16,32768,3214.08
229168,16,32768,3214.08
229184,16,32768,3214.08
229200,16,32768,3214.08
229216,16,32768,3213.95
229232,16,32768,3214.08
229248,16,32768,3214.08
229264,16,32768,3214.08
229280,16,32768,3213.95
229296,16,32768,3214.08
229312,16,32768,3214.08
229328,16,32768,3214.08
229344,16,32768,3213.82
229360,16,32768,3213.95
229376,16,32768,3214.08
229392,16,32768,3214.08
229408,16,32768,3214.08
229424,16,32768,3213.95
229440,16,32768,3213.95
229456,16,32768,3214.08
229472,16,32768,3214.08
229488,16,32768,3214.08
229504,16,32768,3214.08
229520,16,32768,3214.08
229536,16,32768,3214.08
229552,16,32768,3214.08
229568,16,32768,3214.08
229584,16,32768,3214.08
229600,16,32768,3214.08
229616,16,32768,3214.08
229632,16,32768,3214.08
229648,16,32768,3214.08
229664,16,32768,3214.08
229680,16,32768,3213.95
229696,16,32768,3214.08
229712,16,32768,3213.95
229728,16,32768,3214.08
229744,16,32768,3213.95
229760,16,32768,3214.08
229776,16,32768,3214.08
229792,16,32768,3213.95
229808,16,32768,3213.95
229824,16,32768,3213.95
229840,16,32768,3213.82
229856,16,32768,3213.95
229872,16,32768,3214.08
229888,16,32768,3214.08
229904,16,32768,3214.08
229920,16,32768,3214.08
229936,16,32768,3214.08
229952,16,32768,3214.08
229968,16,32768,3213.95
229984,16,32768,3214.08
230000,16,32768,3213.82
230016,16,32768,3213.95
230032,16,32768,3214.08
230048,16,32768,3214.08
230064,16,32768,3213.95
230080,16,32768,3214.08
230096,16,32768,3213.95
230112,16,32768,3213.95
230128,16,32768,3214.08
230144,16,32768,3213.95
230160,16,32768,3213.95
230176,16,32768,3214.08
230192,16,32768,3214.08
230208,16,32768,3214.08
230224,16,32768,3214.08
230240,16,32768,3214.08
230256,16,32768,3214.08
230272,16,32768,3213.06
230288,16,32768,3214.08
230304,16,32768,3214.08
230320,16,32768,3214.08
230336,16,32768,3214.08
230352,16,32768,3214.08
230368,16,32768,3213.95
230384,16,32768,3214.08
230400,16,32768,3214.08
230416,16,32768,3214.08
230432,16,32768,3214.08
230448,16,32768,3214.08
230464,16,32768,3214.08
230480,16,32768,3214.08
230496,16,32768,3214.08
230512,16,32768,3214.08
230528,16,32768,3214.08
230544,16,32768,3214.08
230560,16,32768,3214.08
230576,16,32768,3214.08
230592,16,32768,3213.82
230608,16,32768,3213.95
230624,16,32768,3214.08
230640,16,32768,3214.08
230656,16,32768,3213.95
230672,16,32768,3213.95
230688,16,32768,3214.08
230704,16,32768,3213.95
230720,16,32768,3214.08
230736,16,32768,3213.95
230752,16,32768,3214.08
230768,16,32768,3214.08
230784,16,32768,3213.95
230800,16,32768,3214.08
230816,16,32768,3213.95
230832,16,32768,3214.08
230848,16,32768,3214.08
230864,16,32768,3214.08
230880,16,32768,3214.08
230896,16,32768,3213.95
230912,16,32768,3214.08
230928,16,32768,3214.08
230944,16,32768,3214.08
230960,16,32768,3214.08
230976,16,32768,3214.08
230992,16,32768,3214.08
231008,16,32768,3213.95
231024,16,32768,3214.08
231040,16,32768,3214.08
231056,16,32768,3213.95
231072,16,32768,3214.08
231088,16,32768,3214.08
231104,16,32768,3213.06
231120,16,32768,3214.08
231136,16,32768,3214.08
231152,16,32768,3214.08
231168,16,32768,3214.08
231184,16,32768,3213.95
231200,16,32768,3214.08
231216,16,32768,3214.08
231232,16,32768,3214.08
231248,16,32768,3214.08
231264,16,32768,3214.08
231280,16,32768,3214.08
231296,16,32768,3213.95
231312,16,32768,3214.08
231328,16,32768,3214.08
231344,16,32768,3214.08
231360,16,32768,3213.95
231376,16,32768,3214.08
231392,16,32768,3214.08
231408,16,32768,3213.95
231424,16,32768,3214.08
231440,16,32768,3214.08
231456,16,32768,3214.08
231472,16,32768,3214.08
231488,16,32768,3214.08
231504,16,32768,3214.08
231520,16,32768,3214.08
231536,16,32768,3214.08
231552,16,32768,3214.08
231568,16,32768,3214.08
231584,16,32768,3213.95
231600,16,32768,3214.08
231616,16,32768,3213.95
231632,16,32768,3214.08
231648,16,32768,3214.08
231664,16,32768,3214.08
231680,16,32768,3214.08
231696,16,32768,3214.08
231712,16,32768,3214.08
231728,16,32768,3214.08
231744,16,32768,3213.95
231760,16,32768,3214.08
231776,16,32768,3214.08
231792,16,32768,3213.95
231808,16,32768,3214.08
231824,16,32768,3213.95
231840,16,32768,3214.08
231856,16,32768,3214.08
231872,16,32768,3214.08
231888,16,32768,3214.08
231904,16,32768,3214.08
231920,16,32768,3213.82
231936,16,32768,3214.08
231952,16,32768,3214.08
231968,16,32768,3214.08
231984,16,32768,3214.08
232000,16,32768,3214.08
232016,16,32768,3214.08
232032,16,32768,3214.08
232048,16,32768,3213.95
232064,16,32768,3214.08
232080,16,32768,3214.08
232096,16,32768,3213.95
232112,16,32768,3214.08
232128,16,32768,3214.08
232144,16,32768,3214.08
232160,16,32768,3213.95
232176,16,32768,3214.08
232192,16,32768,3214.08
232208,16,32768,3213.95
232224,16,32768,3214.08
232240,16,32768,3214.08
232256,16,32768,3213.44
232272,16,32768,3214.08
232288,16,32768,3213.95
232304,16,32768,3214.08
232320,16,32768,3214.08
232336,16,32768,3213.95
232352,16,32768,3214.08
232368,16,32768,3214.08
232384,16,32768,3214.08
232400,16,32768,3214.08
232416,16,32768,3214.08
232432,16,32768,3213.95
232448,16,32768,3214.08
232464,16,32768,3213.95
232480,16,32768,3214.08
232496,16,32768,3214.08
232512,16,32768,3213.82
232528,16,32768,3214.08
232544,16,32768,3214.08
232560,16,32768,3213.95
232576,16,32768,3213.95
232592,16,32768,3214.08
232608,16,32768,3214.08
232624,16,32768,3214.08
232640,16,32768,3214.08
232656,16,32768,3214.08
232672,16,32768,3214.08
232688,16,32768,3213.95
232704,16,32768,3213.82
232720,16,32768,3214.08
232736,16,32768,3214.08
232752,16,32768,3213.95
232768,16,32768,3213.95
232784,16,32768,3213.82
232800,16,32768,3214.08
232816,16,32768,3214.08
232832,16,32768,3214.08
232848,16,32768,3214.08
232864,16,32768,3214.08
232880,16,32768,3213.82
232896,16,32768,3214.08
232912,16,32768,3214.08
232928,16,32768,3214.08
232944,16,32768,3214.08
232960,16,32768,3214.08
232976,16,32768,3213.06
232992,16,32768,3214.08
233008,16,32768,3214.08
233024,16,32768,3214.08
233040,16,32768,3214.08
233056,16,32768,3213.95
233072,16,32768,3214.08
233088,16,32768,3214.08
233104,16,32768,3214.08
233120,16,32768,3214.08
233136,16,32768,3214.08
233152,16,32768,3213.95
233168,16,32768,3214.08
233184,16,32768,3213.44
233200,16,32768,3213.06
233216,16,32768,3212.93
233232,16,32768,3213.06
233248,16,32768,3213.06
233264,16,32768,3213.06
233280,16,32768,3213.06
233296,16,32768,3213.06
233312,16,32768,3213.06
233328,16,32768,3213.06
233344,16,32768,3213.44
233360,16,32768,3213.57
233376,16,32768,3213.95
233392,16,32768,3214.08
233408,16,32768,3214.08
233424,16,32768,3213.95
233440,16,32768,3213.95
233456,16,32768,3214.08
233472,16,32768,3214.08
233488,16,32768,3214.08
233504,16,32768,3214.08
233520,16,32768,3213.95
233536,16,32768,3214.08
233552,16,32768,3214.08
233568,16,32768,3214.08
233584,16,32768,3214.08
233600,16,32768,3213.95
233616,16,32768,3214.08
233632,16,32768,3214.08
233648,16,32768,3214.08
233664,16,32768,3214.08
233680,16,32768,3214.08
233696,16,32768,3213.95
233712,16,32768,3214.08
233728,16,32768,3214.08
233744,16,32768,3214.08
233760,16,32768,3214.08
233776,16,32768,3214.08
233792,16,32768,3213.95
233808,16,32768,3214.08
233824,16,32768,3213.95
233840,16,32768,3214.08
233856,16,32768,3213.95
233872,16,32768,3214.08
233888,16,32768,3214.08
233904,16,32768,3214.08
233920,16,32768,3213.06
233936,16,32768,3213.95
233952,16,32768,3214.08
233968,16,32768,3213.82
233984,16,32768,3214.08
234000,16,32768,3214.08
234016,16,32768,3214.08
234032,16,32768,3214.08
234048,16,32768,3213.95
234064,16,32768,3214.08
234080,16,32768,3214.08
234096,16,32768,3214.08
234112,16,32768,3213.95
234128,16,32768,3214.08
234144,16,32768,3214.08
234160,16,32768,3214.08
234176,16,32768,3214.08
234192,16,32768,3214.08
234208,16,32768,3214.08
234224,16,32768,3214.08
234240,16,32768,3214.08
234256,16,32768,3214.08
234272,16,32768,3213.06
234288,16,32768,3214.08
234304,16,32768,3214.08
234320,16,32768,3214.08
234336,16,32768,3214.08
234352,16,32768,3214.08
234368,16,32768,3213.82
234384,16,32768,3214.08
234400,16,32768,3214.08
234416,16,32768,3214.08
234432,16,32768,3214.08
234448,16,32768,3213.95
234464,16,32768,3214.08
234480,16,32768,3213.95
234496,16,32768,3214.08
234512,16,32768,3213.95
234528,16,32768,3213.95
234544,16,32768,3214.08
234560,16,32768,3214.08
234576,16,32768,3214.08
234592,16,32768,3213.95
234608,16,32768,3213.95
234624,16,32768,3214.08
234640,16,32768,3214.08
234656,16,32768,3214.08
234672,16,32768,3213.57
234688,16,32768,3214.08
234704,16,32768,3214.08
234720,16,32768,3214.08
234736,16,32768,3214.08
234752,16,32768,3214.08
234768,16,32768,3214.08
234784,16,32768,3213.95
234800,16,32768,3214.08
234816,16,32768,3214.08
234832,16,32768,3214.08
234848,16,32768,3214.08
234864,16,32768,3214.08
234880,16,32768,3213.95
234896,16,32768,3214.08
234912,16,32768,3213.95
234928,16,32768,3213.82
234944,16,32768,3214.08
234960,16,32768,3214.08
234976,16,32768,3214.08
234992,16,32768,3214.08
235008,16,32768,3214.08
235024,16,32768,3214.08
235040,16,32768,3214.08
235056,16,32768,3214.08
235072,16,32768,3214.08
235088,16,32768,3214.08
235104,16,32768,3213.95
235120,16,32768,3214.08
235136,16,32768,3213.95
235152,16,32768,3214.08
235168,16,32768,3214.08
235184,16,32768,3214.08
235200,16,32768,3214.08
235216,16,32768,3214.08
235232,16,32768,3214.08
235248,16,32768,3214.08
235264,16,32768,3213.95
235280,16,32768,3213.95
235296,16,32768,3214.08
235312,16,32768,3214.08
235328,16,32768,3214.08
235344,16,32768,3214.08
235360,16,32768,3214.08
235376,16,32768,3214.08
235392,16,32768,3213.95
235408,16,32768,3213.95
235424,16,32768,3214.08
235440,16,32768,3214.08
235456,16,32768,3214.08
235472,16,32768,3213.95
235488,16,32768,3214.08
235504,16,32768,3213.95
235520,16,32768,3214.08
235536,16,32768,3213.95
235552,16,32768,3214.08
235568,16,32768,3213.95
235584,16,32768,3214.08
235600,16,32768,3214.08
235616,16,32768,3214.08
235632,16,32768,3214.08
235648,16,32768,3213.95
235664,16,32768,3214.08
235680,16,32768,3214.08
235696,16,32768,3213.95
235712,16,32768,3213.95
235728,16,32768,3214.08
235744,16,32768,3214.08
235760,16,32768,3213.95
235776,16,32768,3214.08
235792,16,32768,3214.08
235808,16,32768,3214.08
235824,16,32768,3213.95
235840,16,32768,3214.08
235856,16,32768,3214.08
235872,16,32768,3214.08
235888,16,32768,3213.95
235904,16,32768,3214.08
235920,16,32768,3214.08
235936,16,32768,3214.08
235952,16,32768,3214.08
235968,16,32768,3213.82
235984,16,32768,3214.08
236000,16,32768,3214.08
236016,16,32768,3214.08
236032,16,32768,3213.95
236048,16,32768,3214.08
236064,16,32768,3214.08
236080,16,32768,3213.82
236096,16,32768,3214.08
236112,16,32768,3214.08
236128,16,32768,3214.08
236144,16,32768,3214.08
236160,16,32768,3214.08
236176,16,32768,3214.08
236192,16,32768,3214.08
236208,16,32768,3214.08
236224,16,32768,3214.08
236240,16,32768,3214.08
236256,16,32768,3213.95
236272,16,32768,3213.95
236288,16,32768,3214.08
236304,16,32768,3214.08
236320,16,32768,3214.08
236336,16,32768,3214.08
236352,16,32768,3213.95
236368,16,32768,3214.08
236384,16,32768,3214.08
236400,16,32768,3214.08
236416,16,32768,3214.08
236432,16,32768,3214.08
236448,16,32768,3214.08
236464,16,32768,3214.08
236480,16,32768,3214.08
236496,16,32768,3213.82
236512,16,32768,3214.08
236528,16,32768,3214.08
236544,16,32768,3213.95
236560,16,32768,3214.08
236576,16,32768,3214.08
236592,16,32768,3214.08
236608,16,32768,3214.08
236624,16,32768,3214.08
236640,16,32768,3213.95
236656,16,32768,3214.08
236672,16,32768,3214.08
236688,16,32768,3213.82
236704,16,32768,3214.08
236720,16,32768,3213.57
236736,16,32768,3214.08
236752,16,32768,3214.08
236768,16,32768,3214.08
236784,16,32768,3214.08
236800,16,32768,3214.08
236816,16,32768,3214.08
236832,16,32768,3214.08
236848,16,32768,3214.08
236864,16,32768,3214.08
236880,16,32768,3213.95
236896,16,32768,3214.08
236912,16,32768,3214.08
236928,16,32768,3214.08
236944,16,32768,3214.08
236960,16,32768,3214.08
236976,16,32768,3214.08
236992,16,32768,3214.08
237008,16,32768,3214.08
237024,16,32768,3214.08
237040,16,32768,3214.08
237056,16,32768,3214.08
237072,16,32768,3213.95
237088,16,32768,3213.95
237104,16,32768,3214.08
237120,16,32768,3214.08
237136,16,32768,3214.08
237152,16,32768,3214.08
237168,16,32768,3214.08
237184,16,32768,3213.44
237200,16,32768,3214.08
237216,16,32768,3213.95
237232,16,32768,3214.08
237248,16,32768,3214.08
237264,16,32768,3214.08
237280,16,32768,3214.08
237296,16,32768,3214.08
237312,16,32768,3214.08
237328,16,32768,3214.08
237344,16,32768,3214.08
237360,16,32768,3214.08
237376,16,32768,3214.08
237392,16,32768,3214.08
237408,16,32768,3214.08
237424,16,32768,3213.95
237440,16,32768,3214.08
237456,16,32768,3214.08
237472,16,32768,3214.08
237488,16,32768,3214.08
237504,16,32768,3214.08
237520,16,32768,3214.08
237536,16,32768,3214.08
237552,16,32768,3214.08
237568,16,32768,3214.08
237584,16,32768,3214.08
237600,16,32768,3214.08
237616,16,32768,3214.08
237632,16,32768,3214.08
237648,16,32768,3213.95
237664,16,32768,3213.82
237680,16,32768,3214.08
237696,16,32768,3214.08
237712,16,32768,3214.08
237728,16,32768,3214.08
237744,16,32768,3214.08
237760,16,32768,3214.08
237776,16,32768,3214.08
237792,16,32768,3214.08
237808,16,32768,3214.08
237824,16,32768,3214.08
237840,16,32768,3214.08
237856,16,32768,3214.08
237872,16,32768,3214.08
237888,16,32768,3214.08
237904,16,32768,3214.08
237920,16,32768,3214.08
237936,16,32768,3214.08
237952,16,32768,3213.95
237968,16,32768,3214.08
237984,16,32768,3214.08
238000,16,32768,3214.08
238016,16,32768,3214.08
238032,16,32768,3214.08
238048,16,32768,3214.08
238064,16,32768,3214.08
238080,16,32768,3214.08
238096,16,32768,3214.08
238112,16,32768,3214.08
238128,16,32768,3214.08
238144,16,32768,3214.08
238160,16,32768,3214.08
238176,16,32768,3214.08
238192,16,32768,3214.08
238208,16,32768,3213.95
238224,16,32768,3214.08
238240,16,32768,3214.08
238256,16,32768,3213.95
238272,16,32768,3214.08
238288,16,32768,3214.08
238304,16,32768,3214.08
238320,16,32768,3214.08
238336,16,32768,3214.08
238352,16,32768,3214.08
238368,16,32768,3214.08
238384,16,32768,3213.82
238400,16,32768,3214.08
238416,16,32768,3214.08
238432,16,32768,3214.08
238448,16,32768,3214.08
238464,16,32768,3214.08
238480,16,32768,3214.08
238496,16,32768,3214.08
238512,16,32768,3214.08
238528,16,32768,3213.95
238544,16,32768,3214.08
238560,16,32768,3213.82
238576,16,32768,3214.08
238592,16,32768,3213.95
238608,16,32768,3214.08
238624,16,32768,3214.08
238640,16,32768,3213.95
238656,16,32768,3214.08
238672,16,32768,3213.95
238688,16,32768,3214.08
238704,16,32768,3214.08
238720,16,32768,3213.95
238736,16,32768,3214.08
238752,16,32768,3214.08
238768,16,32768,3214.08
238784,16,32768,3214.08
238800,16,32768,3214.08
238816,16,32768,3213.95
238832,16,32768,3214.08
238848,16,32768,3214.08
238864,16,32768,3214.08
238880,16,32768,3214.08
238896,16,32768,3213.95
238912,16,32768,3214.08
238928,16,32768,3214.08
238944,16,32768,3214.08
238960,16,32768,3213.82
238976,16,32768,3214.08
238992,16,32768,3214.08
239008,16,32768,3214.08
239024,16,32768,3214.08
239040,16,32768,3213.82
239056,16,32768,3214.08
239072,16,32768,3214.08
239088,16,32768,3214.08
239104,16,32768,3214.08
239120,16,32768,3213.95
239136,16,32768,3214.08
239152,16,32768,3214.08
239168,16,32768,3214.08
239184,16,32768,3213.95
239200,16,32768,3214.08
239216,16,32768,3214.08
239232,16,32768,3214.08
239248,16,32768,3214.08
239264,16,32768,3214.08
239280,16,32768,3214.08
239296,16,32768,3214.08
239312,16,32768,3214.08
239328,16,32768,3213.95
239344,16,32768,3214.08
239360,16,32768,3213.95
239376,16,32768,3214.08
239392,16,32768,3214.08
239408,16,32768,3214.08
239424,16,32768,3214.08
239440,16,32768,3214.08
239456,16,32768,3214.08
239472,16,32768,3214.08
239488,16,32768,3214.08
239504,16,32768,3214.08
239520,16,32768,3213.95
239536,16,32768,3213.95
239552,16,32768,3214.08
239568,16,32768,3214.08
239584,16,32768,3214.08
239600,16,32768,3214.08
239616,16,32768,3214.08
239632,16,32768,3213.95
239648,16,32768,3214.08
239664,16,32768,3214.08
239680,16,32768,3214.08
239696,16,32768,3214.08
239712,16,32768,3214.08
239728,16,32768,3214.08
239744,16,32768,3214.08
239760,16,32768,3213.95
239776,16,32768,3214.08
239792,16,32768,3214.08
239808,16,32768,3213.82
239824,16,32768,3213.95
239840,16,32768,3214.08
239856,16,32768,3213.95
239872,16,32768,3213.95
239888,16,32768,3214.08
239904,16,32768,3214.08
239920,16,32768,3214.08
239936,16,32768,3213.95
239952,16,32768,3214.08
239968,16,32768,3214.08
239984,16,32768,3213.95
240000,16,32768,3214.08
240016,16,32768,3214.08
240032,16,32768,3213.95
240048,16,32768,3213.95
240064,16,32768,3214.08
240080,16,32768,3213.95
240096,16,32768,3214.08
240112,16,32768,3214.08
240128,16,32768,3214.08
240144,16,32768,3214.08
240160,16,32768,3214.08
240176,16,32768,3214.08
240192,16,32768,3213.95
240208,16,32768,3214.08
240224,16,32768,3214.08
240240,16,32768,3214.08
240256,16,32768,3214.08
240272,16,32768,3214.08
240288,16,32768,3214.08
240304,16,32768,3214.08
240320,16,32768,3214.08
240336,16,32768,3213.95
240352,16,32768,3213.95
240368,16,32768,3214.08
240384,16,32768,3214.08
240400,16,32768,3214.08
240416,16,32768,3214.08
240432,16,32768,3214.08
240448,16,32768,3214.08
240464,16,32768,3214.08
240480,16,32768,3214.08
240496,16,32768,3214.08
240512,16,32768,3213.95
240528,16,32768,3214.08
240544,16,32768,3214.08
240560,16,32768,3213.57
240576,16,32768,3214.08
240592,16,32768,3214.08
240608,16,32768,3214.08
240624,16,32768,3213.95
240640,16,32768,3214.08
240656,16,32768,3214.08
240672,16,32768,3214.08
240688,16,32768,3214.08
240704,16,32768,3214.08
240720,16,32768,3214.08
240736,16,32768,3214.08
240752,16,32768,3214.08
240768,16,32768,3214.08
240784,16,32768,3213.95
240800,16,32768,3214.08
240816,16,32768,3213.95
240832,16,32768,3213.95
240848,16,32768,3214.08
240864,16,32768,3214.08
240880,16,32768,3214.08
240896,16,32768,3214.08
240912,16,32768,3214.08
240928,16,32768,3214.08
240944,16,32768,3214.08
240960,16,32768,3213.95
240976,16,32768,3214.08
240992,16,32768,3214.08
241008,16,32768,3213.95
241024,16,32768,3214.08
241040,16,32768,3213.44
241056,16,32768,3214.08
241072,16,32768,3213.82
241088,16,32768,3214.08
241104,16,32768,3213.95
241120,16,32768,3214.08
241136,16,32768,3213.95
241152,16,32768,3214.08
241168,16,32768,3213.57
241184,16,32768,3213.82
241200,16,32768,3214.08
241216,16,32768,3214.08
241232,16,32768,3213.95
241248,16,32768,3214.08
241264,16,32768,3213.95
241280,16,32768,3214.08
241296,16,32768,3214.08
241312,16,32768,3214.08
241328,16,32768,3214.08
241344,16,32768,3214.08
241360,16,32768,3213.44
241376,16,32768,3214.08
241392,16,32768,3213.44
241408,16,32768,3214.08
241424,16,32768,3213.95
241440,16,32768,3214.08
241456,16,32768,3214.08
241472,16,32768,3214.08
241488,16,32768,3214.08
241504,16,32768,3213.95
241520,16,32768,3214.08
241536,16,32768,3214.08
241552,16,32768,3214.08
241568,16,32768,3214.08
241584,16,32768,3214.08
241600,16,32768,3214.08
241616,16,32768,3214.08
241632,16,32768,3213.95
241648,16,32768,3214.08
241664,16,32768,3214.08
241680,16,32768,3214.08
241696,16,32768,3214.08
241712,16,32768,3213.95
241728,16,32768,3214.08
241744,16,32768,3213.95
241760,16,32768,3214.08
241776,16,32768,3213.95
241792,16,32768,3213.95
241808,16,32768,3213.95
241824,16,32768,3214.08
241840,16,32768,3213.95
241856,16,32768,3213.95
241872,16,32768,3214.08
241888,16,32768,3214.08
241904,16,32768,3214.08
241920,16,32768,3214.08
241936,16,32768,3214.08
241952,16,32768,3214.08
241968,16,32768,3214.08
241984,16,32768,3213.82
242000,16,32768,3214.08
242016,16,32768,3214.08
242032,16,32768,3213.95
242048,16,32768,3214.08
242064,16,32768,3214.08
242080,16,32768,3214.08
242096,16,32768,3213.95
242112,16,32768,3214.08
242128,16,32768,3214.08
242144,16,32768,3213.95
242160,16,32768,3214.08
242176,16,32768,3213.95
242192,16,32768,3214.08
242208,16,32768,3214.08
242224,16,32768,3214.08
242240,16,32768,3213.95
242256,16,32768,3214.08
242272,16,32768,3213.95
242288,16,32768,3214.08
242304,16,32768,3213.95
242320,16,32768,3214.08
242336,16,32768,3214.08
242352,16,32768,3214.08
242368,16,32768,3214.08
242384,16,32768,3214.08
242400,16,32768,3214.08
242416,16,32768,3214.08
242432,16,32768,3213.95
242448,16,32768,3213.95
242464,16,32768,3214.08
242480,16,32768,3214.08
242496,16,32768,3214.08
242512,16,32768,3214.08
242528,16,32768,3213.95
242544,16,32768,3214.08
242560,16,32768,3214.08
242576,16,32768,3213.95
242592,16,32768,3213.95
242608,16,32768,3214.08
242624,16,32768,3214.08
242640,16,32768,3214.08
242656,16,32768,3214.08
242672,16,32768,3214.08
242688,16,32768,3214.08
242704,16,32768,3214.08
242720,16,32768,3213.95
242736,16,32768,3213.95
242752,16,32768,3213.95
242768,16,32768,3213.82
242784,16,32768,3214.08
242800,16,32768,3214.08
242816,16,32768,3214.08
242832,16,32768,3214.08
242848,16,32768,3214.08
242864,16,32768,3213.95
242880,16,32768,3214.08
242896,16,32768,3214.08
242912,16,32768,3214.08
242928,16,32768,3214.08
242944,16,32768,3214.08
242960,16,32768,3214.08
242976,16,32768,3213.95
242992,16,32768,3213.82
243008,16,32768,3214.08
243024,16,32768,3213.82
243040,16,32768,3214.08
243056,16,32768,3214.08
243072,16,32768,3214.08
243088,16,32768,3213.95
243104,16,32768,3214.08
243120,16,32768,3213.82
243136,16,32768,3214.08
243152,16,32768,3214.08
243168,16,32768,3214.08
243184,16,32768,3214.08
243200,16,32768,3213.95
243216,16,32768,3214.08
243232,16,32768,3213.95
243248,16,32768,3214.08
243264,16,32768,3213.82
243280,16,32768,3214.08
243296,16,32768,3213.95
243312,16,32768,3214.08
243328,16,32768,3214.08
243344,16,32768,3214.08
243360,16,32768,3214.08
243376,16,32768,3214.08
243392,16,32768,3214.08
243408,16,32768,3214.08
243424,16,32768,3214.08
243440,16,32768,3214.08
243456,16,32768,3214.08
243472,16,32768,3213.95
243488,16,32768,3214.08
243504,16,32768,3214.08
243520,16,32768,3213.95
243536,16,32768,3214.08
243552,16,32768,3213.95
243568,16,32768,3213.06
243584,16,32768,3214.08
243600,16,32768,3214.08
243616,16,32768,3214.08
243632,16,32768,3214.08
243648,16,32768,3214.08
243664,16,32768,3213.95
243680,16,32768,3214.08
243696,16,32768,3214.08
243712,16,32768,3214.08
243728,16,32768,3213.95
243744,16,32768,3214.08
243760,16,32768,3214.08
243776,16,32768,3213.57
243792,16,32768,3214.08
243808,16,32768,3214.08
243824,16,32768,3214.08
243840,16,32768,3214.08
243856,16,32768,3214.08
243872,16,32768,3214.08
243888,16,32768,3214.08
243904,16,32768,3214.08
243920,16,32768,3214.08
243936,16,32768,3213.95
243952,16,32768,3214.08
243968,16,32768,3213.57
243984,16,32768,3214.08
244000,16,32768,3214.08
244016,16,32768,3214.08
244032,16,32768,3214.08
244048,16,32768,3214.08
244064,16,32768,3214.08
244080,16,32768,3213.95
244096,16,32768,3214.08
244112,16,32768,3214.08
244128,16,32768,3214.08
244144,16,32768,3214.08
244160,16,32768,3214.08
244176,16,32768,3213.95
244192,16,32768,3214.08
244208,16,32768,3213.95
244224,16,32768,3213.95
244240,16,32768,3214.08
244256,16,32768,3214.08
244272,16,32768,3214.08
244288,16,32768,3214.08
244304,16,32768,3214.08
244320,16,32768,3214.08
244336,16,32768,3214.08
244352,16,32768,3214.08
244368,16,32768,3214.08
244384,16,32768,3214.08
244400,16,32768,3213.95
244416,16,32768,3214.08
244432,16,32768,3214.08
244448,16,32768,3214.08
244464,16,32768,3214.08
244480,16,32768,3214.08
244496,16,32768,3214.08
244512,16,32768,3214.08
244528,16,32768,3214.08
244544,16,32768,3214.08
244560,16,32768,3214.08
244576,16,32768,3214.08
244592,16,32768,3214.08
244608,16,32768,3214.08
244624,16,32768,3214.08
244640,16,32768,3214.08
244656,16,32768,3214.08
244672,16,32768,3213.95
244688,16,32768,3213.95
244704,16,32768,3214.08
244720,16,32768,3214.08
244736,16,32768,3214.08
244752,16,32768,3214.08
244768,16,32768,3214.08
244784,16,32768,3214.08
244800,16,32768,3214.08
244816,16,32768,3213.95
244832,16,32768,3213.95
244848,16,32768,3214.08
244864,16,32768,3214.08
244880,16,32768,3213.95
244896,16,32768,3213.82
244912,16,32768,3214.08
244928,16,32768,3213.95
244944,16,32768,3214.08
244960,16,32768,3214.08
244976,16,32768,3214.08
244992,16,32768,3214.08
245008,16,32768,3213.95
245024,16,32768,3213.95
245040,16,32768,3214.08
245056,16,32768,3214.08
245072,16,32768,3213.95
245088,16,32768,3214.08
245104,16,32768,3213.95
245120,16,32768,3214.08
245136,16,32768,3214.08
245152,16,32768,3214.08
245168,16,32768,3213.95
245184,16,32768,3214.08
245200,16,32768,3214.08
245216,16,32768,3214.08
245232,16,32768,3214.08
245248,16,32768,3214.08
245264,16,32768,3214.08
245280,16,32768,3213.95
245296,16,32768,3214.08
245312,16,32768,3213.95
245328,16,32768,3214.08
245344,16,32768,3214.08
245360,16,32768,3214.08
245376,16,32768,3214.08
245392,16,32768,3214.08
245408,16,32768,3214.08
245424,16,32768,3214.08
245440,16,32768,3214.08
245456,16,32768,3214.08
245472,16,32768,3214.08
245488,16,32768,3214.08
245504,16,32768,3214.08
245520,16,32768,3214.08
245536,16,32768,3214.08
245552,16,32768,3214.08
245568,16,32768,3214.08
245584,16,32768,3213.82
245600,16,32768,3213.95
245616,16,32768,3214.08
245632,16,32768,3214.08
245648,16,32768,3214.08
245664,16,32768,3213.95
245680,16,32768,3214.08
245696,16,32768,3214.08
245712,16,32768,3214.08
245728,16,32768,3214.08
245744,16,32768,3214.08
245760,16,32768,3213.95
245776,16,32768,3213.95
245792,16,32768,3214.08
245808,16,32768,3213.95
245824,16,32768,3214.08
245840,16,32768,3213.95
245856,16,32768,3213.06
245872,16,32768,3213.06
245888,16,32768,3213.06
245904,16,32768,3213.95
245920,16,32768,3214.08
245936,16,32768,3214.08
245952,16,32768,3213.95
245968,16,32768,3214.08
245984,16,32768,3213.95
246000,16,32768,3214.08
246016,16,32768,3213.95
246032,16,32768,3214.08
246048,16,32768,3214.08
246064,16,32768,3213.82
246080,16,32768,3214.08
246096,16,32768,3214.08
246112,16,32768,3213.95
246128,16,32768,3214.08
246144,16,32768,3214.08
246160,16,32768,3214.08
246176,16,32768,3214.08
246192,16,32768,3214.08
246208,16,32768,3214.08
246224,16,32768,3214.08
246240,16,32768,3214.08
246256,16,32768,3214.08
246272,16,32768,3214.08
246288,16,32768,3213.95
246304,16,32768,3213.95
246320,16,32768,3213.95
246336,16,32768,3214.08
246352,16,32768,3214.08
246368,16,32768,3214.08
246384,16,32768,3214.08
246400,16,32768,3214.08
246416,16,32768,3213.95
246432,16,32768,3213.95
246448,16,32768,3214.08
246464,16,32768,3214.08
246480,16,32768,3214.08
246496,16,32768,3214.08
246512,16,32768,3214.08
246528,16,32768,3214.08
246544,16,32768,3214.08
246560,16,32768,3214.08
246576,16,32768,3214.08
246592,16,32768,3213.95
246608,16,32768,3213.95
246624,16,32768,3214.08
246640,16,32768,3214.08
246656,16,32768,3213.95
246672,16,32768,3214.08
246688,16,32768,3214.08
246704,16,32768,3214.08
246720,16,32768,3213.95
246736,16,32768,3214.08
246752,16,32768,3213.95
246768,16,32768,3213.95
246784,16,32768,3214.08
246800,16,32768,3214.08
246816,16,32768,3214.08
246832,16,32768,3214.08
246848,16,32768,3214.08
246864,16,32768,3214.08
246880,16,32768,3214.08
246896,16,32768,3214.08
246912,16,32768,3213.95
246928,16,32768,3214.08
246944,16,32768,3214.08
246960,16,32768,3214.08
246976,16,32768,3213.95
246992,16,32768,3213.95
247008,16,32768,3213.44
247024,16,32768,3214.08
247040,16,32768,3214.08
247056,16,32768,3214.08
247072,16,32768,3214.08
247088,16,32768,3214.08
247104,16,32768,3214.08
247120,16,32768,3214.08
247136,16,32768,3214.08
247152,16,32768,3214.08
247168,16,32768,3213.95
247184,16,32768,3214.08
247200,16,32768,3214.08
247216,16,32768,3214.08
247232,16,32768,3214.08
247248,16,32768,3214.08
247264,16,32768,3214.08
247280,16,32768,3214.08
247296,16,32768,3214.08
247312,16,32768,3213.95
247328,16,32768,3213.95
247344,16,32768,3213.95
247360,16,32768,3214.08
247376,16,32768,3213.82
247392,16,32768,3214.08
247408,16,32768,3214.08
247424,16,32768,3214.08
247440,16,32768,3214.08
247456,16,32768,3214.08
247472,16,32768,3213.95
247488,16,32768,3214.08
247504,16,32768,3214.08
247520,16,32768,3214.08
247536,16,32768,3214.08
247552,16,32768,3214.08
247568,16,32768,3214.08
247584,16,32768,3214.08
247600,16,32768,3214.08
247616,16,32768,3214.08
247632,16,32768,3214.08
247648,16,32768,3214.08
247664,16,32768,3214.08
247680,16,32768,3214.08
247696,16,32768,3214.08
247712,16,32768,3214.08
247728,16,32768,3214.08
247744,16,32768,3214.08
247760,16,32768,3214.08
247776,16,32768,3214.08
247792,16,32768,3214.08
247808,16,32768,3213.95
247824,16,32768,3214.08
247840,16,32768,3214.08
247856,16,32768,3214.08
247872,16,32768,3214.08
247888,16,32768,3213.95
247904,16,32768,3214.08
247920,16,32768,3214.08
247936,16,32768,3214.08
247952,16,32768,3214.08
247968,16,32768,3214.08
247984,16,32768,3214.08
248000,16,32768,3214.08
248016,16,32768,3214.08
248032,16,32768,3214.08
248048,16,32768,3214.08
248064,16,32768,3214.08
248080,16,32768,3214.08
248096,16,32768,3214.08
248112,16,32768,3213.06
248128,16,32768,3213.06
248144,16,32768,3213.06
248160,16,32768,3213.82
248176,16,32768,3214.08
248192,16,32768,3214.08
248208,16,32768,3213.44
248224,16,32768,3213.82
248240,16,32768,3213.95
248256,16,32768,3213.44
248272,16,32768,3213.06
248288,16,32768,3213.06
248304,16,32768,3213.06
248320,16,32768,3213.06
248336,16,32768,3213.44
248352,16,32768,3213.82
248368,16,32768,3213.06
248384,16,32768,3213.06
248400,16,32768,3213.44
248416,16,32768,3213.06
248432,16,32768,3214.08
248448,16,32768,3213.06
248464,16,32768,3213.44
248480,16,32768,3213.06
248496,16,32768,3213.06
248512,16,32768,3213.06
248528,16,32768,3213.06
248544,16,32768,3213.44
248560,16,32768,3214.08
248576,16,32768,3213.44
248592,16,32768,3213.06
248608,16,32768,3213.06
248624,16,32768,3213.57
248640,16,32768,3213.06
248656,16,32768,3213.06
248672,16,32768,3213.06
248688,16,32768,3213.95
248704,16,32768,3213.06
248720,16,32768,3213.06
248736,16,32768,3213.06
248752,16,32768,3213.06
248768,16,32768,3213.06
248784,16,32768,3213.44
248800,16,32768,3213.06
248816,16,32768,3213.44
248832,16,32768,3213.06
248848,16,32768,3213.06
248864,16,32768,3213.06
248880,16,32768,3213.06
248896,16,32768,3213.44
248912,16,32768,3213.06
248928,16,32768,3213.57
248944,16,32768,3213.06
248960,16,32768,3213.06
248976,16,32768,3213.06
248992,16,32768,3213.06
249008,16,32768,3213.06
249024,16,32768,3213.06
249040,16,32768,3213.06
249056,16,32768,3213.57
249072,16,32768,3213.06
249088,16,32768,3213.06
249104,16,32768,3213.06
249120,16,32768,3213.44
249136,16,32768,3213.06
249152,16,32768,3213.06
249168,16,32768,3214.08
249184,16,32768,3214.08
249200,16,32768,3214.08
249216,16,32768,3213.95
249232,16,32768,3214.08
249248,16,32768,3213.95
249264,16,32768,3213.95
249280,16,32768,3214.08
249296,16,32768,3213.95
249312,16,32768,3214.08
249328,16,32768,3213.95
249344,16,32768,3214.08
249360,16,32768,3213.57
249376,16,32768,3213.95
249392,16,32768,3214.08
249408,16,32768,3214.08
249424,16,32768,3214.08
249440,16,32768,3214.08
249456,16,32768,3213.95
249472,16,32768,3214.08
249488,16,32768,3214.08
249504,16,32768,3214.08
249520,16,32768,3214.08
249536,16,32768,3214.08
249552,16,32768,3214.08
249568,16,32768,3213.82
249584,16,32768,3214.08
249600,16,32768,3214.08
249616,16,32768,3214.08
249632,16,32768,3214.08
249648,16,32768,3213.95
249664,16,32768,3214.08
249680,16,32768,3213.95
249696,16,32768,3214.08
249712,16,32768,3214.08
249728,16,32768,3214.08
249744,16,32768,3213.95
249760,16,32768,3213.95
249776,16,32768,3213.06
249792,16,32768,3213.06
249808,16,32768,3214.08
249824,16,32768,3213.95
249840,16,32768,3214.08
249856,16,32768,3213.95
249872,16,32768,3214.08
249888,16,32768,3214.08
249904,16,32768,3214.08
249920,16,32768,3214.08
249936,16,32768,3214.08
249952,16,32768,3214.08
249968,16,32768,3214.08
249984,16,32768,3214.08
250000,16,32768,3213.95
250016,16,32768,3214.08
250032,16,32768,3214.08
250048,16,32768,3214.08
250064,16,32768,3214.08
250080,16,32768,3214.08
250096,16,32768,3214.08
250112,16,32768,3213.95
250128,16,32768,3214.08
250144,16,32768,3214.08
250160,16,32768,3213.95
250176,16,32768,3213.95
250192,16,32768,3214.08
250208,16,32768,3214.08
250224,16,32768,3214.08
250240,16,32768,3214.08
250256,16,32768,3214.08
250272,16,32768,3214.08
250288,16,32768,3213.82
250304,16,32768,3214.08
250320,16,32768,3213.95
250336,16,32768,3214.08
250352,16,32768,3214.08
250368,16,32768,3214.08
250384,16,32768,3213.95
250400,16,32768,3214.08
250416,16,32768,3213.95
250432,16,32768,3214.08
250448,16,32768,3214.08
250464,16,32768,3214.08
250480,16,32768,3214.08
250496,16,32768,3214.08
250512,16,32768,3214.08
250528,16,32768,3214.08
250544,16,32768,3214.08
250560,16,32768,3213.95
250576,16,32768,3213.95
250592,16,32768,3214.08
250608,16,32768,3214.08
250624,16,32768,3214.08
250640,16,32768,3214.08
250656,16,32768,3213.95
250672,16,32768,3214.08
250688,16,32768,3213.95
250704,16,32768,3214.08
250720,16,32768,3214.08
250736,16,32768,3214.08
250752,16,32768,3214.08
250768,16,32768,3213.95
250784,16,32768,3213.82
250800,16,32768,3214.08
250816,16,32768,3214.08
250832,16,32768,3214.08
250848,16,32768,3214.08
250864,16,32768,3214.08
250880,16,32768,3213.82
250896,16,32768,3213.57
250912,16,32768,3214.08
250928,16,32768,3214.08
250944,16,32768,3214.08
250960,16,32768,3213.95
250976,16,32768,3214.08
250992,16,32768,3214.08
251008,16,32768,3214.08
251024,16,32768,3214.08
251040,16,32768,3214.08
251056,16,32768,3213.95
251072,16,32768,3214.08
251088,16,32768,3213.95
251104,16,32768,3214.08
251120,16,32768,3214.08
251136,16,32768,3214.08
251152,16,32768,3214.08
251168,16,32768,3214.08
251184,16,32768,3214.08
251200,16,32768,3214.08
251216,16,32768,3214.08
251232,16,32768,3214.08
251248,16,32768,3213.95
251264,16,32768,3214.08
251280,16,32768,3214.08
251296,16,32768,3213.95
251312,16,32768,3214.08
251328,16,32768,3214.08
251344,16,32768,3214.08
251360,16,32768,3214.08
251376,16,32768,3214.08
251392,16,32768,3214.08
251408,16,32768,3214.08
251424,16,32768,3213.95
251440,16,32768,3213.95
251456,16,32768,3214.08
251472,16,32768,3214.08
251488,16,32768,3214.08
251504,16,32768,3214.08
251520,16,32768,3214.08
251536,16,32768,3214.08
251552,16,32768,3214.08
251568,16,32768,3214.08
251584,16,32768,3213.95
251600,16,32768,3213.95
251616,16,32768,3213.82
251632,16,32768,3214.08
251648,16,32768,3213.82
251664,16,32768,3214.08
251680,16,32768,3214.08
251696,16,32768,3213.44
251712,16,32768,3214.08
251728,16,32768,3213.95
251744,16,32768,3214.08
251760,16,32768,3214.08
251776,16,32768,3214.08
251792,16,32768,3214.08
251808,16,32768,3214.08
251824,16,32768,3214.08
251840,16,32768,3214.08
251856,16,32768,3214.08
251872,16,32768,3214.08
251888,16,32768,3214.08
251904,16,32768,3214.08
251920,16,32768,3213.95
251936,16,32768,3213.82
251952,16,32768,3213.95
251968,16,32768,3214.08
251984,16,32768,3214.08
252000,16,32768,3213.82
252016,16,32768,3214.08
252032,16,32768,3214.08
252048,16,32768,3214.08
252064,16,32768,3214.08
252080,16,32768,3214.08
252096,16,32768,3213.95
252112,16,32768,3214.08
252128,16,32768,3214.08
252144,16,32768,3213.95
252160,16,32768,3214.08
252176,16,32768,3214.08
252192,16,32768,3214.08
252208,16,32768,3214.08
252224,16,32768,3214.08
252240,16,32768,3214.08
252256,16,32768,3214.08
252272,16,32768,3214.08
252288,16,32768,3213.95
252304,16,32768,3214.08
252320,16,32768,3214.08
252336,16,32768,3214.08
252352,16,32768,3213.95
252368,16,32768,3214.08
252384,16,32768,3214.08
252400,16,32768,3214.08
252416,16,32768,3214.08
252432,16,32768,3214.08
252448,16,32768,3214.08
252464,16,32768,3214.08
252480,16,32768,3214.08
252496,16,32768,3214.08
252512,16,32768,3213.95
252528,16,32768,3213.95
252544,16,32768,3213.95
252560,16,32768,3214.08
252576,16,32768,3214.08
252592,16,32768,3214.08
252608,16,32768,3213.95
252624,16,32768,3213.95
252640,16,32768,3214.08
252656,16,32768,3214.08
252672,16,32768,3213.95
252688,16,32768,3214.08
252704,16,32768,3214.08
252720,16,32768,3214.08
252736,16,32768,3213.44
252752,16,32768,3213.95
252768,16,32768,3213.06
252784,16,32768,3213.06
252800,16,32768,3213.44
252816,16,32768,3213.06
252832,16,32768,3213.06
252848,16,32768,3213.06
252864,16,32768,3214.08
252880,16,32768,3214.08
252896,16,32768,3214.08
252912,16,32768,3213.95
252928,16,32768,3213.95
252944,16,32768,3213.95
252960,16,32768,3214.08
252976,16,32768,3214.08
252992,16,32768,3214.08
253008,16,32768,3213.95
253024,16,32768,3213.95
253040,16,32768,3214.08
253056,16,32768,3213.95
253072,16,32768,3214.08
253088,16,32768,3213.95
253104,16,32768,3214.08
253120,16,32768,3214.08
253136,16,32768,3214.08
253152,16,32768,3214.08
253168,16,32768,3213.06
253184,16,32768,3213.95
253200,16,32768,3213.95
253216,16,32768,3214.08
253232,16,32768,3213.95
253248,16,32768,3214.08
253264,16,32768,3213.95
253280,16,32768,3214.08
253296,16,32768,3213.95
253312,16,32768,3214.08
253328,16,32768,3214.08
253344,16,32768,3214.08
253360,16,32768,3214.08
253376,16,32768,3214.08
253392,16,32768,3214.08
253408,16,32768,3214.08
253424,16,32768,3214.08
253440,16,32768,3214.08
253456,16,32768,3214.08
253472,16,32768,3214.08
253488,16,32768,3214.08
253504,16,32768,3214.08
253520,16,32768,3214.08
253536,16,32768,3214.08
253552,16,32768,3214.08
253568,16,32768,3213.95
253584,16,32768,3214.08
253600,16,32768,3213.95
253616,16,32768,3214.08
253632,16,32768,3214.08
253648,16,32768,3213.95
253664,16,32768,3213.82
253680,16,32768,3213.95
253696,16,32768,3214.08
253712,16,32768,3214.08
253728,16,32768,3214.08
253744,16,32768,3214.08
253760,16,32768,3214.08
253776,16,32768,3214.08
253792,16,32768,3214.08
253808,16,32768,3214.08
253824,16,32768,3214.08
253840,16,32768,3214.08
253856,16,32768,3214.08
253872,16,32768,3214.08
253888,16,32768,3213.95
253904,16,32768,3214.08
253920,16,32768,3214.08
253936,16,32768,3213.82
253952,16,32768,3214.08
253968,16,32768,3214.08
253984,16,32768,3213.95
254000,16,32768,3214.08
254016,16,32768,3214.08
254032,16,32768,3214.08
254048,16,32768,3214.08
254064,16,32768,3214.08
254080,16,32768,3214.08
254096,16,32768,3214.08
254112,16,32768,3213.95
254128,16,32768,3214.08
254144,16,32768,3214.08
254160,16,32768,3214.08
254176,16,32768,3213.95
254192,16,32768,3213.95
254208,16,32768,3213.95
254224,16,32768,3214.08
254240,16,32768,3214.08
254256,16,32768,3214.08
254272,16,32768,3214.08
254288,16,32768,3214.08
254304,16,32768,3214.08
254320,16,32768,3213.82
254336,16,32768,3214.08
254352,16,32768,3214.08
254368,16,32768,3214.08
254384,16,32768,3214.08
254400,16,32768,3213.95
254416,16,32768,3214.08
254432,16,32768,3214.08
254448,16,32768,3213.95
254464,16,32768,3214.08
254480,16,32768,3214.08
254496,16,32768,3214.08
254512,16,32768,3213.82
254528,16,32768,3213.95
254544,16,32768,3213.95
254560,16,32768,3214.08
254576,16,32768,3214.08
254592,16,32768,3214.08
254608,16,32768,3214.08
254624,16,32768,3213.95
254640,16,32768,3214.08
254656,16,32768,3214.08
254672,16,32768,3214.08
254688,16,32768,3213.95
254704,16,32768,3214.08
254720,16,32768,3214.08
254736,16,32768,3214.08
254752,16,32768,3214.08
254768,16,32768,3214.08
254784,16,32768,3214.08
254800,16,32768,3213.82
254816,16,32768,3214.08
254832,16,32768,3214.08
254848,16,32768,3214.08
254864,16,32768,3214.08
254880,16,32768,3214.08
254896,16,32768,3214.08
254912,16,32768,3214.08
254928,16,32768,3213.95
254944,16,32768,3214.08
254960,16,32768,3213.95
254976,16,32768,3213.44
254992,16,32768,3214.08
255008,16,32768,3214.08
255024,16,32768,3213.95
255040,16,32768,3214.08
255056,16,32768,3214.08
255072,16,32768,3214.08
255088,16,32768,3213.95
255104,16,32768,3214.08
255120,16,32768,3213.95
255136,16,32768,3214.08
255152,16,32768,3214.08
255168,16,32768,3213.95
255184,16,32768,3213.95
255200,16,32768,3214.08
255216,16,32768,3214.08
255232,16,32768,3213.82
255248,16,32768,3213.95
255264,16,32768,3214.08
255280,16,32768,3214.08
255296,16,32768,3214.08
255312,16,32768,3214.08
255328,16,32768,3214.08
255344,16,32768,3214.08
255360,16,32768,3213.95
255376,16,32768,3213.95
255392,16,32768,3213.95
255408,16,32768,3214.08
255424,16,32768,3214.08
255440,16,32768,3213.95
255456,16,32768,3214.08
255472,16,32768,3213.95
255488,16,32768,3214.08
255504,16,32768,3214.08
255520,16,32768,3214.08
255536,16,32768,3213.95
255552,16,32768,3213.95
255568,16,32768,3213.44
255584,16,32768,3214.08
255600,16,32768,3214.08
255616,16,32768,3214.08
255632,16,32768,3214.08
255648,16,32768,3213.95
255664,16,32768,3214.08
255680,16,32768,3214.08
255696,16,32768,3214.08
255712,16,32768,3214.08
255728,16,32768,3214.08
255744,16,32768,3214.08
255760,16,32768,3214.08
255776,16,32768,3214.08
255792,16,32768,3214.08
255808,16,32768,3214.08
255824,16,32768,3214.08
255840,16,32768,3213.95
255856,16,32768,3214.08
255872,16,32768,3214.08
255888,16,32768,3213.95
255904,16,32768,3214.08
255920,16,32768,3213.95
255936,16,32768,3213.95
255952,16,32768,3214.08
255968,16,32768,3214.08
255984,16,32768,3214.08
256000,16,32768,3214.08
256016,16,32768,3214.08
256032,16,32768,3213.95
256048,16,32768,3213.95
256064,16,32768,3214.08
256080,16,32768,3214.08
256096,16,32768,3214.08
256112,16,32768,3213.95
256128,16,32768,3214.08
256144,16,32768,3214.08
256160,16,32768,3214.08
256176,16,32768,3213.95
256192,16,32768,3214.08
256208,16,32768,3214.08
256224,16,32768,3214.08
256240,16,32768,3214.08
256256,16,32768,3214.08
256272,16,32768,3213.95
256288,16,32768,3214.08
256304,16,32768,3214.08
256320,16,32768,3214.08
256336,16,32768,3214.08
256352,16,32768,3214.08
256368,16,32768,3213.95
256384,16,32768,3213.95
256400,16,32768,3214.08
256416,16,32768,3214.08
256432,16,32768,3214.08
256448,16,32768,3213.95
256464,16,32768,3213.95
256480,16,32768,3214.08
256496,16,32768,3213.95
256512,16,32768,3213.95
256528,16,32768,3214.08
256544,16,32768,3213.95
256560,16,32768,3214.08
256576,16,32768,3214.08
256592,16,32768,3214.08
256608,16,32768,3214.08
256624,16,32768,3213.95
256640,16,32768,3214.08
256656,16,32768,3214.08
256672,16,32768,3214.08
256688,16,32768,3213.95
256704,16,32768,3213.95
256720,16,32768,3214.08
256736,16,32768,3214.08
256752,16,32768,3214.08
256768,16,32768,3214.08
256784,16,32768,3213.95
256800,16,32768,3213.95
256816,16,32768,3214.08
256832,16,32768,3214.08
256848,16,32768,3214.08
256864,16,32768,3214.08
256880,16,32768,3213.95
256896,16,32768,3214.08
256912,16,32768,3214.08
256928,16,32768,3214.08
256944,16,32768,3213.95
256960,16,32768,3214.08
256976,16,32768,3214.08
256992,16,32768,3213.95
257008,16,32768,3214.08
257024,16,32768,3214.08
257040,16,32768,3214.08
257056,16,32768,3214.08
257072,16,32768,3213.95
257088,16,32768,3214.08
257104,16,32768,3214.08
257120,16,32768,3214.08
257136,16,32768,3214.08
257152,16,32768,3214.08
257168,16,32768,3214.08
257184,16,32768,3214.08
257200,16,32768,3214.08
257216,16,32768,3214.08
257232,16,32768,3214.08
257248,16,32768,3214.08
257264,16,32768,3213.95
257280,16,32768,3214.08
257296,16,32768,3213.95
257312,16,32768,3213.95
257328,16,32768,3213.95
257344,16,32768,3214.08
257360,16,32768,3214.08
257376,16,32768,3214.08
257392,16,32768,3214.08
257408,16,32768,3214.08
257424,16,32768,3213.95
257440,16,32768,3214.08
257456,16,32768,3214.08
257472,16,32768,3213.95
257488,16,32768,3214.08
257504,16,32768,3213.95
257520,16,32768,3214.08
257536,16,32768,3214.08
257552,16,32768,3213.95
257568,16,32768,3214.08
257584,16,32768,3214.08
257600,16,32768,3213.95
257616,16,32768,3214.08
257632,16,32768,3214.08
257648,16,32768,3213.82
257664,16,32768,3214.08
257680,16,32768,3214.08
257696,16,32768,3214.08
257712,16,32768,3214.08
257728,16,32768,3213.95
257744,16,32768,3213.82
257760,16,32768,3214.08
257776,16,32768,3214.08
257792,16,32768,3214.08
257808,16,32768,3214.08
257824,16,32768,3213.95
257840,16,32768,3213.95
257856,16,32768,3213.95
257872,16,32768,3214.08
257888,16,32768,3214.08
257904,16,32768,3213.95
257920,16,32768,3214.08
257936,16,32768,3213.95
257952,16,32768,3213.95
257968,16,32768,3214.08
257984,16,32768,3214.08
258000,16,32768,3214.08
258016,16,32768,3214.08
258032,16,32768,3214.08
258048,16,32768,3214.08
258064,16,32768,3213.95
258080,16,32768,3214.08
258096,16,32768,3213.95
258112,16,32768,3213.95
258128,16,32768,3213.95
258144,16,32768,3214.08
258160,16,32768,3214.08
258176,16,32768,3213.95
258192,16,32768,3213.95
258208,16,32768,3214.08
258224,16,32768,3214.08
258240,16,32768,3213.44
258256,16,32768,3213.95
258272,16,32768,3214.08
258288,16,32768,3214.08
258304,16,32768,3214.08
258320,16,32768,3214.08
258336,16,32768,3213.82
258352,16,32768,3214.08
258368,16,32768,3214.08
258384,16,32768,3214.08
258400,16,32768,3214.08
258416,16,32768,3214.08
258432,16,32768,3214.08
258448,16,32768,3214.08
258464,16,32768,3214.08
258480,16,32768,3214.08
258496,16,32768,3213.95
258512,16,32768,3214.08
258528,16,32768,3214.08
258544,16,32768,3214.08
258560,16,32768,3213.95
258576,16,32768,3214.08
258592,16,32768,3213.95
258608,16,32768,3214.08
258624,16,32768,3213.95
258640,16,32768,3214.08
258656,16,32768,3214.08
258672,16,32768,3213.95
258688,16,32768,3214.08
258704,16,32768,3213.44
258720,16,32768,3214.08
258736,16,32768,3214.08
258752,16,32768,3213.95
258768,16,32768,3214.08
258784,16,32768,3214.08
258800,16,32768,3213.95
258816,16,32768,3214.08
258832,16,32768,3214.08
258848,16,32768,3214.08
258864,16,32768,3214.08
258880,16,32768,3214.08
258896,16,32768,3214.08
258912,16,32768,3213.82
258928,16,32768,3214.08
258944,16,32768,3214.08
258960,16,32768,3214.08
258976,16,32768,3214.08
258992,16,32768,3214.08
259008,16,32768,3214.08
259024,16,32768,3214.08
259040,16,32768,3214.08
259056,16,32768,3214.08
259072,16,32768,3214.08
259088,16,32768,3214.08
259104,16,32768,3214.08
259120,16,32768,3214.08
259136,16,32768,3214.08
259152,16,32768,3214.08
259168,16,32768,3213.44
259184,16,32768,3213.95
259200,16,32768,3214.08
259216,16,32768,3213.95
259232,16,32768,3214.08
259248,16,32768,3213.95
259264,16,32768,3213.95
259280,16,32768,3214.08
259296,16,32768,3214.08
259312,16,32768,3214.08
259328,16,32768,3213.95
259344,16,32768,3214.08
259360,16,32768,3213.95
259376,16,32768,3214.08
259392,16,32768,3213.95
259408,16,32768,3214.08
259424,16,32768,3214.08
259440,16,32768,3214.08
259456,16,32768,3214.08
259472,16,32768,3214.08
259488,16,32768,3213.95
259504,16,32768,3214.08
259520,16,32768,3213.95
259536,16,32768,3214.08
259552,16,32768,3214.08
259568,16,32768,3214.08
259584,16,32768,3213.95
259600,16,32768,3214.08
259616,16,32768,3214.08
259632,16,32768,3214.08
259648,16,32768,3213.95
259664,16,32768,3213.95
259680,16,32768,3214.08
259696,16,32768,3214.08
259712,16,32768,3214.08
259728,16,32768,3214.08
259744,16,32768,3214.08
259760,16,32768,3214.08
259776,16,32768,3214.08
259792,16,32768,3214.08
259808,16,32768,3214.08
259824,16,32768,3214.08
259840,16,32768,3214.08
259856,16,32768,3213.95
259872,16,32768,3214.08
259888,16,32768,3214.08
259904,16,32768,3214.08
259920,16,32768,3214.08
259936,16,32768,3214.08
259952,16,32768,3214.08
259968,16,32768,3214.08
259984,16,32768,3213.95
260000,16,32768,3213.95
260016,16,32768,3214.08
260032,16,32768,3213.95
260048,16,32768,3214.08
260064,16,32768,3214.08
260080,16,32768,3214.08
260096,16,32768,3213.95
260112,16,32768,3214.08
260128,16,32768,3213.82
260144,16,32768,3214.08
260160,16,32768,3214.08
260176,16,32768,3213.95
260192,16,32768,3213.95
260208,16,32768,3214.08
260224,16,32768,3213.57
260240,16,32768,3214.08
260256,16,32768,3214.08
260272,16,32768,3214.08
260288,16,32768,3214.08
260304,16,32768,3214.08
260320,16,32768,3214.08
260336,16,32768,3214.08
260352,16,32768,3214.08
260368,16,32768,3214.08
260384,16,32768,3213.95
260400,16,32768,3214.08
260416,16,32768,3213.95
260432,16,32768,3214.08
260448,16,32768,3213.95
260464,16,32768,3213.95
260480,16,32768,3214.08
260496,16,32768,3214.08
260512,16,32768,3214.08
260528,16,32768,3214.08
260544,16,32768,3214.08
260560,16,32768,3214.08
260576,16,32768,3214.08
260592,16,32768,3213.95
260608,16,32768,3213.95
260624,16,32768,3214.08
260640,16,32768,3214.08
260656,16,32768,3214.08
260672,16,32768,3213.95
260688,16,32768,3214.08
260704,16,32768,3214.08
260720,16,32768,3214.08
260736,16,32768,3213.95
260752,16,32768,3214.08
260768,16,32768,3214.08
260784,16,32768,3214.08
260800,16,32768,3214.08
260816,16,32768,3214.08
260832,16,32768,3214.08
260848,16,32768,3214.08
260864,16,32768,3214.08
260880,16,32768,3214.08
260896,16,32768,3213.95
260912,16,32768,3214.08
260928,16,32768,3214.08
260944,16,32768,3214.08
260960,16,32768,3213.95
260976,16,32768,3214.08
260992,16,32768,3214.08
261008,16,32768,3214.08
261024,16,32768,3214.08
261040,16,32768,3213.95
261056,16,32768,3214.08
261072,16,32768,3213.95
261088,16,32768,3214.08
261104,16,32768,3213.95
261120,16,32768,3214.08
261136,16,32768,3213.95
261152,16,32768,3214.08
261168,16,32768,3214.08
261184,16,32768,3214.08
261200,16,32768,3214.08
261216,16,32768,3214.08
261232,16,32768,3214.08
261248,16,32768,3214.08
261264,16,32768,3213.95
261280,16,32768,3213.95
261296,16,32768,3214.08
261312,16,32768,3213.95
261328,16,32768,3213.95
261344,16,32768,3214.08
261360,16,32768,3214.08
261376,16,32768,3214.08
261392,16,32768,3214.08
261408,16,32768,3214.08
261424,16,32768,3213.82
261440,16,32768,3213.95
261456,16,32768,3213.95
261472,16,32768,3214.08
261488,16,32768,3214.08
261504,16,32768,3214.08
261520,16,32768,3214.08
261536,16,32768,3214.08
261552,16,32768,3214.08
261568,16,32768,3214.08
261584,16,32768,3214.08
261600,16,32768,3213.95
261616,16,32768,3214.08
261632,16,32768,3214.08
261648,16,32768,3214.08
261664,16,32768,3214.08
261680,16,32768,3214.08
261696,16,32768,3214.08
261712,16,32768,3214.08
261728,16,32768,3214.08
261744,16,32768,3214.08
261760,16,32768,3214.08
261776,16,32768,3214.08
261792,16,32768,3214.08
261808,16,32768,3214.08
261824,16,32768,3214.08
261840,16,32768,3214.08
261856,16,32768,3213.95
261872,16,32768,3214.08
261888,16,32768,3214.08
261904,16,32768,3214.08
261920,16,32768,3214.08
261936,16,32768,3214.08
261952,16,32768,3214.08
261968,16,32768,3214.08
261984,16,32768,3213.44
262000,16,32768,3213.95
262016,16,32768,3213.95
262032,16,32768,3214.08
262048,16,32768,3214.08
262064,16,32768,3214.08
262080,16,32768,3213.95
262096,16,32768,3213.95
262112,16,32768,3213.95
262128,16,32768,3214.08
262144,16,32768,3214.08
